# Blender v2.83.10 OBJ File: 'Bathroom_implements.blend'
# www.blender.org
mtllib Ershik.mtl
v -0.034184 -2.072722 -0.023010
v -0.034298 -2.072722 -0.022649
v -0.177734 -2.072722 -0.052966
v -0.168930 -2.072722 -0.080717
v -0.034340 -2.072722 -0.022272
v -0.180954 -2.072722 -0.024030
v -0.034308 -2.072722 -0.021895
v -0.178490 -2.072731 0.004987
v -0.034230 -2.072796 -0.021519
v -0.172515 -2.073610 0.033906
v -0.034028 -2.072722 -0.021196
v -0.156970 -2.072722 0.058791
v -0.033792 -2.072722 -0.020900
v -0.138786 -2.072722 0.081529
v -0.033502 -2.072722 -0.020656
v -0.116516 -2.072722 0.100281
v -0.033171 -2.072722 -0.020474
v -0.091015 -2.072722 0.114330
v -0.032809 -2.072722 -0.020359
v -0.063263 -2.072722 0.123133
v -0.032433 -2.072722 -0.020317
v -0.034328 -2.072722 0.126353
v -0.032056 -2.072722 -0.020349
v -0.005320 -2.072722 0.123866
v -0.031692 -2.072722 -0.020455
v 0.022645 -2.072722 0.115768
v -0.031356 -2.072722 -0.020629
v 0.048493 -2.072722 0.102369
v -0.031060 -2.072725 -0.020865
v 0.071275 -2.072760 0.084224
v -0.030814 -2.072734 -0.021153
v 0.090254 -2.072860 0.062069
v -0.030628 -2.072734 -0.021485
v 0.104482 -2.072862 0.036561
v -0.030513 -2.072730 -0.021846
v 0.113334 -2.072823 0.008730
v -0.030473 -2.072727 -0.022224
v 0.116384 -2.072790 -0.020295
v -0.030508 -2.072725 -0.022602
v 0.113767 -2.072749 -0.049335
v -0.030616 -2.072722 -0.022965
v 0.105492 -2.072722 -0.077296
v -0.030788 -2.072722 -0.023303
v 0.092152 -2.072722 -0.103282
v -0.031024 -2.072722 -0.023601
v 0.074044 -2.072722 -0.126195
v -0.031313 -2.072722 -0.023847
v 0.051840 -2.072722 -0.145103
v -0.031644 -2.072722 -0.024031
v 0.026368 -2.072722 -0.159218
v -0.032006 -2.072722 -0.024145
v -0.001413 -2.072722 -0.167954
v -0.032383 -2.072722 -0.024185
v -0.030415 -2.072722 -0.171019
v -0.032761 -2.072722 -0.024149
v -0.059498 -2.072722 -0.168357
v -0.033125 -2.072723 -0.024042
v -0.087531 -2.072731 -0.160140
v -0.033462 -2.072722 -0.023868
v -0.113392 -2.072722 -0.146672
v -0.033758 -2.072722 -0.023631
v -0.136129 -2.072722 -0.128489
v -0.034001 -2.072722 -0.023341
v -0.154883 -2.072722 -0.106219
v -0.232299 -2.009791 -0.064364
v -0.218286 -2.009639 -0.101786
v -0.239128 -2.009864 -0.024451
v -0.254950 -2.013052 0.023803
v -0.263803 -2.015858 0.072284
v -0.202563 -2.010046 0.088064
v -0.176149 -2.009468 0.117970
v -0.146056 -2.009468 0.143310
v -0.111597 -2.009468 0.162293
v -0.074098 -2.009468 0.174188
v -0.034999 -2.009468 0.178539
v 0.004198 -2.009468 0.175179
v 0.045978 -2.011071 0.174258
v 0.084122 -2.013003 0.157857
v 0.114504 -2.013528 0.127688
v 0.145122 -2.014485 0.098444
v 0.176528 -2.015053 0.065419
v 0.194717 -2.014607 0.024703
v 0.194889 -2.013714 -0.020824
v 0.177850 -2.011438 -0.061877
v 0.154626 -2.009545 -0.096831
v 0.135907 -2.009468 -0.131755
v 0.111438 -2.009468 -0.162716
v 0.081435 -2.009468 -0.188266
v 0.047016 -2.009468 -0.207338
v 0.009478 -2.009468 -0.219144
v -0.029711 -2.009468 -0.223285
v -0.069202 -2.009647 -0.220029
v -0.118454 -2.016129 -0.232101
v -0.146327 -2.011891 -0.198927
v -0.172712 -2.009500 -0.165909
v -0.198411 -2.009558 -0.135980
v -0.286230 -1.953259 -0.075166
v -0.264955 -1.952964 -0.121370
v -0.299922 -1.953557 -0.024571
v -0.302562 -1.954189 0.031663
v -0.295575 -1.955439 0.084440
v -0.234939 -1.951840 0.109445
v -0.205099 -1.951820 0.146208
v -0.169339 -1.951960 0.177497
v -0.132096 -1.953497 0.209333
v -0.082557 -1.951845 0.213901
v -0.035519 -1.951820 0.218977
v 0.011707 -1.951855 0.215297
v 0.068695 -1.955360 0.231553
v 0.117019 -1.956252 0.212629
v 0.150840 -1.955126 0.169215
v 0.181614 -1.954898 0.124648
v 0.210062 -1.954964 0.081963
v 0.221619 -1.954303 0.031066
v 0.226338 -1.954097 -0.019701
v 0.215752 -1.953020 -0.068239
v 0.194648 -1.952362 -0.112582
v 0.170657 -1.951970 -0.154199
v 0.143882 -1.954102 -0.194927
v 0.109362 -1.956036 -0.228832
v 0.064422 -1.953249 -0.249821
v 0.018822 -1.953135 -0.268943
v -0.030578 -1.953285 -0.280088
v -0.082578 -1.952999 -0.279766
v -0.145925 -1.955831 -0.292650
v -0.190511 -1.955296 -0.262103
v -0.213435 -1.954061 -0.203271
v -0.241592 -1.953338 -0.164356
v -0.306131 -1.898103 -0.080351
v -0.291314 -1.898279 -0.133870
v -0.310629 -1.897859 -0.025649
v -0.304106 -1.897621 0.028649
v -0.288073 -1.897665 0.080043
v -0.261380 -1.897434 0.126701
v -0.227953 -1.897434 0.168499
v -0.195484 -1.899805 0.220268
v -0.160010 -1.903496 0.269744
v -0.090657 -1.897908 0.248401
v -0.035930 -1.897438 0.250926
v 0.017436 -1.897461 0.246485
v 0.069986 -1.897677 0.234427
v 0.123780 -1.898434 0.218552
v 0.171178 -1.899143 0.189757
v 0.210177 -1.899316 0.144968
v 0.238680 -1.899364 0.095942
v 0.242891 -1.898079 0.037014
v 0.250910 -1.898180 -0.018257
v 0.247112 -1.898330 -0.073268
v 0.233900 -1.899354 -0.127941
v 0.208789 -1.899386 -0.178571
v 0.199135 -1.907320 -0.253992
v 0.159143 -1.907780 -0.295611
v 0.081141 -1.900579 -0.291424
v 0.027221 -1.900116 -0.314130
v -0.030225 -1.899582 -0.321359
v -0.088327 -1.898552 -0.312127
v -0.152873 -1.898567 -0.309428
v -0.219190 -1.899787 -0.298434
v -0.242156 -1.899978 -0.234121
v -0.270329 -1.899140 -0.185408
v -0.341146 -1.847694 -0.088190
v -0.320480 -1.847219 -0.146611
v -0.344099 -1.847654 -0.027147
v -0.337986 -1.847387 0.034130
v -0.324078 -1.847318 0.094323
v -0.298819 -1.846718 0.151869
v -0.247183 -1.845833 0.186907
v -0.207202 -1.847117 0.234863
v -0.161899 -1.848590 0.275853
v -0.095137 -1.846681 0.276468
v -0.036584 -1.846721 0.283654
v 0.023400 -1.846668 0.276920
v 0.080963 -1.846602 0.261285
v 0.134613 -1.846574 0.234743
v 0.183610 -1.846958 0.199241
v 0.228092 -1.848575 0.155836
v 0.286183 -1.851713 0.107696
v 0.277617 -1.847459 0.042643
v 0.277384 -1.846898 -0.018681
v 0.271918 -1.846935 -0.079175
v 0.258018 -1.846862 -0.139414
v 0.248821 -1.847899 -0.208018
v 0.215618 -1.849677 -0.266776
v 0.170400 -1.850218 -0.319975
v 0.100475 -1.847063 -0.335626
v 0.035084 -1.846547 -0.337836
v -0.027759 -1.846238 -0.332702
v -0.087758 -1.846136 -0.323493
v -0.145178 -1.846073 -0.303684
v -0.209946 -1.846419 -0.290170
v -0.254496 -1.847421 -0.248749
v -0.292995 -1.847531 -0.201410
v -0.353422 -1.797173 -0.088901
v -0.326190 -1.796601 -0.147412
v -0.372264 -1.797445 -0.024822
v -0.375740 -1.797304 0.044832
v -0.363861 -1.797731 0.113569
v -0.329666 -1.797853 0.172678
v -0.263748 -1.796474 0.202323
v -0.222454 -1.798213 0.258933
v -0.166718 -1.797926 0.289998
v -0.099527 -1.797150 0.297126
v -0.037092 -1.798941 0.320441
v 0.028024 -1.800284 0.317069
v 0.089225 -1.799074 0.286125
v 0.148592 -1.799221 0.257852
v 0.215063 -1.802464 0.230573
v 0.267537 -1.806851 0.186591
v 0.314701 -1.805538 0.122269
v 0.299213 -1.798380 0.047350
v 0.295814 -1.797355 -0.018405
v 0.290182 -1.797385 -0.082444
v 0.273137 -1.797047 -0.145355
v 0.253999 -1.797291 -0.210011
v 0.201559 -1.796557 -0.249767
v 0.152174 -1.796762 -0.293343
v 0.100740 -1.796846 -0.331772
v 0.035229 -1.796457 -0.339893
v -0.028100 -1.796468 -0.344213
v -0.091187 -1.796568 -0.340822
v -0.152710 -1.796996 -0.323306
v -0.209620 -1.797277 -0.295054
v -0.270963 -1.798268 -0.265106
v -0.312894 -1.797943 -0.216924
v -0.405253 -1.751126 -0.095865
v -0.356331 -1.750688 -0.157585
v -0.393810 -1.749794 -0.025832
v -0.380350 -1.748865 0.044407
v -0.354481 -1.748797 0.107603
v -0.310536 -1.748479 0.158754
v -0.269864 -1.748688 0.210328
v -0.242235 -1.752703 0.288035
v -0.171417 -1.749821 0.297132
v -0.100878 -1.748466 0.300531
v -0.036711 -1.749491 0.318989
v 0.029931 -1.751513 0.324804
v 0.096291 -1.752293 0.308207
v 0.162727 -1.753291 0.279391
v 0.218257 -1.752692 0.235453
v 0.277327 -1.758363 0.192077
v 0.315314 -1.755733 0.130502
v 0.308505 -1.750342 0.049779
v 0.314955 -1.750486 -0.017979
v 0.313795 -1.751507 -0.086303
v 0.301524 -1.752023 -0.159754
v 0.250030 -1.749123 -0.205905
v 0.207528 -1.749133 -0.257770
v 0.171427 -1.751672 -0.325479
v 0.116905 -1.753615 -0.362399
v 0.037863 -1.749112 -0.353832
v -0.028361 -1.749114 -0.360161
v -0.095961 -1.749709 -0.359678
v -0.162996 -1.749918 -0.344317
v -0.228640 -1.749860 -0.320448
v -0.291890 -1.749940 -0.282402
v -0.352941 -1.751597 -0.242456
v -0.413795 -1.706270 -0.099378
v -0.373846 -1.704553 -0.169548
v -0.393305 -1.704064 -0.028383
v -0.366809 -1.701916 0.039950
v -0.346445 -1.701967 0.103347
v -0.315780 -1.701708 0.162082
v -0.284887 -1.703568 0.228375
v -0.252722 -1.707180 0.297825
v -0.168318 -1.702109 0.292458
v -0.102586 -1.701705 0.308427
v -0.036763 -1.701705 0.315752
v 0.033310 -1.703118 0.333683
v 0.110427 -1.705005 0.353609
v 0.176126 -1.703801 0.305112
v 0.223872 -1.703087 0.244242
v 0.267866 -1.703116 0.184373
v 0.342195 -1.703601 0.138494
v 0.335593 -1.704904 0.053578
v 0.341469 -1.705532 -0.018587
v 0.339094 -1.707150 -0.092945
v 0.328616 -1.707873 -0.171889
v 0.284548 -1.706410 -0.235319
v 0.244184 -1.707686 -0.296610
v 0.175675 -1.706177 -0.330062
v 0.123237 -1.709714 -0.382209
v 0.042289 -1.703426 -0.375057
v -0.028608 -1.703577 -0.382469
v -0.101354 -1.704592 -0.384822
v -0.170061 -1.704205 -0.362459
v -0.232385 -1.703118 -0.327731
v -0.282631 -1.702106 -0.274930
v -0.365094 -1.704685 -0.247207
v -0.414409 -1.661293 -0.102047
v -0.376178 -1.658444 -0.169091
v -0.417278 -1.660670 -0.029422
v -0.382614 -1.656883 0.042274
v -0.361213 -1.656765 0.109425
v -0.347600 -1.658090 0.185376
v -0.296622 -1.658389 0.240396
v -0.254052 -1.660327 0.302438
v -0.168956 -1.655779 0.294908
v -0.103392 -1.655522 0.312227
v -0.036813 -1.655522 0.319636
v 0.030922 -1.655784 0.319286
v 0.106093 -1.657104 0.335227
v 0.171488 -1.656491 0.296731
v 0.227989 -1.657317 0.248493
v 0.288584 -1.656005 0.196002
v 0.337041 -1.655969 0.137413
v 0.319149 -1.656965 0.052656
v 0.322805 -1.656911 -0.017568
v 0.319417 -1.657179 -0.088109
v 0.317892 -1.658171 -0.167296
v 0.284552 -1.659344 -0.236044
v 0.244864 -1.661094 -0.296748
v 0.172807 -1.657484 -0.320581
v 0.126721 -1.660172 -0.397131
v 0.043915 -1.657156 -0.378039
v -0.026558 -1.657181 -0.382717
v -0.096555 -1.657202 -0.372842
v -0.162962 -1.656760 -0.350203
v -0.227862 -1.656116 -0.319990
v -0.278739 -1.655742 -0.274252
v -0.330284 -1.656286 -0.225069
v -0.401561 -1.612920 -0.097488
v -0.374391 -1.613423 -0.165726
v -0.433240 -1.609434 -0.025089
v -0.395303 -1.609954 0.047760
v -0.384507 -1.610472 0.121244
v -0.364501 -1.611703 0.199004
v -0.293680 -1.610466 0.230359
v -0.241664 -1.611933 0.286684
v -0.177121 -1.611125 0.310472
v -0.103804 -1.609376 0.314773
v -0.037550 -1.609443 0.328793
v 0.031156 -1.609471 0.320205
v 0.095765 -1.609466 0.299499
v 0.157154 -1.609758 0.269590
v 0.241307 -1.616766 0.259827
v 0.274754 -1.609336 0.186459
v 0.291791 -1.609814 0.116586
v 0.316307 -1.610852 0.050620
v 0.340729 -1.612786 -0.021382
v 0.350462 -1.613990 -0.097233
v 0.337556 -1.614043 -0.174782
v 0.273279 -1.610645 -0.220149
v 0.230055 -1.613455 -0.282002
v 0.176607 -1.614089 -0.333902
v 0.122198 -1.614253 -0.393644
v 0.041615 -1.610816 -0.374857
v -0.029047 -1.611049 -0.389214
v -0.102874 -1.611311 -0.391449
v -0.181207 -1.611385 -0.382532
v -0.246612 -1.611069 -0.346078
v -0.294641 -1.610113 -0.289816
v -0.330595 -1.612108 -0.224432
v -0.383671 -1.563958 -0.095947
v -0.385383 -1.568250 -0.174986
v -0.427819 -1.558033 -0.022742
v -0.389340 -1.562246 0.045522
v -0.370735 -1.563218 0.114450
v -0.331035 -1.562962 0.173239
v -0.277680 -1.562674 0.216962
v -0.230420 -1.563342 0.268094
v -0.182897 -1.564900 0.322391
v -0.106678 -1.562939 0.330513
v -0.039680 -1.563254 0.357373
v 0.035619 -1.563433 0.345829
v 0.104828 -1.563620 0.324709
v 0.171246 -1.563925 0.295520
v 0.249553 -1.566811 0.270582
v 0.282110 -1.564876 0.195404
v 0.314034 -1.565523 0.125977
v 0.340638 -1.566903 0.056405
v 0.344609 -1.567101 -0.018008
v 0.335111 -1.565795 -0.091734
v 0.298397 -1.563718 -0.155302
v 0.266370 -1.563155 -0.217928
v 0.265376 -1.568388 -0.319869
v 0.203669 -1.569194 -0.367276
v 0.113791 -1.565509 -0.366335
v 0.042509 -1.563985 -0.374742
v -0.028067 -1.564248 -0.385655
v -0.100121 -1.563859 -0.380301
v -0.171939 -1.563541 -0.363882
v -0.225617 -1.563017 -0.318870
v -0.275560 -1.562967 -0.270531
v -0.356466 -1.569723 -0.241548
v -0.400904 -1.517267 -0.101689
v -0.395874 -1.519709 -0.176104
v -0.392270 -1.514595 -0.026445
v -0.375836 -1.515281 0.041425
v -0.352716 -1.515344 0.105632
v -0.323074 -1.515359 0.166332
v -0.280962 -1.515347 0.220395
v -0.226612 -1.514963 0.260949
v -0.179976 -1.516513 0.320531
v -0.107693 -1.515431 0.323313
v -0.037312 -1.514972 0.326218
v 0.030934 -1.515018 0.319848
v 0.096564 -1.515078 0.301573
v 0.160210 -1.515274 0.275805
v 0.238713 -1.514038 0.257140
v 0.281622 -1.515189 0.197216
v 0.301572 -1.516492 0.122857
v 0.326249 -1.518024 0.055197
v 0.336774 -1.519207 -0.015303
v 0.327812 -1.517468 -0.088019
v 0.347356 -1.518575 -0.181803
v 0.308092 -1.516822 -0.241551
v 0.256534 -1.517308 -0.307540
v 0.191523 -1.517619 -0.344746
v 0.113697 -1.516015 -0.359185
v 0.046464 -1.517007 -0.386875
v -0.025833 -1.517956 -0.396197
v -0.097809 -1.516866 -0.377734
v -0.163429 -1.516118 -0.352504
v -0.222810 -1.515341 -0.315075
v -0.274388 -1.514962 -0.270198
v -0.341208 -1.518739 -0.232521
v -0.377275 -1.466029 -0.096278
v -0.374855 -1.465839 -0.174370
v -0.381041 -1.465969 -0.026258
v -0.376637 -1.466109 0.041827
v -0.358480 -1.466561 0.108024
v -0.340990 -1.468054 0.180308
v -0.314259 -1.469813 0.256435
v -0.236530 -1.466797 0.271294
v -0.176108 -1.467146 0.316401
v -0.109724 -1.466767 0.330633
v -0.036818 -1.465557 0.319969
v 0.032285 -1.466206 0.325536
v 0.096787 -1.466213 0.301851
v 0.155227 -1.465747 0.266738
v 0.213578 -1.465348 0.229471
v 0.267804 -1.464645 0.186009
v 0.287244 -1.466272 0.115563
v 0.320238 -1.467319 0.050971
v 0.338828 -1.467763 -0.021287
v 0.352120 -1.467794 -0.099799
v 0.333176 -1.467827 -0.172126
v 0.283646 -1.466030 -0.227447
v 0.224888 -1.465237 -0.273864
v 0.175539 -1.464676 -0.331128
v 0.113334 -1.465257 -0.362490
v 0.040515 -1.466066 -0.365910
v -0.028332 -1.466551 -0.379981
v -0.101586 -1.466903 -0.382089
v -0.172680 -1.466952 -0.366749
v -0.235193 -1.466193 -0.330871
v -0.289695 -1.465780 -0.284222
v -0.342697 -1.465895 -0.237741
v -0.382027 -1.415516 -0.094187
v -0.384646 -1.416222 -0.178083
v -0.389782 -1.415668 -0.025585
v -0.379328 -1.415262 0.043167
v -0.369757 -1.416425 0.114746
v -0.353381 -1.417677 0.189404
v -0.311461 -1.417704 0.251457
v -0.229608 -1.414437 0.263803
v -0.175110 -1.415274 0.316278
v -0.114792 -1.415366 0.348916
v -0.036080 -1.414274 0.324083
v 0.041080 -1.417228 0.371498
v 0.107690 -1.417679 0.344130
v 0.167896 -1.416224 0.288025
v 0.223219 -1.416490 0.240982
v 0.261811 -1.415347 0.179854
v 0.313128 -1.418350 0.127711
v 0.355272 -1.419455 0.056995
v 0.357299 -1.418600 -0.017490
v 0.337956 -1.415541 -0.094346
v 0.321006 -1.416860 -0.170132
v 0.291232 -1.418021 -0.234281
v 0.235233 -1.418017 -0.286714
v 0.174888 -1.416358 -0.326641
v 0.109677 -1.415343 -0.356469
v 0.041441 -1.415174 -0.375133
v -0.029593 -1.415735 -0.394829
v -0.105390 -1.416121 -0.398374
v -0.174606 -1.415630 -0.373099
v -0.228377 -1.414277 -0.321902
v -0.286309 -1.414507 -0.279344
v -0.371394 -1.416163 -0.258132
v -0.402758 -1.363840 -0.102023
v -0.382427 -1.362466 -0.171917
v -0.398800 -1.363213 -0.028180
v -0.386326 -1.362782 0.042570
v -0.364047 -1.362508 0.109949
v -0.329963 -1.361215 0.171427
v -0.278828 -1.359999 0.218094
v -0.226111 -1.359865 0.259923
v -0.170608 -1.360002 0.303223
v -0.111672 -1.360241 0.341159
v -0.037167 -1.359882 0.321268
v 0.034720 -1.361150 0.338677
v 0.100547 -1.361315 0.315348
v 0.173597 -1.362743 0.295475
v 0.230831 -1.362776 0.252241
v 0.265871 -1.361806 0.183509
v 0.315676 -1.364497 0.129484
v 0.350671 -1.364888 0.060747
v 0.330617 -1.362672 -0.016502
v 0.308782 -1.360909 -0.085279
v 0.312665 -1.362381 -0.165252
v 0.285937 -1.363677 -0.230738
v 0.239358 -1.364014 -0.288417
v 0.185172 -1.363561 -0.338656
v 0.113485 -1.361692 -0.357875
v 0.041617 -1.360945 -0.367984
v -0.027466 -1.361183 -0.376700
v -0.095840 -1.360458 -0.365692
v -0.160116 -1.359959 -0.341965
v -0.219184 -1.359890 -0.309318
v -0.273666 -1.359928 -0.268734
v -0.356013 -1.361235 -0.245060
v -0.391869 -1.302595 -0.098176
v -0.357591 -1.301615 -0.160688
v -0.400632 -1.302946 -0.027350
v -0.398173 -1.303811 0.045794
v -0.380442 -1.304715 0.117244
v -0.349469 -1.304473 0.188803
v -0.304552 -1.303722 0.248535
v -0.234769 -1.302718 0.272170
v -0.167378 -1.302448 0.292278
v -0.104400 -1.300946 0.319784
v -0.036794 -1.300066 0.329996
v 0.031129 -1.300784 0.319166
v 0.096377 -1.300800 0.299897
v 0.158478 -1.300448 0.271074
v 0.245008 -1.299237 0.256217
v 0.283909 -1.301506 0.194230
v 0.322618 -1.302127 0.130601
v 0.362671 -1.301580 0.057766
v 0.354768 -1.299451 -0.019666
v 0.342719 -1.298244 -0.095666
v 0.325001 -1.303152 -0.171208
v 0.285720 -1.302925 -0.232627
v 0.229194 -1.301710 -0.281533
v 0.173655 -1.301033 -0.325363
v 0.108713 -1.301492 -0.351643
v 0.041592 -1.299323 -0.375872
v -0.028750 -1.300245 -0.390104
v -0.100508 -1.300227 -0.382962
v -0.168787 -1.300360 -0.360199
v -0.233235 -1.299996 -0.329094
v -0.287422 -1.300310 -0.281457
v -0.331261 -1.299959 -0.226347
v -0.398135 -1.229506 -0.096222
v -0.364359 -1.235690 -0.162697
v -0.411724 -1.228593 -0.025794
v -0.401752 -1.230506 0.049373
v -0.384596 -1.232731 0.121125
v -0.354275 -1.241618 0.193066
v -0.304060 -1.242437 0.246552
v -0.232332 -1.241485 0.268771
v -0.167384 -1.241256 0.292320
v -0.104910 -1.237793 0.326212
v -0.036977 -1.235995 0.340550
v 0.032443 -1.237206 0.325937
v 0.098753 -1.237345 0.305186
v 0.163182 -1.236602 0.277652
v 0.225288 -1.234618 0.241660
v 0.267145 -1.236700 0.183417
v 0.306120 -1.236469 0.121258
v 0.334897 -1.232633 0.053324
v 0.349821 -1.229943 -0.021179
v 0.345689 -1.230241 -0.095682
v 0.318489 -1.239860 -0.167462
v 0.283304 -1.241561 -0.231424
v 0.230528 -1.239608 -0.284259
v 0.173132 -1.237065 -0.326375
v 0.108963 -1.237758 -0.354869
v 0.042370 -1.233048 -0.384971
v -0.029242 -1.232738 -0.394827
v -0.102222 -1.233930 -0.387083
v -0.168752 -1.234464 -0.359387
v -0.238471 -1.234345 -0.333390
v -0.296893 -1.235349 -0.291352
v -0.344449 -1.236019 -0.234368
v -0.371968 -1.175737 -0.093485
v -0.347942 -1.177244 -0.157275
v -0.381715 -1.175234 -0.026318
v -0.372751 -1.176349 0.041498
v -0.354187 -1.176632 0.106744
v -0.320738 -1.177657 0.165546
v -0.277404 -1.177625 0.216731
v -0.226111 -1.177625 0.259923
v -0.167378 -1.177625 0.292278
v -0.103501 -1.177543 0.312901
v -0.036807 -1.177530 0.320423
v 0.030023 -1.177584 0.314349
v 0.094455 -1.177580 0.295699
v 0.154100 -1.177560 0.264959
v 0.206862 -1.177454 0.223385
v 0.249847 -1.177539 0.171785
v 0.282798 -1.177453 0.113167
v 0.304021 -1.177161 0.049153
v 0.311254 -1.177218 -0.017844
v 0.304981 -1.177358 -0.084881
v 0.285365 -1.177621 -0.149151
v 0.254488 -1.177625 -0.208919
v 0.212806 -1.177617 -0.261730
v 0.161791 -1.177566 -0.305533
v 0.103095 -1.177584 -0.338090
v 0.039121 -1.177320 -0.358940
v -0.027882 -1.177345 -0.366062
v -0.095087 -1.177389 -0.359887
v -0.159637 -1.177384 -0.340401
v -0.219607 -1.177398 -0.309723
v -0.271991 -1.177495 -0.267649
v -0.315309 -1.177475 -0.216177
v -0.080479 -1.224747 -0.032430
v -0.077566 -1.224747 -0.041611
v -0.081544 -1.224747 -0.022858
v -0.080721 -1.224747 -0.013262
v -0.078042 -1.224747 -0.004010
v -0.073609 -1.224747 0.004541
v -0.067594 -1.224747 0.012063
v -0.060227 -1.224747 0.018267
v -0.051791 -1.224747 0.022914
v -0.042610 -1.224747 0.025826
v -0.033038 -1.224747 0.026891
v -0.023441 -1.224747 0.026069
v -0.014190 -1.224747 0.023389
v -0.005639 -1.224747 0.018957
v 0.001883 -1.224747 0.012942
v 0.008087 -1.224747 0.005574
v 0.012734 -1.224747 -0.002862
v 0.015646 -1.224747 -0.012043
v 0.016712 -1.224747 -0.021615
v 0.015889 -1.224747 -0.031211
v 0.013217 -1.224747 -0.040479
v 0.008804 -1.224747 -0.049075
v 0.002814 -1.224747 -0.056656
v -0.004532 -1.224747 -0.062911
v -0.012958 -1.224747 -0.067580
v -0.022149 -1.224747 -0.070471
v -0.031743 -1.224747 -0.071484
v -0.041364 -1.224747 -0.070604
v -0.050635 -1.224747 -0.067879
v -0.059193 -1.224747 -0.063430
v -0.066715 -1.224747 -0.057415
v -0.072919 -1.224747 -0.050047
v -0.080479 -0.726931 -0.032430
v -0.077566 -0.726931 -0.041611
v -0.081544 -0.726931 -0.022858
v -0.080721 -0.726931 -0.013262
v -0.078042 -0.726931 -0.004010
v -0.073609 -0.726931 0.004541
v -0.067594 -0.726931 0.012063
v -0.060227 -0.726931 0.018267
v -0.051791 -0.726931 0.022914
v -0.042610 -0.726931 0.025826
v -0.033038 -0.726931 0.026891
v -0.023441 -0.726931 0.026069
v -0.014190 -0.726931 0.023389
v -0.005639 -0.726931 0.018957
v 0.001883 -0.726931 0.012942
v 0.008087 -0.726931 0.005574
v 0.012734 -0.726931 -0.002862
v 0.015646 -0.726931 -0.012042
v 0.016712 -0.726931 -0.021615
v 0.015889 -0.726931 -0.031211
v 0.013217 -0.726931 -0.040479
v 0.008804 -0.726931 -0.049075
v 0.002814 -0.726931 -0.056656
v -0.004532 -0.726931 -0.062911
v -0.012958 -0.726931 -0.067580
v -0.022149 -0.726931 -0.070471
v -0.031743 -0.726931 -0.071484
v -0.041364 -0.726931 -0.070603
v -0.050635 -0.726931 -0.067879
v -0.059193 -0.726931 -0.063430
v -0.066715 -0.726931 -0.057415
v -0.072919 -0.726931 -0.050047
v -0.080479 -0.067600 -0.032430
v -0.077566 -0.067600 -0.041611
v -0.081544 -0.067600 -0.022858
v -0.080721 -0.067600 -0.013262
v -0.078042 -0.067600 -0.004010
v -0.073609 -0.067600 0.004541
v -0.067594 -0.067600 0.012063
v -0.060227 -0.067600 0.018267
v -0.051791 -0.067600 0.022914
v -0.042610 -0.067600 0.025826
v -0.033038 -0.067600 0.026892
v -0.023441 -0.067600 0.026069
v -0.014190 -0.067600 0.023389
v -0.005639 -0.067600 0.018957
v 0.001883 -0.067600 0.012942
v 0.008087 -0.067600 0.005574
v 0.012734 -0.067600 -0.002862
v 0.015646 -0.067600 -0.012042
v 0.016712 -0.067600 -0.021615
v 0.015889 -0.067600 -0.031211
v 0.013217 -0.067600 -0.040479
v 0.008804 -0.067600 -0.049075
v 0.002814 -0.067600 -0.056656
v -0.004532 -0.067600 -0.062911
v -0.012958 -0.067600 -0.067580
v -0.022149 -0.067600 -0.070470
v -0.031743 -0.067600 -0.071484
v -0.041364 -0.067600 -0.070603
v -0.050635 -0.067600 -0.067879
v -0.059193 -0.067600 -0.063430
v -0.066715 -0.067600 -0.057415
v -0.072919 -0.067600 -0.050047
v -0.080479 0.591730 -0.032430
v -0.077566 0.591730 -0.041611
v -0.081544 0.591730 -0.022858
v -0.080721 0.591730 -0.013262
v -0.078042 0.591730 -0.004010
v -0.073609 0.591730 0.004541
v -0.067594 0.591730 0.012063
v -0.060227 0.591730 0.018267
v -0.051791 0.591730 0.022914
v -0.042610 0.591730 0.025826
v -0.033038 0.591730 0.026892
v -0.023441 0.591730 0.026069
v -0.014190 0.591730 0.023389
v -0.005639 0.591730 0.018957
v 0.001883 0.591730 0.012942
v 0.008087 0.591730 0.005574
v 0.012734 0.591730 -0.002862
v 0.015646 0.591730 -0.012042
v 0.016712 0.591730 -0.021615
v 0.015889 0.591730 -0.031211
v 0.013217 0.591730 -0.040479
v 0.008804 0.591730 -0.049075
v 0.002814 0.591730 -0.056656
v -0.004532 0.591730 -0.062911
v -0.012958 0.591730 -0.067580
v -0.022149 0.591730 -0.070470
v -0.031743 0.591730 -0.071484
v -0.041364 0.591730 -0.070603
v -0.050635 0.591730 -0.067879
v -0.059193 0.591730 -0.063430
v -0.066715 0.591730 -0.057415
v -0.072919 0.591730 -0.050047
v -0.080479 1.197367 -0.032430
v -0.077566 1.197367 -0.041611
v -0.081544 1.197367 -0.022858
v -0.080721 1.197367 -0.013262
v -0.078042 1.197367 -0.004010
v -0.073609 1.197367 0.004541
v -0.067594 1.197367 0.012063
v -0.060227 1.197367 0.018267
v -0.051791 1.197367 0.022914
v -0.042610 1.197367 0.025826
v -0.033038 1.197367 0.026892
v -0.023441 1.197367 0.026069
v -0.014190 1.197367 0.023389
v -0.005639 1.197367 0.018957
v 0.001883 1.197367 0.012942
v 0.008087 1.197367 0.005574
v 0.012734 1.197367 -0.002862
v 0.015646 1.197367 -0.012042
v 0.016712 1.197367 -0.021615
v 0.015889 1.197367 -0.031211
v 0.013217 1.197367 -0.040479
v 0.008804 1.197367 -0.049075
v 0.002814 1.197367 -0.056655
v -0.004532 1.197367 -0.062911
v -0.012958 1.197367 -0.067580
v -0.022149 1.197367 -0.070470
v -0.031743 1.197367 -0.071484
v -0.041364 1.197367 -0.070603
v -0.050635 1.197367 -0.067879
v -0.059193 1.197367 -0.063430
v -0.066715 1.197367 -0.057415
v -0.072919 1.197367 -0.050047
v -0.097380 1.197367 -0.036003
v -0.093444 1.197367 -0.048412
v -0.098819 1.197367 -0.023066
v -0.097708 1.197367 -0.010096
v -0.094086 1.197367 0.002408
v -0.088096 1.197367 0.013965
v -0.079965 1.197367 0.024131
v -0.070008 1.197367 0.032516
v -0.058607 1.197367 0.038797
v -0.046198 1.197367 0.042733
v -0.033260 1.197367 0.044173
v -0.020290 1.197367 0.043061
v -0.007786 1.197367 0.039440
v 0.003771 1.197367 0.033449
v 0.013937 1.197367 0.025319
v 0.022322 1.197367 0.015362
v 0.028603 1.197367 0.003960
v 0.032539 1.197367 -0.008448
v 0.033979 1.197367 -0.021386
v 0.032867 1.197367 -0.034356
v 0.029255 1.197367 -0.046882
v 0.023291 1.197367 -0.058500
v 0.015194 1.197367 -0.068746
v 0.005267 1.197367 -0.077200
v -0.006122 1.197367 -0.083510
v -0.018544 1.197367 -0.087417
v -0.031511 1.197367 -0.088788
v -0.044515 1.197367 -0.087597
v -0.057045 1.197367 -0.083915
v -0.068611 1.197367 -0.077902
v -0.078778 1.197367 -0.069771
v -0.087162 1.197367 -0.059814
v -0.097380 1.288851 -0.036003
v -0.093444 1.288851 -0.048412
v -0.098819 1.288851 -0.023066
v -0.097708 1.288851 -0.010096
v -0.094086 1.288851 0.002408
v -0.088096 1.288851 0.013965
v -0.079965 1.288851 0.024131
v -0.070008 1.288851 0.032516
v -0.058607 1.288851 0.038797
v -0.046198 1.288851 0.042733
v -0.033260 1.288851 0.044173
v -0.020290 1.288851 0.043061
v -0.007786 1.288851 0.039440
v 0.003771 1.288851 0.033449
v 0.013937 1.288851 0.025319
v 0.022322 1.288851 0.015362
v 0.028603 1.288851 0.003960
v 0.032539 1.288851 -0.008448
v 0.033979 1.288851 -0.021386
v 0.032867 1.288851 -0.034356
v 0.029255 1.288851 -0.046882
v 0.023291 1.288851 -0.058500
v 0.015194 1.288851 -0.068746
v 0.005267 1.288851 -0.077200
v -0.006122 1.288851 -0.083510
v -0.018544 1.288851 -0.087417
v -0.031511 1.288851 -0.088788
v -0.044515 1.288851 -0.087597
v -0.057045 1.288851 -0.083915
v -0.068611 1.288851 -0.077902
v -0.078778 1.288851 -0.069771
v -0.087162 1.288851 -0.059813
v -0.116847 1.340800 -0.040120
v -0.111732 1.340800 -0.056246
v -0.118718 1.340800 -0.023306
v -0.117273 1.340800 -0.006450
v -0.112568 1.340800 0.009800
v -0.104782 1.340800 0.024820
v -0.094216 1.340800 0.038033
v -0.081275 1.340800 0.048929
v -0.066457 1.340800 0.057092
v -0.050331 1.340800 0.062208
v -0.033517 1.340800 0.064079
v -0.016662 1.340800 0.062633
v -0.000412 1.340800 0.057928
v 0.014609 1.340800 0.050142
v 0.027821 1.340800 0.039576
v 0.038718 1.340800 0.026635
v 0.046881 1.340800 0.011817
v 0.051996 1.340800 -0.004308
v 0.053867 1.340800 -0.021122
v 0.052423 1.340800 -0.037978
v 0.047729 1.340800 -0.054257
v 0.039978 1.340800 -0.069357
v 0.029455 1.340800 -0.082672
v 0.016553 1.340800 -0.093658
v 0.001752 1.340800 -0.101860
v -0.014391 1.340800 -0.106937
v -0.031243 1.340800 -0.108718
v -0.048143 1.340800 -0.107170
v -0.064427 1.340800 -0.102385
v -0.079459 1.340800 -0.094571
v -0.092672 1.340800 -0.084004
v -0.103569 1.340800 -0.071063
v -0.137930 1.385435 -0.044577
v -0.131538 1.385435 -0.064729
v -0.140268 1.385435 -0.023565
v -0.138463 1.385435 -0.002501
v -0.132582 1.385435 0.017806
v -0.122853 1.385435 0.036576
v -0.109648 1.385435 0.053087
v -0.093476 1.385435 0.066704
v -0.074959 1.385435 0.076906
v -0.054807 1.385435 0.083298
v -0.033795 1.385435 0.085636
v -0.012731 1.385435 0.083830
v 0.007576 1.385435 0.077949
v 0.026346 1.385435 0.068221
v 0.042857 1.385435 0.055016
v 0.056475 1.385435 0.038844
v 0.066676 1.385435 0.020327
v 0.073068 1.385435 0.000175
v 0.075406 1.385435 -0.020837
v 0.073601 1.385435 -0.041901
v 0.067736 1.385435 -0.062245
v 0.058049 1.385435 -0.081114
v 0.044899 1.385435 -0.097753
v 0.028776 1.385435 -0.111483
v 0.010279 1.385435 -0.121733
v -0.009893 1.385435 -0.128077
v -0.030953 1.385435 -0.130303
v -0.052073 1.385435 -0.128369
v -0.072423 1.385435 -0.122388
v -0.091208 1.385435 -0.112623
v -0.107719 1.385435 -0.099418
v -0.121337 1.385435 -0.083247
v -0.148246 1.430071 -0.046759
v -0.141229 1.430071 -0.068881
v -0.150813 1.430071 -0.023693
v -0.148831 1.430071 -0.000569
v -0.142375 1.430071 0.021723
v -0.131695 1.430071 0.042328
v -0.117200 1.430071 0.060453
v -0.099447 1.430071 0.075402
v -0.079119 1.430071 0.086600
v -0.056998 1.430071 0.093618
v -0.033931 1.430071 0.096185
v -0.010808 1.430071 0.094202
v 0.011485 1.430071 0.087747
v 0.032089 1.430071 0.077066
v 0.050214 1.430071 0.062571
v 0.065163 1.430071 0.044818
v 0.076362 1.430071 0.024491
v 0.083379 1.430071 0.002369
v 0.085946 1.430071 -0.020698
v 0.083964 1.430071 -0.043821
v 0.077525 1.430071 -0.066153
v 0.066891 1.430071 -0.086867
v 0.052457 1.430071 -0.105133
v 0.034757 1.430071 -0.120206
v 0.014452 1.430071 -0.131457
v -0.007693 1.430071 -0.138421
v -0.030812 1.430071 -0.140865
v -0.053995 1.430071 -0.138741
v -0.076335 1.430071 -0.132177
v -0.096957 1.430071 -0.121456
v -0.115082 1.430071 -0.106961
v -0.130031 1.430071 -0.089208
v -0.137930 1.474707 -0.044577
v -0.131538 1.474707 -0.064729
v -0.140268 1.474707 -0.023565
v -0.138463 1.474707 -0.002501
v -0.132582 1.474707 0.017806
v -0.122853 1.474707 0.036576
v -0.109648 1.474707 0.053087
v -0.093476 1.474707 0.066704
v -0.074959 1.474707 0.076906
v -0.054807 1.474707 0.083298
v -0.033795 1.474707 0.085636
v -0.012731 1.474707 0.083830
v 0.007576 1.474707 0.077949
v 0.026346 1.474707 0.068221
v 0.042857 1.474707 0.055016
v 0.056475 1.474707 0.038844
v 0.066676 1.474707 0.020327
v 0.073068 1.474707 0.000175
v 0.075406 1.474707 -0.020837
v 0.073601 1.474707 -0.041901
v 0.067736 1.474707 -0.062245
v 0.058049 1.474707 -0.081114
v 0.044899 1.474707 -0.097753
v 0.028776 1.474707 -0.111483
v 0.010279 1.474707 -0.121733
v -0.009893 1.474707 -0.128077
v -0.030953 1.474707 -0.130303
v -0.052073 1.474707 -0.128369
v -0.072423 1.474707 -0.122388
v -0.091208 1.474707 -0.112623
v -0.107719 1.474707 -0.099418
v -0.121337 1.474707 -0.083247
v -0.116847 1.519343 -0.040120
v -0.111732 1.519343 -0.056246
v -0.118718 1.519343 -0.023306
v -0.117273 1.519343 -0.006450
v -0.112568 1.519343 0.009800
v -0.104782 1.519343 0.024820
v -0.094216 1.519343 0.038033
v -0.081275 1.519343 0.048929
v -0.066457 1.519343 0.057092
v -0.050331 1.519343 0.062208
v -0.033517 1.519343 0.064079
v -0.016662 1.519343 0.062633
v -0.000412 1.519343 0.057928
v 0.014609 1.519343 0.050142
v 0.027821 1.519343 0.039576
v 0.038718 1.519343 0.026635
v 0.046881 1.519343 0.011817
v 0.051996 1.519343 -0.004308
v 0.053867 1.519343 -0.021122
v 0.052423 1.519343 -0.037978
v 0.047729 1.519343 -0.054257
v 0.039978 1.519343 -0.069357
v 0.029455 1.519343 -0.082672
v 0.016553 1.519343 -0.093658
v 0.001752 1.519343 -0.101860
v -0.014391 1.519343 -0.106937
v -0.031243 1.519343 -0.108718
v -0.048143 1.519343 -0.107170
v -0.064427 1.519343 -0.102385
v -0.079459 1.519343 -0.094571
v -0.092672 1.519343 -0.084004
v -0.103569 1.519343 -0.071063
v -0.100256 1.562022 -0.036611
v -0.096146 1.562022 -0.049569
v -0.101759 1.562022 -0.023101
v -0.100598 1.562022 -0.009557
v -0.096817 1.562022 0.003500
v -0.090561 1.562022 0.015568
v -0.082071 1.562022 0.026185
v -0.071673 1.562022 0.034941
v -0.059766 1.562022 0.041501
v -0.046809 1.562022 0.045611
v -0.033299 1.562022 0.047114
v -0.019754 1.562022 0.045953
v -0.006697 1.562022 0.042172
v 0.005372 1.562022 0.035916
v 0.015988 1.562022 0.027426
v 0.024744 1.562022 0.017027
v 0.031303 1.562022 0.005121
v 0.035413 1.562022 -0.007837
v 0.036917 1.562022 -0.021347
v 0.035756 1.562022 -0.034891
v 0.031984 1.562022 -0.047972
v 0.025756 1.562022 -0.060105
v 0.017301 1.562022 -0.070803
v 0.006935 1.562022 -0.079631
v -0.004959 1.562022 -0.086221
v -0.017930 1.562022 -0.090301
v -0.031471 1.562022 -0.091732
v -0.045051 1.562022 -0.090488
v -0.058135 1.562022 -0.086643
v -0.070214 1.562022 -0.080364
v -0.080831 1.562022 -0.071874
v -0.089586 1.562022 -0.061476
v -0.033289 1.562022 -0.022440
v -0.033236 1.562022 -0.022608
v -0.033309 1.562022 -0.022263
v -0.033294 1.562022 -0.022088
v -0.033245 1.562022 -0.021918
v -0.033163 1.562022 -0.021761
v -0.033053 1.562022 -0.021623
v -0.032918 1.562022 -0.021509
v -0.032763 1.562022 -0.021424
v -0.032595 1.562022 -0.021370
v -0.032419 1.562022 -0.021351
v -0.032243 1.562022 -0.021366
v -0.032073 1.562022 -0.021415
v -0.031916 1.562022 -0.021496
v -0.031778 1.562022 -0.021607
v -0.031664 1.562022 -0.021742
v -0.031579 1.562022 -0.021897
v -0.031526 1.562022 -0.022066
v -0.031505 1.562022 -0.022241
v -0.031521 1.562022 -0.022417
v -0.031570 1.562022 -0.022587
v -0.031651 1.562022 -0.022745
v -0.031761 1.562022 -0.022884
v -0.031896 1.562022 -0.022999
v -0.032050 1.562022 -0.023085
v -0.032219 1.562022 -0.023137
v -0.032395 1.562022 -0.023156
v -0.032572 1.562022 -0.023140
v -0.032742 1.562022 -0.023090
v -0.032899 1.562022 -0.023009
v -0.033037 1.562022 -0.022898
v -0.033151 1.562022 -0.022763
vt 0.000000 0.000000
vt 0.031250 0.000000
vt 0.031250 0.031250
vt 0.000000 0.031250
vt 0.062500 0.000000
vt 0.062500 0.031250
vt 0.093750 0.000000
vt 0.093750 0.031250
vt 0.125000 0.000000
vt 0.125000 0.031250
vt 0.156250 0.000000
vt 0.156250 0.031250
vt 0.187500 0.000000
vt 0.187500 0.031250
vt 0.218750 0.000000
vt 0.218750 0.031250
vt 0.250000 0.000000
vt 0.250000 0.031250
vt 0.281250 0.000000
vt 0.281250 0.031250
vt 0.312500 0.000000
vt 0.312500 0.031250
vt 0.343750 0.000000
vt 0.343750 0.031250
vt 0.375000 0.000000
vt 0.375000 0.031250
vt 0.406250 0.000000
vt 0.406250 0.031250
vt 0.437500 0.000000
vt 0.437500 0.031250
vt 0.468750 0.000000
vt 0.468750 0.031250
vt 0.500000 0.000000
vt 0.500000 0.031250
vt 0.531250 0.000000
vt 0.531250 0.031250
vt 0.562500 0.000000
vt 0.562500 0.031250
vt 0.593750 0.000000
vt 0.593750 0.031250
vt 0.625000 0.000000
vt 0.625000 0.031250
vt 0.656250 0.000000
vt 0.656250 0.031250
vt 0.687500 0.000000
vt 0.687500 0.031250
vt 0.718750 0.000000
vt 0.718750 0.031250
vt 0.750000 0.000000
vt 0.750000 0.031250
vt 0.781250 0.000000
vt 0.781250 0.031250
vt 0.812500 0.000000
vt 0.812500 0.031250
vt 0.843750 0.000000
vt 0.843750 0.031250
vt 0.875000 0.000000
vt 0.875000 0.031250
vt 0.906250 0.000000
vt 0.906250 0.031250
vt 0.937500 0.000000
vt 0.937500 0.031250
vt 0.968750 0.000000
vt 0.968750 0.031250
vt 1.000000 0.000000
vt 1.000000 0.031250
vt 0.031250 0.062500
vt 0.000000 0.062500
vt 0.062500 0.062500
vt 0.093750 0.062500
vt 0.125000 0.062500
vt 0.156250 0.062500
vt 0.187500 0.062500
vt 0.218750 0.062500
vt 0.250000 0.062500
vt 0.281250 0.062500
vt 0.312500 0.062500
vt 0.343750 0.062500
vt 0.375000 0.062500
vt 0.406250 0.062500
vt 0.437500 0.062500
vt 0.468750 0.062500
vt 0.500000 0.062500
vt 0.531250 0.062500
vt 0.562500 0.062500
vt 0.593750 0.062500
vt 0.625000 0.062500
vt 0.656250 0.062500
vt 0.687500 0.062500
vt 0.718750 0.062500
vt 0.750000 0.062500
vt 0.781250 0.062500
vt 0.812500 0.062500
vt 0.843750 0.062500
vt 0.875000 0.062500
vt 0.906250 0.062500
vt 0.937500 0.062500
vt 0.968750 0.062500
vt 1.000000 0.062500
vt 0.031250 0.093750
vt 0.000000 0.093750
vt 0.062500 0.093750
vt 0.093750 0.093750
vt 0.125000 0.093750
vt 0.156250 0.093750
vt 0.187500 0.093750
vt 0.218750 0.093750
vt 0.250000 0.093750
vt 0.281250 0.093750
vt 0.312500 0.093750
vt 0.343750 0.093750
vt 0.375000 0.093750
vt 0.406250 0.093750
vt 0.437500 0.093750
vt 0.468750 0.093750
vt 0.500000 0.093750
vt 0.531250 0.093750
vt 0.562500 0.093750
vt 0.593750 0.093750
vt 0.625000 0.093750
vt 0.656250 0.093750
vt 0.687500 0.093750
vt 0.718750 0.093750
vt 0.750000 0.093750
vt 0.781250 0.093750
vt 0.812500 0.093750
vt 0.843750 0.093750
vt 0.875000 0.093750
vt 0.906250 0.093750
vt 0.937500 0.093750
vt 0.968750 0.093750
vt 1.000000 0.093750
vt 0.031250 0.125000
vt 0.000000 0.125000
vt 0.062500 0.125000
vt 0.093750 0.125000
vt 0.125000 0.125000
vt 0.156250 0.125000
vt 0.187500 0.125000
vt 0.218750 0.125000
vt 0.250000 0.125000
vt 0.281250 0.125000
vt 0.312500 0.125000
vt 0.343750 0.125000
vt 0.375000 0.125000
vt 0.406250 0.125000
vt 0.437500 0.125000
vt 0.468750 0.125000
vt 0.500000 0.125000
vt 0.531250 0.125000
vt 0.562500 0.125000
vt 0.593750 0.125000
vt 0.625000 0.125000
vt 0.656250 0.125000
vt 0.687500 0.125000
vt 0.718750 0.125000
vt 0.750000 0.125000
vt 0.781250 0.125000
vt 0.812500 0.125000
vt 0.843750 0.125000
vt 0.875000 0.125000
vt 0.906250 0.125000
vt 0.937500 0.125000
vt 0.968750 0.125000
vt 1.000000 0.125000
vt 0.031250 0.156250
vt 0.000000 0.156250
vt 0.062500 0.156250
vt 0.093750 0.156250
vt 0.125000 0.156250
vt 0.156250 0.156250
vt 0.187500 0.156250
vt 0.218750 0.156250
vt 0.250000 0.156250
vt 0.281250 0.156250
vt 0.312500 0.156250
vt 0.343750 0.156250
vt 0.375000 0.156250
vt 0.406250 0.156250
vt 0.437500 0.156250
vt 0.468750 0.156250
vt 0.500000 0.156250
vt 0.531250 0.156250
vt 0.562500 0.156250
vt 0.593750 0.156250
vt 0.625000 0.156250
vt 0.656250 0.156250
vt 0.687500 0.156250
vt 0.718750 0.156250
vt 0.750000 0.156250
vt 0.781250 0.156250
vt 0.812500 0.156250
vt 0.843750 0.156250
vt 0.875000 0.156250
vt 0.906250 0.156250
vt 0.937500 0.156250
vt 0.968750 0.156250
vt 1.000000 0.156250
vt 0.031250 0.187500
vt 0.000000 0.187500
vt 0.062500 0.187500
vt 0.093750 0.187500
vt 0.125000 0.187500
vt 0.156250 0.187500
vt 0.187500 0.187500
vt 0.218750 0.187500
vt 0.250000 0.187500
vt 0.281250 0.187500
vt 0.312500 0.187500
vt 0.343750 0.187500
vt 0.375000 0.187500
vt 0.406250 0.187500
vt 0.437500 0.187500
vt 0.468750 0.187500
vt 0.500000 0.187500
vt 0.531250 0.187500
vt 0.562500 0.187500
vt 0.593750 0.187500
vt 0.625000 0.187500
vt 0.656250 0.187500
vt 0.687500 0.187500
vt 0.718750 0.187500
vt 0.750000 0.187500
vt 0.781250 0.187500
vt 0.812500 0.187500
vt 0.843750 0.187500
vt 0.875000 0.187500
vt 0.906250 0.187500
vt 0.937500 0.187500
vt 0.968750 0.187500
vt 1.000000 0.187500
vt 0.031250 0.218750
vt 0.000000 0.218750
vt 0.062500 0.218750
vt 0.093750 0.218750
vt 0.125000 0.218750
vt 0.156250 0.218750
vt 0.187500 0.218750
vt 0.218750 0.218750
vt 0.250000 0.218750
vt 0.281250 0.218750
vt 0.312500 0.218750
vt 0.343750 0.218750
vt 0.375000 0.218750
vt 0.406250 0.218750
vt 0.437500 0.218750
vt 0.468750 0.218750
vt 0.500000 0.218750
vt 0.531250 0.218750
vt 0.562500 0.218750
vt 0.593750 0.218750
vt 0.625000 0.218750
vt 0.656250 0.218750
vt 0.687500 0.218750
vt 0.718750 0.218750
vt 0.750000 0.218750
vt 0.781250 0.218750
vt 0.812500 0.218750
vt 0.843750 0.218750
vt 0.875000 0.218750
vt 0.906250 0.218750
vt 0.937500 0.218750
vt 0.968750 0.218750
vt 1.000000 0.218750
vt 0.031250 0.250000
vt 0.000000 0.250000
vt 0.062500 0.250000
vt 0.093750 0.250000
vt 0.125000 0.250000
vt 0.156250 0.250000
vt 0.187500 0.250000
vt 0.218750 0.250000
vt 0.250000 0.250000
vt 0.281250 0.250000
vt 0.312500 0.250000
vt 0.343750 0.250000
vt 0.375000 0.250000
vt 0.406250 0.250000
vt 0.437500 0.250000
vt 0.468750 0.250000
vt 0.500000 0.250000
vt 0.531250 0.250000
vt 0.562500 0.250000
vt 0.593750 0.250000
vt 0.625000 0.250000
vt 0.656250 0.250000
vt 0.687500 0.250000
vt 0.718750 0.250000
vt 0.750000 0.250000
vt 0.781250 0.250000
vt 0.812500 0.250000
vt 0.843750 0.250000
vt 0.875000 0.250000
vt 0.906250 0.250000
vt 0.937500 0.250000
vt 0.968750 0.250000
vt 1.000000 0.250000
vt 0.031250 0.281250
vt 0.000000 0.281250
vt 0.062500 0.281250
vt 0.093750 0.281250
vt 0.125000 0.281250
vt 0.156250 0.281250
vt 0.187500 0.281250
vt 0.218750 0.281250
vt 0.250000 0.281250
vt 0.281250 0.281250
vt 0.312500 0.281250
vt 0.343750 0.281250
vt 0.375000 0.281250
vt 0.406250 0.281250
vt 0.437500 0.281250
vt 0.468750 0.281250
vt 0.500000 0.281250
vt 0.531250 0.281250
vt 0.562500 0.281250
vt 0.593750 0.281250
vt 0.625000 0.281250
vt 0.656250 0.281250
vt 0.687500 0.281250
vt 0.718750 0.281250
vt 0.750000 0.281250
vt 0.781250 0.281250
vt 0.812500 0.281250
vt 0.843750 0.281250
vt 0.875000 0.281250
vt 0.906250 0.281250
vt 0.937500 0.281250
vt 0.968750 0.281250
vt 1.000000 0.281250
vt 0.031250 0.312500
vt 0.000000 0.312500
vt 0.062500 0.312500
vt 0.093750 0.312500
vt 0.125000 0.312500
vt 0.156250 0.312500
vt 0.187500 0.312500
vt 0.218750 0.312500
vt 0.250000 0.312500
vt 0.281250 0.312500
vt 0.312500 0.312500
vt 0.343750 0.312500
vt 0.375000 0.312500
vt 0.406250 0.312500
vt 0.437500 0.312500
vt 0.468750 0.312500
vt 0.500000 0.312500
vt 0.531250 0.312500
vt 0.562500 0.312500
vt 0.593750 0.312500
vt 0.625000 0.312500
vt 0.656250 0.312500
vt 0.687500 0.312500
vt 0.718750 0.312500
vt 0.750000 0.312500
vt 0.781250 0.312500
vt 0.812500 0.312500
vt 0.843750 0.312500
vt 0.875000 0.312500
vt 0.906250 0.312500
vt 0.937500 0.312500
vt 0.968750 0.312500
vt 1.000000 0.312500
vt 0.031250 0.343750
vt 0.000000 0.343750
vt 0.062500 0.343750
vt 0.093750 0.343750
vt 0.125000 0.343750
vt 0.156250 0.343750
vt 0.187500 0.343750
vt 0.218750 0.343750
vt 0.250000 0.343750
vt 0.281250 0.343750
vt 0.312500 0.343750
vt 0.343750 0.343750
vt 0.375000 0.343750
vt 0.406250 0.343750
vt 0.437500 0.343750
vt 0.468750 0.343750
vt 0.500000 0.343750
vt 0.531250 0.343750
vt 0.562500 0.343750
vt 0.593750 0.343750
vt 0.625000 0.343750
vt 0.656250 0.343750
vt 0.687500 0.343750
vt 0.718750 0.343750
vt 0.750000 0.343750
vt 0.781250 0.343750
vt 0.812500 0.343750
vt 0.843750 0.343750
vt 0.875000 0.343750
vt 0.906250 0.343750
vt 0.937500 0.343750
vt 0.968750 0.343750
vt 1.000000 0.343750
vt 0.031250 0.375000
vt 0.000000 0.375000
vt 0.062500 0.375000
vt 0.093750 0.375000
vt 0.125000 0.375000
vt 0.156250 0.375000
vt 0.187500 0.375000
vt 0.218750 0.375000
vt 0.250000 0.375000
vt 0.281250 0.375000
vt 0.312500 0.375000
vt 0.343750 0.375000
vt 0.375000 0.375000
vt 0.406250 0.375000
vt 0.437500 0.375000
vt 0.468750 0.375000
vt 0.500000 0.375000
vt 0.531250 0.375000
vt 0.562500 0.375000
vt 0.593750 0.375000
vt 0.625000 0.375000
vt 0.656250 0.375000
vt 0.687500 0.375000
vt 0.718750 0.375000
vt 0.750000 0.375000
vt 0.781250 0.375000
vt 0.812500 0.375000
vt 0.843750 0.375000
vt 0.875000 0.375000
vt 0.906250 0.375000
vt 0.937500 0.375000
vt 0.968750 0.375000
vt 1.000000 0.375000
vt 0.031250 0.406250
vt 0.000000 0.406250
vt 0.062500 0.406250
vt 0.093750 0.406250
vt 0.125000 0.406250
vt 0.156250 0.406250
vt 0.187500 0.406250
vt 0.218750 0.406250
vt 0.250000 0.406250
vt 0.281250 0.406250
vt 0.312500 0.406250
vt 0.343750 0.406250
vt 0.375000 0.406250
vt 0.406250 0.406250
vt 0.437500 0.406250
vt 0.468750 0.406250
vt 0.500000 0.406250
vt 0.531250 0.406250
vt 0.562500 0.406250
vt 0.593750 0.406250
vt 0.625000 0.406250
vt 0.656250 0.406250
vt 0.687500 0.406250
vt 0.718750 0.406250
vt 0.750000 0.406250
vt 0.781250 0.406250
vt 0.812500 0.406250
vt 0.843750 0.406250
vt 0.875000 0.406250
vt 0.906250 0.406250
vt 0.937500 0.406250
vt 0.968750 0.406250
vt 1.000000 0.406250
vt 0.031250 0.437500
vt 0.000000 0.437500
vt 0.062500 0.437500
vt 0.093750 0.437500
vt 0.125000 0.437500
vt 0.156250 0.437500
vt 0.187500 0.437500
vt 0.218750 0.437500
vt 0.250000 0.437500
vt 0.281250 0.437500
vt 0.312500 0.437500
vt 0.343750 0.437500
vt 0.375000 0.437500
vt 0.406250 0.437500
vt 0.437500 0.437500
vt 0.468750 0.437500
vt 0.500000 0.437500
vt 0.531250 0.437500
vt 0.562500 0.437500
vt 0.593750 0.437500
vt 0.625000 0.437500
vt 0.656250 0.437500
vt 0.687500 0.437500
vt 0.718750 0.437500
vt 0.750000 0.437500
vt 0.781250 0.437500
vt 0.812500 0.437500
vt 0.843750 0.437500
vt 0.875000 0.437500
vt 0.906250 0.437500
vt 0.937500 0.437500
vt 0.968750 0.437500
vt 1.000000 0.437500
vt 0.031250 0.468750
vt 0.000000 0.468750
vt 0.062500 0.468750
vt 0.093750 0.468750
vt 0.125000 0.468750
vt 0.156250 0.468750
vt 0.187500 0.468750
vt 0.218750 0.468750
vt 0.250000 0.468750
vt 0.281250 0.468750
vt 0.312500 0.468750
vt 0.343750 0.468750
vt 0.375000 0.468750
vt 0.406250 0.468750
vt 0.437500 0.468750
vt 0.468750 0.468750
vt 0.500000 0.468750
vt 0.531250 0.468750
vt 0.562500 0.468750
vt 0.593750 0.468750
vt 0.625000 0.468750
vt 0.656250 0.468750
vt 0.687500 0.468750
vt 0.718750 0.468750
vt 0.750000 0.468750
vt 0.781250 0.468750
vt 0.812500 0.468750
vt 0.843750 0.468750
vt 0.875000 0.468750
vt 0.906250 0.468750
vt 0.937500 0.468750
vt 0.968750 0.468750
vt 1.000000 0.468750
vt 0.031250 0.500000
vt 0.000000 0.500000
vt 0.062500 0.500000
vt 0.093750 0.500000
vt 0.125000 0.500000
vt 0.156250 0.500000
vt 0.187500 0.500000
vt 0.218750 0.500000
vt 0.250000 0.500000
vt 0.281250 0.500000
vt 0.312500 0.500000
vt 0.343750 0.500000
vt 0.375000 0.500000
vt 0.406250 0.500000
vt 0.437500 0.500000
vt 0.468750 0.500000
vt 0.500000 0.500000
vt 0.531250 0.500000
vt 0.562500 0.500000
vt 0.593750 0.500000
vt 0.625000 0.500000
vt 0.656250 0.500000
vt 0.687500 0.500000
vt 0.718750 0.500000
vt 0.750000 0.500000
vt 0.781250 0.500000
vt 0.812500 0.500000
vt 0.843750 0.500000
vt 0.875000 0.500000
vt 0.906250 0.500000
vt 0.937500 0.500000
vt 0.968750 0.500000
vt 1.000000 0.500000
vt 0.031250 0.531250
vt 0.000000 0.531250
vt 0.062500 0.531250
vt 0.093750 0.531250
vt 0.125000 0.531250
vt 0.156250 0.531250
vt 0.187500 0.531250
vt 0.218750 0.531250
vt 0.250000 0.531250
vt 0.281250 0.531250
vt 0.312500 0.531250
vt 0.343750 0.531250
vt 0.375000 0.531250
vt 0.406250 0.531250
vt 0.437500 0.531250
vt 0.468750 0.531250
vt 0.500000 0.531250
vt 0.531250 0.531250
vt 0.562500 0.531250
vt 0.593750 0.531250
vt 0.625000 0.531250
vt 0.656250 0.531250
vt 0.687500 0.531250
vt 0.718750 0.531250
vt 0.750000 0.531250
vt 0.781250 0.531250
vt 0.812500 0.531250
vt 0.843750 0.531250
vt 0.875000 0.531250
vt 0.906250 0.531250
vt 0.937500 0.531250
vt 0.968750 0.531250
vt 1.000000 0.531250
vt 0.031250 0.562500
vt 0.000000 0.562500
vt 0.062500 0.562500
vt 0.093750 0.562500
vt 0.125000 0.562500
vt 0.156250 0.562500
vt 0.187500 0.562500
vt 0.218750 0.562500
vt 0.250000 0.562500
vt 0.281250 0.562500
vt 0.312500 0.562500
vt 0.343750 0.562500
vt 0.375000 0.562500
vt 0.406250 0.562500
vt 0.437500 0.562500
vt 0.468750 0.562500
vt 0.500000 0.562500
vt 0.531250 0.562500
vt 0.562500 0.562500
vt 0.593750 0.562500
vt 0.625000 0.562500
vt 0.656250 0.562500
vt 0.687500 0.562500
vt 0.718750 0.562500
vt 0.750000 0.562500
vt 0.781250 0.562500
vt 0.812500 0.562500
vt 0.843750 0.562500
vt 0.875000 0.562500
vt 0.906250 0.562500
vt 0.937500 0.562500
vt 0.968750 0.562500
vt 1.000000 0.562500
vt 0.031250 0.593750
vt 0.000000 0.593750
vt 0.062500 0.593750
vt 0.093750 0.593750
vt 0.125000 0.593750
vt 0.156250 0.593750
vt 0.187500 0.593750
vt 0.218750 0.593750
vt 0.250000 0.593750
vt 0.281250 0.593750
vt 0.312500 0.593750
vt 0.343750 0.593750
vt 0.375000 0.593750
vt 0.406250 0.593750
vt 0.437500 0.593750
vt 0.468750 0.593750
vt 0.500000 0.593750
vt 0.531250 0.593750
vt 0.562500 0.593750
vt 0.593750 0.593750
vt 0.625000 0.593750
vt 0.656250 0.593750
vt 0.687500 0.593750
vt 0.718750 0.593750
vt 0.750000 0.593750
vt 0.781250 0.593750
vt 0.812500 0.593750
vt 0.843750 0.593750
vt 0.875000 0.593750
vt 0.906250 0.593750
vt 0.937500 0.593750
vt 0.968750 0.593750
vt 1.000000 0.593750
vt 0.031250 0.625000
vt 0.000000 0.625000
vt 0.062500 0.625000
vt 0.093750 0.625000
vt 0.125000 0.625000
vt 0.156250 0.625000
vt 0.187500 0.625000
vt 0.218750 0.625000
vt 0.250000 0.625000
vt 0.281250 0.625000
vt 0.312500 0.625000
vt 0.343750 0.625000
vt 0.375000 0.625000
vt 0.406250 0.625000
vt 0.437500 0.625000
vt 0.468750 0.625000
vt 0.500000 0.625000
vt 0.531250 0.625000
vt 0.562500 0.625000
vt 0.593750 0.625000
vt 0.625000 0.625000
vt 0.656250 0.625000
vt 0.687500 0.625000
vt 0.718750 0.625000
vt 0.750000 0.625000
vt 0.781250 0.625000
vt 0.812500 0.625000
vt 0.843750 0.625000
vt 0.875000 0.625000
vt 0.906250 0.625000
vt 0.937500 0.625000
vt 0.968750 0.625000
vt 1.000000 0.625000
vt 0.031250 0.656250
vt 0.000000 0.656250
vt 0.062500 0.656250
vt 0.093750 0.656250
vt 0.125000 0.656250
vt 0.156250 0.656250
vt 0.187500 0.656250
vt 0.218750 0.656250
vt 0.250000 0.656250
vt 0.281250 0.656250
vt 0.312500 0.656250
vt 0.343750 0.656250
vt 0.375000 0.656250
vt 0.406250 0.656250
vt 0.437500 0.656250
vt 0.468750 0.656250
vt 0.500000 0.656250
vt 0.531250 0.656250
vt 0.562500 0.656250
vt 0.593750 0.656250
vt 0.625000 0.656250
vt 0.656250 0.656250
vt 0.687500 0.656250
vt 0.718750 0.656250
vt 0.750000 0.656250
vt 0.781250 0.656250
vt 0.812500 0.656250
vt 0.843750 0.656250
vt 0.875000 0.656250
vt 0.906250 0.656250
vt 0.937500 0.656250
vt 0.968750 0.656250
vt 1.000000 0.656250
vt 0.031250 0.687500
vt 0.000000 0.687500
vt 0.062500 0.687500
vt 0.093750 0.687500
vt 0.125000 0.687500
vt 0.156250 0.687500
vt 0.187500 0.687500
vt 0.218750 0.687500
vt 0.250000 0.687500
vt 0.281250 0.687500
vt 0.312500 0.687500
vt 0.343750 0.687500
vt 0.375000 0.687500
vt 0.406250 0.687500
vt 0.437500 0.687500
vt 0.468750 0.687500
vt 0.500000 0.687500
vt 0.531250 0.687500
vt 0.562500 0.687500
vt 0.593750 0.687500
vt 0.625000 0.687500
vt 0.656250 0.687500
vt 0.687500 0.687500
vt 0.718750 0.687500
vt 0.750000 0.687500
vt 0.781250 0.687500
vt 0.812500 0.687500
vt 0.843750 0.687500
vt 0.875000 0.687500
vt 0.906250 0.687500
vt 0.937500 0.687500
vt 0.968750 0.687500
vt 1.000000 0.687500
vt 0.031250 0.718750
vt 0.000000 0.718750
vt 0.062500 0.718750
vt 0.093750 0.718750
vt 0.125000 0.718750
vt 0.156250 0.718750
vt 0.187500 0.718750
vt 0.218750 0.718750
vt 0.250000 0.718750
vt 0.281250 0.718750
vt 0.312500 0.718750
vt 0.343750 0.718750
vt 0.375000 0.718750
vt 0.406250 0.718750
vt 0.437500 0.718750
vt 0.468750 0.718750
vt 0.500000 0.718750
vt 0.531250 0.718750
vt 0.562500 0.718750
vt 0.593750 0.718750
vt 0.625000 0.718750
vt 0.656250 0.718750
vt 0.687500 0.718750
vt 0.718750 0.718750
vt 0.750000 0.718750
vt 0.781250 0.718750
vt 0.812500 0.718750
vt 0.843750 0.718750
vt 0.875000 0.718750
vt 0.906250 0.718750
vt 0.937500 0.718750
vt 0.968750 0.718750
vt 1.000000 0.718750
vt 0.031250 0.750000
vt 0.000000 0.750000
vt 0.062500 0.750000
vt 0.093750 0.750000
vt 0.125000 0.750000
vt 0.156250 0.750000
vt 0.187500 0.750000
vt 0.218750 0.750000
vt 0.250000 0.750000
vt 0.281250 0.750000
vt 0.312500 0.750000
vt 0.343750 0.750000
vt 0.375000 0.750000
vt 0.406250 0.750000
vt 0.437500 0.750000
vt 0.468750 0.750000
vt 0.500000 0.750000
vt 0.531250 0.750000
vt 0.562500 0.750000
vt 0.593750 0.750000
vt 0.625000 0.750000
vt 0.656250 0.750000
vt 0.687500 0.750000
vt 0.718750 0.750000
vt 0.750000 0.750000
vt 0.781250 0.750000
vt 0.812500 0.750000
vt 0.843750 0.750000
vt 0.875000 0.750000
vt 0.906250 0.750000
vt 0.937500 0.750000
vt 0.968750 0.750000
vt 1.000000 0.750000
vt 0.031250 0.781250
vt 0.000000 0.781250
vt 0.062500 0.781250
vt 0.093750 0.781250
vt 0.125000 0.781250
vt 0.156250 0.781250
vt 0.187500 0.781250
vt 0.218750 0.781250
vt 0.250000 0.781250
vt 0.281250 0.781250
vt 0.312500 0.781250
vt 0.343750 0.781250
vt 0.375000 0.781250
vt 0.406250 0.781250
vt 0.437500 0.781250
vt 0.468750 0.781250
vt 0.500000 0.781250
vt 0.531250 0.781250
vt 0.562500 0.781250
vt 0.593750 0.781250
vt 0.625000 0.781250
vt 0.656250 0.781250
vt 0.687500 0.781250
vt 0.718750 0.781250
vt 0.750000 0.781250
vt 0.781250 0.781250
vt 0.812500 0.781250
vt 0.843750 0.781250
vt 0.875000 0.781250
vt 0.906250 0.781250
vt 0.937500 0.781250
vt 0.968750 0.781250
vt 1.000000 0.781250
vt 0.031250 0.812500
vt 0.000000 0.812500
vt 0.062500 0.812500
vt 0.093750 0.812500
vt 0.125000 0.812500
vt 0.156250 0.812500
vt 0.187500 0.812500
vt 0.218750 0.812500
vt 0.250000 0.812500
vt 0.281250 0.812500
vt 0.312500 0.812500
vt 0.343750 0.812500
vt 0.375000 0.812500
vt 0.406250 0.812500
vt 0.437500 0.812500
vt 0.468750 0.812500
vt 0.500000 0.812500
vt 0.531250 0.812500
vt 0.562500 0.812500
vt 0.593750 0.812500
vt 0.625000 0.812500
vt 0.656250 0.812500
vt 0.687500 0.812500
vt 0.718750 0.812500
vt 0.750000 0.812500
vt 0.781250 0.812500
vt 0.812500 0.812500
vt 0.843750 0.812500
vt 0.875000 0.812500
vt 0.906250 0.812500
vt 0.937500 0.812500
vt 0.968750 0.812500
vt 1.000000 0.812500
vt 0.031250 0.843750
vt 0.000000 0.843750
vt 0.062500 0.843750
vt 0.093750 0.843750
vt 0.125000 0.843750
vt 0.156250 0.843750
vt 0.187500 0.843750
vt 0.218750 0.843750
vt 0.250000 0.843750
vt 0.281250 0.843750
vt 0.312500 0.843750
vt 0.343750 0.843750
vt 0.375000 0.843750
vt 0.406250 0.843750
vt 0.437500 0.843750
vt 0.468750 0.843750
vt 0.500000 0.843750
vt 0.531250 0.843750
vt 0.562500 0.843750
vt 0.593750 0.843750
vt 0.625000 0.843750
vt 0.656250 0.843750
vt 0.687500 0.843750
vt 0.718750 0.843750
vt 0.750000 0.843750
vt 0.781250 0.843750
vt 0.812500 0.843750
vt 0.843750 0.843750
vt 0.875000 0.843750
vt 0.906250 0.843750
vt 0.937500 0.843750
vt 0.968750 0.843750
vt 1.000000 0.843750
vt 0.031250 0.875000
vt 0.000000 0.875000
vt 0.062500 0.875000
vt 0.093750 0.875000
vt 0.125000 0.875000
vt 0.156250 0.875000
vt 0.187500 0.875000
vt 0.218750 0.875000
vt 0.250000 0.875000
vt 0.281250 0.875000
vt 0.312500 0.875000
vt 0.343750 0.875000
vt 0.375000 0.875000
vt 0.406250 0.875000
vt 0.437500 0.875000
vt 0.468750 0.875000
vt 0.500000 0.875000
vt 0.531250 0.875000
vt 0.562500 0.875000
vt 0.593750 0.875000
vt 0.625000 0.875000
vt 0.656250 0.875000
vt 0.687500 0.875000
vt 0.718750 0.875000
vt 0.750000 0.875000
vt 0.781250 0.875000
vt 0.812500 0.875000
vt 0.843750 0.875000
vt 0.875000 0.875000
vt 0.906250 0.875000
vt 0.937500 0.875000
vt 0.968750 0.875000
vt 1.000000 0.875000
vt 0.031250 0.906250
vt 0.000000 0.906250
vt 0.062500 0.906250
vt 0.093750 0.906250
vt 0.125000 0.906250
vt 0.156250 0.906250
vt 0.187500 0.906250
vt 0.218750 0.906250
vt 0.250000 0.906250
vt 0.281250 0.906250
vt 0.312500 0.906250
vt 0.343750 0.906250
vt 0.375000 0.906250
vt 0.406250 0.906250
vt 0.437500 0.906250
vt 0.468750 0.906250
vt 0.500000 0.906250
vt 0.531250 0.906250
vt 0.562500 0.906250
vt 0.593750 0.906250
vt 0.625000 0.906250
vt 0.656250 0.906250
vt 0.687500 0.906250
vt 0.718750 0.906250
vt 0.750000 0.906250
vt 0.781250 0.906250
vt 0.812500 0.906250
vt 0.843750 0.906250
vt 0.875000 0.906250
vt 0.906250 0.906250
vt 0.937500 0.906250
vt 0.968750 0.906250
vt 1.000000 0.906250
vt 0.031250 0.937500
vt 0.000000 0.937500
vt 0.062500 0.937500
vt 0.093750 0.937500
vt 0.125000 0.937500
vt 0.156250 0.937500
vt 0.187500 0.937500
vt 0.218750 0.937500
vt 0.250000 0.937500
vt 0.281250 0.937500
vt 0.312500 0.937500
vt 0.343750 0.937500
vt 0.375000 0.937500
vt 0.406250 0.937500
vt 0.437500 0.937500
vt 0.468750 0.937500
vt 0.500000 0.937500
vt 0.531250 0.937500
vt 0.562500 0.937500
vt 0.593750 0.937500
vt 0.625000 0.937500
vt 0.656250 0.937500
vt 0.687500 0.937500
vt 0.718750 0.937500
vt 0.750000 0.937500
vt 0.781250 0.937500
vt 0.812500 0.937500
vt 0.843750 0.937500
vt 0.875000 0.937500
vt 0.906250 0.937500
vt 0.937500 0.937500
vt 0.968750 0.937500
vt 1.000000 0.937500
vt 0.031250 0.968750
vt 0.000000 0.968750
vt 0.062500 0.968750
vt 0.093750 0.968750
vt 0.125000 0.968750
vt 0.156250 0.968750
vt 0.187500 0.968750
vt 0.218750 0.968750
vt 0.250000 0.968750
vt 0.281250 0.968750
vt 0.312500 0.968750
vt 0.343750 0.968750
vt 0.375000 0.968750
vt 0.406250 0.968750
vt 0.437500 0.968750
vt 0.468750 0.968750
vt 0.500000 0.968750
vt 0.531250 0.968750
vt 0.562500 0.968750
vt 0.593750 0.968750
vt 0.625000 0.968750
vt 0.656250 0.968750
vt 0.687500 0.968750
vt 0.718750 0.968750
vt 0.750000 0.968750
vt 0.781250 0.968750
vt 0.812500 0.968750
vt 0.843750 0.968750
vt 0.875000 0.968750
vt 0.906250 0.968750
vt 0.937500 0.968750
vt 0.968750 0.968750
vt 1.000000 0.968750
vt 0.031250 1.000000
vt 0.000000 1.000000
vt 0.062500 1.000000
vt 0.093750 1.000000
vt 0.125000 1.000000
vt 0.156250 1.000000
vt 0.187500 1.000000
vt 0.218750 1.000000
vt 0.250000 1.000000
vt 0.281250 1.000000
vt 0.312500 1.000000
vt 0.343750 1.000000
vt 0.375000 1.000000
vt 0.406250 1.000000
vt 0.437500 1.000000
vt 0.468750 1.000000
vt 0.500000 1.000000
vt 0.531250 1.000000
vt 0.562500 1.000000
vt 0.593750 1.000000
vt 0.625000 1.000000
vt 0.656250 1.000000
vt 0.687500 1.000000
vt 0.718750 1.000000
vt 0.750000 1.000000
vt 0.781250 1.000000
vt 0.812500 1.000000
vt 0.843750 1.000000
vt 0.875000 1.000000
vt 0.906250 1.000000
vt 0.937500 1.000000
vt 0.968750 1.000000
vt 1.000000 1.000000
vn 0.0000 -1.0000 0.0000
vn -0.4186 -0.9022 -0.1039
vn -0.3999 -0.8981 -0.1828
vn 0.0000 -1.0000 -0.0002
vn -0.4037 -0.9120 -0.0729
vn -0.0030 -0.9998 -0.0154
vn -0.3513 -0.9339 -0.0664
vn 0.0055 -1.0000 -0.0019
vn -0.2623 -0.9484 0.1779
vn 0.0084 -0.9998 0.0133
vn -0.2428 -0.9102 0.3354
vn -0.3134 -0.8952 0.3168
vn -0.2534 -0.8942 0.3690
vn -0.1765 -0.8942 0.4114
vn -0.0929 -0.8942 0.4379
vn -0.0056 -0.8942 0.4476
vn 0.0422 -0.8989 0.4362
vn 0.1010 -0.9142 0.3925
vn -0.0006 -1.0000 0.0004
vn 0.2070 -0.9228 0.3249
vn -0.0020 -1.0000 0.0016
vn 0.2651 -0.9221 0.2818
vn -0.0018 -1.0000 0.0010
vn 0.2767 -0.9282 0.2488
vn -0.0005 -1.0000 -0.0009
vn 0.2935 -0.9406 0.1706
vn -0.0003 -1.0000 -0.0014
vn 0.3177 -0.9461 0.0628
vn -0.0004 -1.0000 -0.0013
vn 0.3392 -0.9393 -0.0517
vn -0.0004 -1.0000 -0.0012
vn 0.3614 -0.9193 -0.1556
vn -0.0002 -1.0000 -0.0005
vn 0.3830 -0.9011 -0.2033
vn 0.3744 -0.8947 -0.2437
vn 0.3222 -0.8943 -0.3104
vn 0.2548 -0.8943 -0.3677
vn 0.1764 -0.8943 -0.4112
vn 0.0910 -0.8943 -0.4380
vn 0.0047 -0.8946 -0.4469
vn 0.0002 -1.0000 -0.0000
vn 0.0086 -0.9050 -0.4253
vn -0.1057 -0.9342 -0.3407
vn -0.0002 -1.0000 0.0001
vn -0.2904 -0.9163 -0.2756
vn -0.3290 -0.8991 -0.2886
vn -0.3638 -0.8957 -0.2555
vn -0.7038 -0.6807 -0.2032
vn -0.6768 -0.6626 -0.3207
vn -0.7036 -0.6961 -0.1422
vn -0.7060 -0.7013 -0.0992
vn -0.5993 -0.6698 0.4384
vn -0.4530 -0.6064 0.6534
vn -0.5626 -0.6051 0.5633
vn -0.4681 -0.6193 0.6303
vn -0.3025 -0.6358 0.7101
vn -0.1349 -0.6171 0.7752
vn -0.0106 -0.6052 0.7959
vn 0.0176 -0.6284 0.7777
vn 0.1013 -0.7007 0.7062
vn 0.3811 -0.7336 0.5627
vn 0.5165 -0.7035 0.4881
vn 0.5574 -0.6823 0.4731
vn 0.6575 -0.6631 0.3577
vn 0.7568 -0.6386 0.1393
vn 0.7649 -0.6351 -0.1075
vn 0.7100 -0.6309 -0.3127
vn 0.6873 -0.6193 -0.3796
vn 0.6632 -0.6181 -0.4219
vn 0.5738 -0.6353 -0.5167
vn 0.4321 -0.6486 -0.6266
vn 0.2988 -0.6445 -0.7038
vn 0.1772 -0.6544 -0.7350
vn 0.0297 -0.6739 -0.7382
vn 0.0490 -0.6865 -0.7254
vn -0.1536 -0.7638 -0.6269
vn -0.5262 -0.7348 -0.4280
vn -0.5828 -0.6854 -0.4365
vn -0.6196 -0.6626 -0.4208
vn -0.8159 -0.5281 -0.2353
vn -0.7502 -0.5710 -0.3334
vn -0.8845 -0.4525 -0.1138
vn -0.9449 -0.3267 0.0223
vn -0.8049 -0.3059 0.5084
vn -0.5517 -0.4348 0.7117
vn -0.6193 -0.5605 0.5499
vn -0.5449 -0.6334 0.5494
vn -0.2505 -0.6922 0.6768
vn -0.0366 -0.5938 0.8037
vn -0.0033 -0.5449 0.8385
vn -0.0197 -0.5132 0.8580
vn 0.1143 -0.4509 0.8852
vn 0.4586 -0.4781 0.7490
vn 0.6202 -0.5516 0.5578
vn 0.6635 -0.5561 0.5005
vn 0.7948 -0.5009 0.3427
vn 0.8924 -0.4303 0.1357
vn 0.8925 -0.4468 -0.0607
vn 0.8088 -0.5222 -0.2705
vn 0.7212 -0.5900 -0.3631
vn 0.6801 -0.6500 -0.3391
vn 0.5672 -0.7360 -0.3695
vn 0.3134 -0.7550 -0.5760
vn 0.2259 -0.6787 -0.6987
vn 0.2040 -0.6558 -0.7268
vn 0.0366 -0.6538 -0.7558
vn 0.0548 -0.6000 -0.7981
vn -0.1380 -0.5987 -0.7890
vn -0.5666 -0.6588 -0.4949
vn -0.6618 -0.6530 -0.3683
vn -0.6807 -0.6126 -0.4017
vn -0.8660 -0.4600 -0.1962
vn -0.8074 -0.4956 -0.3201
vn -0.9204 -0.3904 -0.0215
vn -0.9370 -0.3179 0.1444
vn -0.8315 -0.3696 0.4146
vn -0.6494 -0.4909 0.5807
vn -0.6533 -0.5195 0.5507
vn -0.6790 -0.4986 0.5388
vn -0.2992 -0.5009 0.8121
vn 0.0454 -0.5104 0.8587
vn 0.0053 -0.5195 0.8544
vn 0.0808 -0.4624 0.8830
vn 0.2081 -0.3380 0.9178
vn 0.4611 -0.2962 0.8365
vn 0.6348 -0.3663 0.6803
vn 0.6826 -0.4719 0.5579
vn 0.7783 -0.5564 0.2908
vn 0.8681 -0.4928 0.0590
vn 0.8913 -0.4534 -0.0073
vn 0.8622 -0.4784 -0.1663
vn 0.7880 -0.5560 -0.2643
vn 0.7406 -0.6288 -0.2367
vn 0.6717 -0.6424 -0.3689
vn 0.3340 -0.6529 -0.6798
vn 0.1319 -0.6342 -0.7618
vn 0.1482 -0.5414 -0.8275
vn -0.0249 -0.4319 -0.9016
vn -0.0832 -0.3076 -0.9478
vn -0.1597 -0.1930 -0.9681
vn -0.6035 -0.2507 -0.7569
vn -0.7853 -0.4281 -0.4472
vn -0.7577 -0.5000 -0.4192
vn -0.8827 -0.4160 -0.2185
vn -0.8665 -0.3790 -0.3247
vn -0.8585 -0.5121 -0.0282
vn -0.8038 -0.5834 0.1159
vn -0.7329 -0.6270 0.2640
vn -0.5958 -0.5935 0.5411
vn -0.6183 -0.4807 0.6218
vn -0.6930 -0.3680 0.6199
vn -0.3137 -0.3369 0.8877
vn -0.0444 -0.4173 0.9077
vn -0.0398 -0.5513 0.8333
vn 0.1672 -0.5642 0.8085
vn 0.3093 -0.4987 0.8097
vn 0.4042 -0.4623 0.7892
vn 0.5130 -0.5127 0.6884
vn 0.5744 -0.5828 0.5747
vn 0.7647 -0.6121 0.2014
vn 0.8672 -0.4949 -0.0547
vn 0.9055 -0.4230 -0.0329
vn 0.9073 -0.3936 -0.1481
vn 0.8914 -0.3978 -0.2172
vn 0.8896 -0.2879 -0.3547
vn 0.8050 -0.0731 -0.5888
vn 0.5027 -0.0510 -0.8629
vn 0.1804 -0.1927 -0.9645
vn 0.0680 -0.2581 -0.9637
vn -0.0595 -0.2354 -0.9701
vn -0.1795 -0.2271 -0.9572
vn -0.2439 -0.1305 -0.9610
vn -0.4920 -0.1055 -0.8642
vn -0.7219 -0.2968 -0.6250
vn -0.7984 -0.4093 -0.4416
vn -0.8398 -0.4747 -0.2634
vn -0.8446 -0.4420 -0.3020
vn -0.8863 -0.4624 -0.0238
vn -0.9237 -0.3566 0.1397
vn -0.8952 -0.2318 0.3805
vn -0.7108 -0.1810 0.6796
vn -0.6708 -0.3231 0.6675
vn -0.6119 -0.4263 0.6662
vn -0.2356 -0.3182 0.9183
vn -0.1683 -0.2500 0.9535
vn -0.1285 -0.3139 0.9407
vn 0.1718 -0.4033 0.8988
vn 0.3471 -0.4621 0.8161
vn 0.3978 -0.4715 0.7870
vn 0.4914 -0.4615 0.7386
vn 0.6317 -0.4529 0.6292
vn 0.9074 -0.3672 0.2045
vn 0.9506 -0.2975 -0.0891
vn 0.9328 -0.3588 -0.0343
vn 0.9034 -0.4070 -0.1347
vn 0.8965 -0.3411 -0.2828
vn 0.8345 -0.0952 -0.5427
vn 0.7399 0.0341 -0.6719
vn 0.6422 -0.0801 -0.7623
vn 0.2509 -0.2162 -0.9435
vn 0.0340 -0.2183 -0.9753
vn -0.0127 -0.2684 -0.9632
vn -0.1558 -0.3537 -0.9222
vn -0.2893 -0.3845 -0.8766
vn -0.4013 -0.3847 -0.8312
vn -0.5413 -0.4671 -0.6991
vn -0.7508 -0.5249 -0.4010
vn -0.8860 -0.4208 -0.1947
vn -0.8103 -0.5098 -0.2890
vn -0.9679 -0.2102 0.1379
vn -0.9689 0.0516 0.2418
vn -0.8836 0.1717 0.4356
vn -0.7830 0.0486 0.6201
vn -0.8137 -0.2384 0.5300
vn -0.5539 -0.3296 0.7645
vn -0.1275 -0.1569 0.9793
vn -0.1810 -0.0550 0.9819
vn -0.1770 -0.0474 0.9831
vn 0.0268 -0.2353 0.9715
vn 0.2724 -0.4835 0.8319
vn 0.4878 -0.4440 0.7515
vn 0.6245 -0.2037 0.7539
vn 0.7119 -0.1089 0.6937
vn 0.9238 -0.2344 0.3027
vn 0.9377 -0.3457 -0.0331
vn 0.9008 -0.4340 0.0116
vn 0.8657 -0.4927 -0.0881
vn 0.7822 -0.5177 -0.3467
vn 0.6878 -0.4537 -0.5666
vn 0.6618 -0.4756 -0.5794
vn 0.5980 -0.4843 -0.6386
vn 0.2650 -0.4625 -0.8461
vn 0.0105 -0.3965 -0.9180
vn 0.0403 -0.3884 -0.9206
vn -0.1187 -0.4214 -0.8990
vn -0.3038 -0.4134 -0.8584
vn -0.4606 -0.3198 -0.8280
vn -0.5214 -0.2814 -0.8055
vn -0.7682 -0.4005 -0.4993
vn -0.9643 -0.1889 -0.1855
vn -0.9241 -0.0822 -0.3731
vn -0.9536 -0.1469 0.2628
vn -0.9396 -0.0827 0.3320
vn -0.9120 -0.1521 0.3810
vn -0.8215 -0.3399 0.4579
vn -0.8219 -0.3563 0.4443
vn -0.5148 -0.2089 0.8314
vn -0.0827 -0.0581 0.9949
vn -0.1728 -0.0592 0.9832
vn -0.1508 -0.0198 0.9883
vn -0.1416 -0.0355 0.9893
vn 0.2115 -0.1345 0.9681
vn 0.6182 -0.1764 0.7660
vn 0.7111 -0.1574 0.6852
vn 0.6904 -0.1469 0.7083
vn 0.9268 -0.1525 0.3431
vn 0.9925 -0.1194 -0.0256
vn 0.9963 -0.0821 0.0227
vn 0.9921 -0.1029 -0.0713
vn 0.9141 -0.2084 -0.3478
vn 0.7672 -0.3558 -0.5336
vn 0.6494 -0.3212 -0.6893
vn 0.6312 -0.2032 -0.7485
vn 0.3296 -0.2438 -0.9121
vn -0.0290 -0.2652 -0.9637
vn 0.0345 -0.2054 -0.9781
vn -0.1598 -0.1316 -0.9783
vn -0.3660 -0.0587 -0.9287
vn -0.5529 0.0295 -0.8327
vn -0.5643 0.1502 -0.8118
vn -0.7989 0.1009 -0.5928
vn -0.9611 -0.0370 -0.2737
vn -0.8661 0.1406 -0.4796
vn -0.9551 -0.2403 0.1733
vn -0.8763 -0.3498 0.3312
vn -0.8768 -0.4183 0.2371
vn -0.7868 -0.4136 0.4581
vn -0.7698 -0.1415 0.6224
vn -0.4750 -0.0048 0.8800
vn -0.1079 -0.0904 0.9900
vn -0.1656 -0.1220 0.9786
vn -0.0822 -0.0532 0.9952
vn -0.0579 0.1645 0.9846
vn 0.1933 0.3925 0.8992
vn 0.5259 0.2763 0.8044
vn 0.6719 -0.0260 0.7401
vn 0.7705 0.0335 0.6366
vn 0.9123 0.2735 0.3049
vn 0.9721 0.2311 0.0386
vn 0.9972 0.0231 0.0711
vn 0.9951 -0.0909 -0.0378
vn 0.9365 -0.0352 -0.3489
vn 0.8166 0.1299 -0.5624
vn 0.6536 0.1378 -0.7441
vn 0.6327 0.0240 -0.7740
vn 0.3605 -0.0655 -0.9304
vn -0.0482 -0.0459 -0.9978
vn 0.0316 -0.0521 -0.9981
vn -0.1540 -0.1017 -0.9828
vn -0.3529 -0.1702 -0.9200
vn -0.5784 -0.2145 -0.7870
vn -0.6867 -0.0694 -0.7236
vn -0.7575 0.1517 -0.6349
vn -0.9369 0.1133 -0.3307
vn -0.9015 -0.0424 -0.4306
vn -0.9983 0.0092 0.0580
vn -0.9348 -0.0960 0.3419
vn -0.9654 -0.0202 0.2600
vn -0.7914 0.1169 0.6000
vn -0.6261 0.2895 0.7240
vn -0.5460 0.2000 0.8135
vn -0.2304 -0.1041 0.9675
vn -0.1627 -0.2655 0.9503
vn -0.0618 -0.3080 0.9493
vn 0.1298 -0.2088 0.9693
vn 0.3073 -0.0229 0.9513
vn 0.3677 -0.0469 0.9287
vn 0.6263 -0.1392 0.7671
vn 0.8965 -0.0003 0.4431
vn 0.9551 0.0528 0.2915
vn 0.9713 -0.1318 0.1976
vn 0.9713 -0.2142 0.1032
vn 0.9913 -0.0888 -0.0965
vn 0.8920 0.1021 -0.4403
vn 0.8342 0.1229 -0.5375
vn 0.7726 -0.1794 -0.6090
vn 0.5927 -0.2373 -0.7697
vn 0.2471 0.0332 -0.9684
vn 0.0124 0.0850 -0.9963
vn 0.0575 -0.0286 -0.9979
vn -0.1136 -0.0866 -0.9897
vn -0.3582 -0.0837 -0.9299
vn -0.6239 -0.0263 -0.7810
vn -0.7172 -0.0567 -0.6945
vn -0.7609 -0.1768 -0.6243
vn -0.9730 0.0405 -0.2272
vn -0.9319 -0.1628 -0.3242
vn -0.9648 0.2586 0.0461
vn -0.8987 0.2856 0.3326
vn -0.8785 0.3457 0.3297
vn -0.7176 0.3710 0.5894
vn -0.6459 0.2577 0.7186
vn -0.6826 0.1677 0.7113
vn -0.4036 0.0023 0.9149
vn -0.1636 -0.0664 0.9843
vn -0.0652 -0.0175 0.9977
vn 0.2104 -0.0084 0.9776
vn 0.3468 -0.0333 0.9373
vn 0.3113 -0.0312 0.9498
vn 0.6271 -0.0422 0.7778
vn 0.9179 -0.0751 0.3895
vn 0.9325 -0.1162 0.3420
vn 0.9658 -0.0821 0.2460
vn 0.9981 0.0429 0.0428
vn 0.9848 0.1097 -0.1342
vn 0.9116 -0.0668 -0.4056
vn 0.8626 -0.2881 -0.4158
vn 0.7784 -0.2829 -0.5604
vn 0.4267 -0.0797 -0.9009
vn 0.1570 0.1069 -0.9818
vn 0.1296 -0.0008 -0.9915
vn 0.0318 -0.0326 -0.9989
vn -0.1587 0.1445 -0.9767
vn -0.3865 0.3086 -0.8691
vn -0.6040 0.3334 -0.7239
vn -0.5988 0.1981 -0.7760
vn -0.7114 -0.0750 -0.6987
vn -0.9857 0.1534 -0.0694
vn -0.9486 0.0819 -0.3056
vn -0.9560 0.2828 0.0774
vn -0.9357 0.2171 0.2781
vn -0.9304 0.0767 0.3583
vn -0.8551 -0.1355 0.5004
vn -0.6528 -0.2916 0.6991
vn -0.6421 -0.1265 0.7561
vn -0.4447 0.0266 0.8952
vn -0.0852 0.1064 0.9907
vn -0.0052 0.2294 0.9733
vn 0.1747 0.2416 0.9545
vn 0.3474 0.2429 0.9057
vn 0.3525 0.3323 0.8748
vn 0.5600 0.3631 0.7447
vn 0.8598 0.2731 0.4314
vn 0.9174 0.2299 0.3249
vn 0.9460 0.1957 0.2586
vn 0.9968 0.0584 0.0549
vn 0.9866 -0.1553 -0.0489
vn 0.9184 -0.2348 -0.3185
vn 0.8459 -0.0306 -0.5325
vn 0.7176 0.3003 -0.6283
vn 0.3743 0.3579 -0.8554
vn 0.2169 0.1418 -0.9658
vn 0.1933 0.0578 -0.9794
vn 0.0092 0.0341 -0.9994
vn -0.2105 0.0002 -0.9776
vn -0.4197 -0.0506 -0.9062
vn -0.6066 -0.1263 -0.7849
vn -0.5827 -0.1090 -0.8053
vn -0.6672 0.0400 -0.7438
vn -0.9930 0.1148 -0.0257
vn -0.9681 -0.0062 -0.2503
vn -0.9975 0.0479 0.0514
vn -0.9801 -0.0586 0.1893
vn -0.9477 -0.1889 0.2572
vn -0.8826 -0.3224 0.3421
vn -0.6026 -0.2817 0.7467
vn -0.4790 -0.1074 0.8712
vn -0.4665 -0.0485 0.8831
vn -0.0414 -0.1088 0.9932
vn -0.0081 -0.1568 0.9876
vn 0.0617 -0.3201 0.9453
vn 0.4156 -0.3216 0.8508
vn 0.5052 -0.1098 0.8560
vn 0.6152 0.1270 0.7781
vn 0.8369 0.1486 0.5267
vn 0.9093 -0.0590 0.4120
vn 0.9294 -0.2078 0.3050
vn 0.9788 -0.1906 0.0747
vn 0.9976 -0.0225 -0.0659
vn 0.9270 0.1540 -0.3419
vn 0.7382 0.2011 -0.6438
vn 0.6536 0.1894 -0.7328
vn 0.4996 0.1743 -0.8485
vn 0.2798 0.1043 -0.9543
vn 0.1907 0.0717 -0.9790
vn 0.0814 -0.0143 -0.9966
vn -0.1584 -0.1628 -0.9738
vn -0.4215 -0.1884 -0.8870
vn -0.5950 -0.1330 -0.7926
vn -0.5634 -0.1772 -0.8069
vn -0.7042 -0.2112 -0.6779
vn -0.9816 -0.1831 -0.0536
vn -0.9770 -0.1307 -0.1683
vn -0.9850 -0.1668 0.0429
vn -0.9798 -0.1013 0.1725
vn -0.9684 -0.0228 0.2481
vn -0.8993 0.1366 0.4153
vn -0.5796 0.2492 0.7759
vn -0.4733 0.2095 0.8556
vn -0.5416 0.0711 0.8376
vn -0.1032 -0.0204 0.9944
vn -0.0581 -0.0645 0.9962
vn 0.0085 -0.0910 0.9958
vn 0.4464 -0.1583 0.8807
vn 0.5642 -0.2524 0.7861
vn 0.7087 -0.2073 0.6743
vn 0.7987 -0.1277 0.5880
vn 0.8159 -0.2172 0.5358
vn 0.9522 -0.1926 0.2369
vn 0.9970 0.0423 -0.0644
vn 0.9547 0.2582 -0.1476
vn 0.9255 0.1877 -0.3289
vn 0.7944 -0.0248 -0.6068
vn 0.6595 -0.1422 -0.7381
vn 0.5139 -0.0926 -0.8528
vn 0.2797 -0.0065 -0.9600
vn 0.1977 0.0038 -0.9803
vn 0.1039 0.0352 -0.9940
vn -0.1594 0.1121 -0.9808
vn -0.4482 0.1926 -0.8730
vn -0.5860 0.2300 -0.7769
vn -0.4753 0.1276 -0.8705
vn -0.7407 -0.0417 -0.6706
vn -0.9899 -0.0150 -0.1411
vn -0.9460 0.1883 -0.2640
vn -0.9919 -0.1172 0.0497
vn -0.9734 -0.1296 0.1890
vn -0.9442 -0.0785 0.3198
vn -0.8496 0.0039 0.5273
vn -0.5918 0.0017 0.8061
vn -0.4973 0.0239 0.8672
vn -0.5230 0.1544 0.8382
vn -0.1611 0.1750 0.9713
vn -0.0178 0.1381 0.9902
vn 0.0369 0.3021 0.9525
vn 0.3586 0.3216 0.8763
vn 0.4637 0.1105 0.8790
vn 0.6950 -0.1218 0.7086
vn 0.8051 -0.1840 0.5638
vn 0.8187 -0.1084 0.5638
vn 0.9807 -0.0380 0.1920
vn 0.9798 0.0095 -0.1996
vn 0.9859 -0.0049 -0.1672
vn 0.9658 -0.0009 -0.2593
vn 0.8241 0.0342 -0.5654
vn 0.6820 0.0390 -0.7303
vn 0.4932 0.0193 -0.8697
vn 0.2752 0.0186 -0.9612
vn 0.2011 0.0228 -0.9793
vn 0.0502 0.0605 -0.9969
vn -0.2111 0.1097 -0.9713
vn -0.4335 0.0788 -0.8977
vn -0.5705 0.0003 -0.8213
vn -0.5176 0.0703 -0.8527
vn -0.7108 0.2752 -0.6473
vn -0.9639 0.0490 -0.2618
vn -0.9186 0.1225 -0.3756
vn -0.9979 -0.0647 -0.0020
vn -0.9760 -0.1336 0.1719
vn -0.9250 -0.1892 0.3294
vn -0.8133 -0.2512 0.5247
vn -0.5670 -0.2310 0.7906
vn -0.3842 -0.1009 0.9177
vn -0.4209 0.0577 0.9052
vn -0.2586 0.0517 0.9646
vn 0.0064 -0.0219 0.9997
vn 0.1845 0.0368 0.9821
vn 0.3359 0.1075 0.9357
vn 0.3591 0.1213 0.9254
vn 0.6507 0.0749 0.7556
vn 0.8387 0.0294 0.5437
vn 0.8568 0.0681 0.5111
vn 0.9807 0.0308 0.1928
vn 0.9864 -0.1173 -0.1147
vn 0.9669 -0.1841 -0.1769
vn 0.9345 -0.0970 -0.3424
vn 0.7947 0.0135 -0.6068
vn 0.6632 0.0739 -0.7447
vn 0.4934 0.0928 -0.8648
vn 0.3296 0.0162 -0.9440
vn 0.2373 -0.0925 -0.9670
vn 0.0247 -0.1480 -0.9887
vn -0.2265 -0.1624 -0.9604
vn -0.3773 -0.1809 -0.9082
vn -0.5147 -0.2192 -0.8288
vn -0.6358 -0.1579 -0.7555
vn -0.8286 0.0368 -0.5585
vn -0.9405 0.1635 -0.2979
vn -0.9102 0.1256 -0.3946
vn -0.9811 0.1918 -0.0248
vn -0.9610 0.2127 0.1766
vn -0.9122 0.2386 0.3331
vn -0.8136 0.2350 0.5317
vn -0.5705 0.2318 0.7878
vn -0.3732 0.1355 0.9178
vn -0.3910 0.0414 0.9194
vn -0.2942 0.0490 0.9545
vn -0.0018 0.0688 0.9976
vn 0.2285 0.0519 0.9721
vn 0.3534 0.0469 0.9343
vn 0.4227 0.1364 0.8959
vn 0.6120 0.2879 0.7366
vn 0.7882 0.3345 0.5165
vn 0.8295 0.3494 0.4356
vn 0.8902 0.3864 0.2411
vn 0.9345 0.3560 0.0025
vn 0.9245 0.3225 -0.2030
vn 0.8700 0.2958 -0.3944
vn 0.7688 0.2605 -0.5840
vn 0.6511 0.2082 -0.7299
vn 0.5105 0.1706 -0.8427
vn 0.3913 0.1366 -0.9100
vn 0.2565 0.1571 -0.9537
vn 0.0206 0.1867 -0.9822
vn -0.2229 0.1899 -0.9561
vn -0.3644 0.1874 -0.9121
vn -0.5040 0.1810 -0.8445
vn -0.6888 0.1620 -0.7065
vn -0.8595 0.1321 -0.4937
vn -0.4750 0.8636 -0.1691
vn -0.4676 0.8587 -0.2095
vn -0.4763 0.8792 -0.0071
vn -0.4446 0.8905 0.0968
vn -0.4193 0.8918 0.1697
vn -0.3535 0.9005 0.2530
vn -0.2788 0.8820 0.3799
vn -0.2439 0.8118 0.5306
vn -0.2601 0.7697 0.5830
vn -0.1809 0.7993 0.5730
vn -0.0024 0.8233 0.5676
vn 0.1341 0.8096 0.5714
vn 0.2116 0.8019 0.5587
vn 0.2704 0.8253 0.4957
vn 0.3595 0.8489 0.3873
vn 0.4337 0.8523 0.2924
vn 0.4542 0.8602 0.2316
vn 0.4467 0.8845 0.1343
vn 0.4171 0.9085 0.0256
vn 0.3956 0.9134 -0.0954
vn 0.3914 0.9005 -0.1892
vn 0.3793 0.8855 -0.2684
vn 0.3394 0.8695 -0.3587
vn 0.2809 0.8505 -0.4447
vn 0.2224 0.8437 -0.4886
vn 0.1365 0.8602 -0.4914
vn 0.0059 0.8750 -0.4840
vn -0.1137 0.8687 -0.4820
vn -0.1866 0.8629 -0.4696
vn -0.2399 0.8746 -0.4212
vn -0.3156 0.8892 -0.3311
vn -0.4126 0.8789 -0.2394
vn -0.6032 0.7863 -0.1333
vn -0.5665 0.7854 -0.2493
vn -0.6176 0.7865 -0.0054
vn -0.6071 0.7858 0.1176
vn -0.5730 0.7855 0.2340
vn -0.5188 0.7848 0.3389
vn -0.4446 0.7851 0.4311
vn -0.3505 0.7851 0.5105
vn -0.2443 0.7851 0.5690
vn -0.1286 0.7852 0.6058
vn -0.0078 0.7852 0.6192
vn 0.1131 0.7852 0.6088
vn 0.2297 0.7852 0.5750
vn 0.3374 0.7852 0.5192
vn 0.4322 0.7852 0.4433
vn 0.5106 0.7852 0.3504
vn 0.5687 0.7852 0.2448
vn 0.6054 0.7854 0.1291
vn 0.6190 0.7853 0.0074
vn 0.6088 0.7851 -0.1135
vn 0.5759 0.7848 -0.2287
vn 0.5212 0.7849 -0.3351
vn 0.4459 0.7851 -0.4298
vn 0.3523 0.7854 -0.5089
vn 0.2446 0.7856 -0.5683
vn 0.1266 0.7855 -0.6057
vn 0.0040 0.7852 -0.6192
vn -0.1158 0.7850 -0.6085
vn -0.2313 0.7850 -0.5747
vn -0.3385 0.7851 -0.5186
vn -0.4325 0.7852 -0.4432
vn -0.5098 0.7852 -0.3515
vn -0.9782 0.0000 -0.2075
vn -0.9189 0.0000 -0.3943
vn -0.9999 0.0000 -0.0126
vn -0.9832 0.0000 0.1827
vn -0.9286 0.0000 0.3710
vn -0.8384 0.0000 0.5450
vn -0.7160 0.0000 0.6981
vn -0.5660 0.0000 0.8244
vn -0.3943 0.0000 0.9189
vn -0.2075 0.0000 0.9782
vn -0.0126 0.0000 0.9999
vn 0.1827 0.0000 0.9832
vn 0.3710 0.0000 0.9286
vn 0.5450 0.0000 0.8384
vn 0.6981 0.0000 0.7160
vn 0.8244 0.0000 0.5660
vn 0.9189 0.0000 0.3943
vn 0.9782 0.0000 0.2075
vn 0.9999 0.0000 0.0126
vn 0.9833 0.0000 -0.1821
vn 0.9296 0.0000 -0.3686
vn 0.8411 0.0000 -0.5409
vn 0.7199 0.0000 -0.6940
vn 0.5693 0.0000 -0.8221
vn 0.3943 0.0000 -0.9189
vn 0.2035 0.0000 -0.9791
vn 0.0070 0.0000 -1.0000
vn -0.1874 0.0000 -0.9823
vn -0.3733 0.0000 -0.9277
vn -0.5455 0.0000 -0.8381
vn -0.6981 0.0000 -0.7160
vn -0.8244 0.0000 -0.5660
vn -0.6687 -0.7299 -0.1418
vn -0.6282 -0.7299 -0.2696
vn -0.6836 -0.7298 -0.0086
vn -0.6721 -0.7298 0.1249
vn -0.6348 -0.7299 0.2536
vn -0.5731 -0.7298 0.3726
vn -0.4895 -0.7299 0.4772
vn -0.3869 -0.7298 0.5635
vn -0.2695 -0.7299 0.6282
vn -0.1418 -0.7298 0.6687
vn -0.0086 -0.7299 0.6835
vn 0.1249 -0.7299 0.6721
vn 0.2536 -0.7298 0.6348
vn 0.3725 -0.7298 0.5732
vn 0.4772 -0.7299 0.4894
vn 0.5636 -0.7298 0.3869
vn 0.6282 -0.7299 0.2695
vn 0.6687 -0.7298 0.1418
vn 0.6835 -0.7299 0.0086
vn 0.6723 -0.7297 -0.1245
vn 0.6358 -0.7295 -0.2521
vn 0.5752 -0.7296 -0.3699
vn 0.4921 -0.7299 -0.4744
vn 0.3890 -0.7302 -0.5617
vn 0.2693 -0.7304 -0.6276
vn 0.1390 -0.7302 -0.6689
vn 0.0048 -0.7299 -0.6836
vn -0.1282 -0.7296 -0.6717
vn -0.2553 -0.7295 -0.6345
vn -0.3730 -0.7297 -0.5730
vn -0.4772 -0.7299 -0.4894
vn -0.5636 -0.7298 -0.3869
vn -0.7120 -0.6857 -0.1510
vn -0.6689 -0.6857 -0.2870
vn -0.7278 -0.6857 -0.0092
vn -0.7156 -0.6857 0.1329
vn -0.6759 -0.6857 0.2700
vn -0.6102 -0.6857 0.3967
vn -0.5212 -0.6857 0.5081
vn -0.4120 -0.6857 0.6000
vn -0.2870 -0.6857 0.6689
vn -0.1510 -0.6857 0.7120
vn -0.0092 -0.6857 0.7278
vn 0.1329 -0.6857 0.7156
vn 0.2700 -0.6857 0.6759
vn 0.3967 -0.6857 0.6102
vn 0.5081 -0.6857 0.5212
vn 0.6000 -0.6857 0.4120
vn 0.6689 -0.6857 0.2870
vn 0.7120 -0.6857 0.1510
vn 0.7278 -0.6857 0.0092
vn 0.7156 -0.6858 -0.1325
vn 0.6764 -0.6860 -0.2682
vn 0.6120 -0.6859 -0.3936
vn 0.5240 -0.6857 -0.5052
vn 0.4146 -0.6854 -0.5987
vn 0.2872 -0.6852 -0.6693
vn 0.1482 -0.6854 -0.7129
vn 0.0051 -0.6857 -0.7279
vn -0.1364 -0.6859 -0.7148
vn -0.2716 -0.6860 -0.6750
vn -0.3970 -0.6858 -0.6099
vn -0.5081 -0.6857 -0.5211
vn -0.6001 -0.6857 -0.4120
vn -0.9615 -0.1839 -0.2039
vn -0.9033 -0.1839 -0.3876
vn -0.9828 -0.1839 -0.0125
vn -0.9664 -0.1840 0.1795
vn -0.9128 -0.1840 0.3646
vn -0.8241 -0.1840 0.5357
vn -0.7038 -0.1840 0.6861
vn -0.5564 -0.1840 0.8103
vn -0.3876 -0.1840 0.9033
vn -0.2039 -0.1840 0.9615
vn -0.0124 -0.1840 0.9828
vn 0.1795 -0.1840 0.9664
vn 0.3646 -0.1840 0.9128
vn 0.5357 -0.1840 0.8241
vn 0.6862 -0.1839 0.7038
vn 0.8103 -0.1839 0.5564
vn 0.9033 -0.1839 0.3876
vn 0.9615 -0.1839 0.2039
vn 0.9828 -0.1838 0.0124
vn 0.9665 -0.1838 -0.1790
vn 0.9138 -0.1838 -0.3623
vn 0.8267 -0.1840 -0.5316
vn 0.7076 -0.1842 -0.6821
vn 0.5596 -0.1845 -0.8079
vn 0.3876 -0.1846 -0.9032
vn 0.2000 -0.1845 -0.9622
vn 0.0068 -0.1842 -0.9828
vn -0.1843 -0.1840 -0.9655
vn -0.3670 -0.1838 -0.9119
vn -0.5362 -0.1838 -0.8238
vn -0.6862 -0.1839 -0.7038
vn -0.8103 -0.1839 -0.5564
vn -0.8976 -0.3975 -0.1904
vn -0.8432 -0.3975 -0.3618
vn -0.9175 -0.3976 -0.0116
vn -0.9021 -0.3976 0.1676
vn -0.8520 -0.3976 0.3404
vn -0.7693 -0.3977 0.5000
vn -0.6569 -0.3977 0.6405
vn -0.5193 -0.3977 0.7564
vn -0.3618 -0.3977 0.8431
vn -0.1903 -0.3977 0.8975
vn -0.0116 -0.3977 0.9174
vn 0.1676 -0.3977 0.9021
vn 0.3403 -0.3976 0.8520
vn 0.5000 -0.3976 0.7693
vn 0.6406 -0.3976 0.6569
vn 0.7564 -0.3975 0.5194
vn 0.8432 -0.3975 0.3618
vn 0.8976 -0.3974 0.1904
vn 0.9176 -0.3974 0.0116
vn 0.9023 -0.3974 -0.1671
vn 0.8530 -0.3974 -0.3382
vn 0.7717 -0.3977 -0.4963
vn 0.6604 -0.3981 -0.6366
vn 0.5222 -0.3985 -0.7540
vn 0.3616 -0.3987 -0.8427
vn 0.1867 -0.3985 -0.8979
vn 0.0064 -0.3981 -0.9173
vn -0.1720 -0.3977 -0.9012
vn -0.3426 -0.3974 -0.8513
vn -0.5006 -0.3974 -0.7691
vn -0.6406 -0.3974 -0.6570
vn -0.7565 -0.3974 -0.5194
vn -0.9227 -0.3322 -0.1957
vn -0.8668 -0.3321 -0.3719
vn -0.9431 -0.3322 -0.0119
vn -0.9273 -0.3323 0.1723
vn -0.8759 -0.3323 0.3499
vn -0.7908 -0.3323 0.5140
vn -0.6753 -0.3323 0.6584
vn -0.5339 -0.3323 0.7775
vn -0.3719 -0.3323 0.8667
vn -0.1957 -0.3323 0.9226
vn -0.0119 -0.3323 0.9431
vn 0.1723 -0.3323 0.9273
vn 0.3499 -0.3323 0.8759
vn 0.5140 -0.3323 0.7908
vn 0.6584 -0.3322 0.6753
vn 0.7776 -0.3322 0.5339
vn 0.8668 -0.3322 0.3719
vn 0.9227 -0.3321 0.1957
vn 0.9431 -0.3321 0.0119
vn 0.9275 -0.3320 -0.1717
vn 0.8768 -0.3321 -0.3477
vn 0.7932 -0.3323 -0.5102
vn 0.6789 -0.3327 -0.6545
vn 0.5368 -0.3330 -0.7752
vn 0.3718 -0.3331 -0.8665
vn 0.1920 -0.3330 -0.9232
vn 0.0066 -0.3327 -0.9430
vn -0.1768 -0.3323 -0.9264
vn -0.3521 -0.3321 -0.8750
vn -0.5145 -0.3321 -0.7905
vn -0.6585 -0.3321 -0.6753
vn -0.7776 -0.3321 -0.5339
vn 0.8410 0.0000 -0.5410
vn 0.7199 0.0000 -0.6941
vn 0.2036 0.0000 -0.9790
vn -0.9227 0.3322 -0.1957
vn -0.8668 0.3321 -0.3719
vn -0.9431 0.3322 -0.0119
vn -0.9273 0.3323 0.1723
vn -0.8759 0.3323 0.3499
vn -0.7908 0.3323 0.5140
vn -0.6753 0.3323 0.6584
vn -0.5339 0.3323 0.7775
vn -0.3719 0.3323 0.8667
vn -0.1957 0.3323 0.9226
vn -0.0119 0.3323 0.9431
vn 0.1723 0.3323 0.9273
vn 0.3499 0.3323 0.8759
vn 0.5140 0.3323 0.7908
vn 0.6584 0.3322 0.6753
vn 0.7776 0.3322 0.5339
vn 0.8668 0.3321 0.3719
vn 0.9227 0.3321 0.1957
vn 0.9431 0.3321 0.0119
vn 0.9275 0.3320 -0.1717
vn 0.8768 0.3321 -0.3477
vn 0.7932 0.3323 -0.5102
vn 0.6789 0.3327 -0.6545
vn 0.5368 0.3330 -0.7752
vn 0.3718 0.3331 -0.8665
vn 0.1920 0.3330 -0.9232
vn 0.0066 0.3327 -0.9430
vn -0.1768 0.3323 -0.9264
vn -0.3521 0.3321 -0.8750
vn -0.5145 0.3320 -0.7906
vn -0.6585 0.3321 -0.6753
vn -0.7776 0.3321 -0.5339
vn -0.8952 0.4031 -0.1899
vn -0.8410 0.4030 -0.3609
vn -0.9151 0.4031 -0.0116
vn -0.8997 0.4031 0.1671
vn -0.8498 0.4032 0.3395
vn -0.7672 0.4032 0.4987
vn -0.6552 0.4032 0.6388
vn -0.5180 0.4032 0.7544
vn -0.3609 0.4032 0.8409
vn -0.1899 0.4032 0.8952
vn -0.0115 0.4032 0.9150
vn 0.1671 0.4032 0.8997
vn 0.3395 0.4032 0.8498
vn 0.4987 0.4031 0.7673
vn 0.6388 0.4031 0.6552
vn 0.7544 0.4031 0.5180
vn 0.8410 0.4030 0.3609
vn 0.8953 0.4030 0.1899
vn 0.9151 0.4029 0.0116
vn 0.8999 0.4029 -0.1666
vn 0.8508 0.4030 -0.3373
vn 0.7696 0.4032 -0.4949
vn 0.6587 0.4037 -0.6350
vn 0.5208 0.4041 -0.7520
vn 0.3607 0.4043 -0.8405
vn 0.1862 0.4041 -0.8955
vn 0.0063 0.4037 -0.9149
vn -0.1715 0.4032 -0.8989
vn -0.3417 0.4030 -0.8490
vn -0.4993 0.4029 -0.7671
vn -0.6389 0.4029 -0.6553
vn -0.7544 0.4030 -0.5180
vn -0.5719 0.8112 -0.1213
vn -0.5373 0.8112 -0.2306
vn -0.5846 0.8112 -0.0074
vn -0.5748 0.8113 0.1068
vn -0.5429 0.8113 0.2169
vn -0.4902 0.8113 0.3186
vn -0.4186 0.8113 0.4081
vn -0.3309 0.8113 0.4819
vn -0.2305 0.8113 0.5372
vn -0.1213 0.8113 0.5719
vn -0.0074 0.8113 0.5846
vn 0.1068 0.8113 0.5748
vn 0.2169 0.8113 0.5429
vn 0.3186 0.8113 0.4902
vn 0.4082 0.8112 0.4186
vn 0.4820 0.8112 0.3309
vn 0.5373 0.8112 0.2305
vn 0.5720 0.8112 0.1213
vn 0.5847 0.8112 0.0074
vn 0.5748 0.8113 -0.1064
vn 0.5433 0.8115 -0.2154
vn 0.4916 0.8114 -0.3160
vn 0.4208 0.8114 -0.4056
vn 0.3329 0.8113 -0.4805
vn 0.2306 0.8112 -0.5373
vn 0.1189 0.8113 -0.5724
vn 0.0040 0.8114 -0.5845
vn -0.1096 0.8115 -0.5740
vn -0.2182 0.8114 -0.5421
vn -0.3189 0.8113 -0.4900
vn -0.4082 0.8112 -0.4187
vn -0.4820 0.8112 -0.3310
vn 0.0000 1.0000 0.0000
usemtl Brush_1
s 1
f 1/1/1 2/2/1 3/3/2 4/4/3
f 2/2/1 5/5/4 6/6/5 3/3/2
f 5/5/4 7/7/6 8/8/7 6/6/5
f 7/7/6 9/9/8 10/10/9 8/8/7
f 9/9/8 11/11/10 12/12/11 10/10/9
f 11/11/10 13/13/1 14/14/12 12/12/11
f 13/13/1 15/15/1 16/16/13 14/14/12
f 15/15/1 17/17/1 18/18/14 16/16/13
f 17/17/1 19/19/1 20/20/15 18/18/14
f 19/19/1 21/21/1 22/22/16 20/20/15
f 21/21/1 23/23/1 24/24/17 22/22/16
f 23/23/1 25/25/1 26/26/18 24/24/17
f 25/25/1 27/27/19 28/28/20 26/26/18
f 27/27/19 29/29/21 30/30/22 28/28/20
f 29/29/21 31/31/23 32/32/24 30/30/22
f 31/31/23 33/33/25 34/34/26 32/32/24
f 33/33/25 35/35/27 36/36/28 34/34/26
f 35/35/27 37/37/29 38/38/30 36/36/28
f 37/37/29 39/39/31 40/40/32 38/38/30
f 39/39/31 41/41/33 42/42/34 40/40/32
f 41/41/33 43/43/1 44/44/35 42/42/34
f 43/43/1 45/45/1 46/46/36 44/44/35
f 45/45/1 47/47/1 48/48/37 46/46/36
f 47/47/1 49/49/1 50/50/38 48/48/37
f 49/49/1 51/51/1 52/52/39 50/50/38
f 51/51/1 53/53/1 54/54/40 52/52/39
f 53/53/1 55/55/41 56/56/42 54/54/40
f 55/55/41 57/57/1 58/58/43 56/56/42
f 57/57/1 59/59/44 60/60/45 58/58/43
f 59/59/44 61/61/1 62/62/46 60/60/45
f 61/61/1 63/63/1 64/64/47 62/62/46
f 63/63/1 1/65/1 4/66/3 64/64/47
f 4/4/3 3/3/2 65/67/48 66/68/49
f 3/3/2 6/6/5 67/69/50 65/67/48
f 6/6/5 8/8/7 68/70/51 67/69/50
f 8/8/7 10/10/9 69/71/52 68/70/51
f 10/10/9 12/12/11 70/72/53 69/71/52
f 12/12/11 14/14/12 71/73/54 70/72/53
f 14/14/12 16/16/13 72/74/55 71/73/54
f 16/16/13 18/18/14 73/75/56 72/74/55
f 18/18/14 20/20/15 74/76/57 73/75/56
f 20/20/15 22/22/16 75/77/58 74/76/57
f 22/22/16 24/24/17 76/78/59 75/77/58
f 24/24/17 26/26/18 77/79/60 76/78/59
f 26/26/18 28/28/20 78/80/61 77/79/60
f 28/28/20 30/30/22 79/81/62 78/80/61
f 30/30/22 32/32/24 80/82/63 79/81/62
f 32/32/24 34/34/26 81/83/64 80/82/63
f 34/34/26 36/36/28 82/84/65 81/83/64
f 36/36/28 38/38/30 83/85/66 82/84/65
f 38/38/30 40/40/32 84/86/67 83/85/66
f 40/40/32 42/42/34 85/87/68 84/86/67
f 42/42/34 44/44/35 86/88/69 85/87/68
f 44/44/35 46/46/36 87/89/70 86/88/69
f 46/46/36 48/48/37 88/90/71 87/89/70
f 48/48/37 50/50/38 89/91/72 88/90/71
f 50/50/38 52/52/39 90/92/73 89/91/72
f 52/52/39 54/54/40 91/93/74 90/92/73
f 54/54/40 56/56/42 92/94/75 91/93/74
f 56/56/42 58/58/43 93/95/76 92/94/75
f 58/58/43 60/60/45 94/96/77 93/95/76
f 60/60/45 62/62/46 95/97/78 94/96/77
f 62/62/46 64/64/47 96/98/79 95/97/78
f 64/64/47 4/66/3 66/99/49 96/98/79
f 66/68/49 65/67/48 97/100/80 98/101/81
f 65/67/48 67/69/50 99/102/82 97/100/80
f 67/69/50 68/70/51 100/103/83 99/102/82
f 68/70/51 69/71/52 101/104/84 100/103/83
f 69/71/52 70/72/53 102/105/85 101/104/84
f 70/72/53 71/73/54 103/106/86 102/105/85
f 71/73/54 72/74/55 104/107/87 103/106/86
f 72/74/55 73/75/56 105/108/88 104/107/87
f 73/75/56 74/76/57 106/109/89 105/108/88
f 74/76/57 75/77/58 107/110/90 106/109/89
f 75/77/58 76/78/59 108/111/91 107/110/90
f 76/78/59 77/79/60 109/112/92 108/111/91
f 77/79/60 78/80/61 110/113/93 109/112/92
f 78/80/61 79/81/62 111/114/94 110/113/93
f 79/81/62 80/82/63 112/115/95 111/114/94
f 80/82/63 81/83/64 113/116/96 112/115/95
f 81/83/64 82/84/65 114/117/97 113/116/96
f 82/84/65 83/85/66 115/118/98 114/117/97
f 83/85/66 84/86/67 116/119/99 115/118/98
f 84/86/67 85/87/68 117/120/100 116/119/99
f 85/87/68 86/88/69 118/121/101 117/120/100
f 86/88/69 87/89/70 119/122/102 118/121/101
f 87/89/70 88/90/71 120/123/103 119/122/102
f 88/90/71 89/91/72 121/124/104 120/123/103
f 89/91/72 90/92/73 122/125/105 121/124/104
f 90/92/73 91/93/74 123/126/106 122/125/105
f 91/93/74 92/94/75 124/127/107 123/126/106
f 92/94/75 93/95/76 125/128/108 124/127/107
f 93/95/76 94/96/77 126/129/109 125/128/108
f 94/96/77 95/97/78 127/130/110 126/129/109
f 95/97/78 96/98/79 128/131/111 127/130/110
f 96/98/79 66/99/49 98/132/81 128/131/111
f 98/101/81 97/100/80 129/133/112 130/134/113
f 97/100/80 99/102/82 131/135/114 129/133/112
f 99/102/82 100/103/83 132/136/115 131/135/114
f 100/103/83 101/104/84 133/137/116 132/136/115
f 101/104/84 102/105/85 134/138/117 133/137/116
f 102/105/85 103/106/86 135/139/118 134/138/117
f 103/106/86 104/107/87 136/140/119 135/139/118
f 104/107/87 105/108/88 137/141/120 136/140/119
f 105/108/88 106/109/89 138/142/121 137/141/120
f 106/109/89 107/110/90 139/143/122 138/142/121
f 107/110/90 108/111/91 140/144/123 139/143/122
f 108/111/91 109/112/92 141/145/124 140/144/123
f 109/112/92 110/113/93 142/146/125 141/145/124
f 110/113/93 111/114/94 143/147/126 142/146/125
f 111/114/94 112/115/95 144/148/127 143/147/126
f 112/115/95 113/116/96 145/149/128 144/148/127
f 113/116/96 114/117/97 146/150/129 145/149/128
f 114/117/97 115/118/98 147/151/130 146/150/129
f 115/118/98 116/119/99 148/152/131 147/151/130
f 116/119/99 117/120/100 149/153/132 148/152/131
f 117/120/100 118/121/101 150/154/133 149/153/132
f 118/121/101 119/122/102 151/155/134 150/154/133
f 119/122/102 120/123/103 152/156/135 151/155/134
f 120/123/103 121/124/104 153/157/136 152/156/135
f 121/124/104 122/125/105 154/158/137 153/157/136
f 122/125/105 123/126/106 155/159/138 154/158/137
f 123/126/106 124/127/107 156/160/139 155/159/138
f 124/127/107 125/128/108 157/161/140 156/160/139
f 125/128/108 126/129/109 158/162/141 157/161/140
f 126/129/109 127/130/110 159/163/142 158/162/141
f 127/130/110 128/131/111 160/164/143 159/163/142
f 128/131/111 98/132/81 130/165/113 160/164/143
f 130/134/113 129/133/112 161/166/144 162/167/145
f 129/133/112 131/135/114 163/168/146 161/166/144
f 131/135/114 132/136/115 164/169/147 163/168/146
f 132/136/115 133/137/116 165/170/148 164/169/147
f 133/137/116 134/138/117 166/171/149 165/170/148
f 134/138/117 135/139/118 167/172/150 166/171/149
f 135/139/118 136/140/119 168/173/151 167/172/150
f 136/140/119 137/141/120 169/174/152 168/173/151
f 137/141/120 138/142/121 170/175/153 169/174/152
f 138/142/121 139/143/122 171/176/154 170/175/153
f 139/143/122 140/144/123 172/177/155 171/176/154
f 140/144/123 141/145/124 173/178/156 172/177/155
f 141/145/124 142/146/125 174/179/157 173/178/156
f 142/146/125 143/147/126 175/180/158 174/179/157
f 143/147/126 144/148/127 176/181/159 175/180/158
f 144/148/127 145/149/128 177/182/160 176/181/159
f 145/149/128 146/150/129 178/183/161 177/182/160
f 146/150/129 147/151/130 179/184/162 178/183/161
f 147/151/130 148/152/131 180/185/163 179/184/162
f 148/152/131 149/153/132 181/186/164 180/185/163
f 149/153/132 150/154/133 182/187/165 181/186/164
f 150/154/133 151/155/134 183/188/166 182/187/165
f 151/155/134 152/156/135 184/189/167 183/188/166
f 152/156/135 153/157/136 185/190/168 184/189/167
f 153/157/136 154/158/137 186/191/169 185/190/168
f 154/158/137 155/159/138 187/192/170 186/191/169
f 155/159/138 156/160/139 188/193/171 187/192/170
f 156/160/139 157/161/140 189/194/172 188/193/171
f 157/161/140 158/162/141 190/195/173 189/194/172
f 158/162/141 159/163/142 191/196/174 190/195/173
f 159/163/142 160/164/143 192/197/175 191/196/174
f 160/164/143 130/165/113 162/198/145 192/197/175
f 162/167/145 161/166/144 193/199/176 194/200/177
f 161/166/144 163/168/146 195/201/178 193/199/176
f 163/168/146 164/169/147 196/202/179 195/201/178
f 164/169/147 165/170/148 197/203/180 196/202/179
f 165/170/148 166/171/149 198/204/181 197/203/180
f 166/171/149 167/172/150 199/205/182 198/204/181
f 167/172/150 168/173/151 200/206/183 199/205/182
f 168/173/151 169/174/152 201/207/184 200/206/183
f 169/174/152 170/175/153 202/208/185 201/207/184
f 170/175/153 171/176/154 203/209/186 202/208/185
f 171/176/154 172/177/155 204/210/187 203/209/186
f 172/177/155 173/178/156 205/211/188 204/210/187
f 173/178/156 174/179/157 206/212/189 205/211/188
f 174/179/157 175/180/158 207/213/190 206/212/189
f 175/180/158 176/181/159 208/214/191 207/213/190
f 176/181/159 177/182/160 209/215/192 208/214/191
f 177/182/160 178/183/161 210/216/193 209/215/192
f 178/183/161 179/184/162 211/217/194 210/216/193
f 179/184/162 180/185/163 212/218/195 211/217/194
f 180/185/163 181/186/164 213/219/196 212/218/195
f 181/186/164 182/187/165 214/220/197 213/219/196
f 182/187/165 183/188/166 215/221/198 214/220/197
f 183/188/166 184/189/167 216/222/199 215/221/198
f 184/189/167 185/190/168 217/223/200 216/222/199
f 185/190/168 186/191/169 218/224/201 217/223/200
f 186/191/169 187/192/170 219/225/202 218/224/201
f 187/192/170 188/193/171 220/226/203 219/225/202
f 188/193/171 189/194/172 221/227/204 220/226/203
f 189/194/172 190/195/173 222/228/205 221/227/204
f 190/195/173 191/196/174 223/229/206 222/228/205
f 191/196/174 192/197/175 224/230/207 223/229/206
f 192/197/175 162/198/145 194/231/177 224/230/207
f 194/200/177 193/199/176 225/232/208 226/233/209
f 193/199/176 195/201/178 227/234/210 225/232/208
f 195/201/178 196/202/179 228/235/211 227/234/210
f 196/202/179 197/203/180 229/236/212 228/235/211
f 197/203/180 198/204/181 230/237/213 229/236/212
f 198/204/181 199/205/182 231/238/214 230/237/213
f 199/205/182 200/206/183 232/239/215 231/238/214
f 200/206/183 201/207/184 233/240/216 232/239/215
f 201/207/184 202/208/185 234/241/217 233/240/216
f 202/208/185 203/209/186 235/242/218 234/241/217
f 203/209/186 204/210/187 236/243/219 235/242/218
f 204/210/187 205/211/188 237/244/220 236/243/219
f 205/211/188 206/212/189 238/245/221 237/244/220
f 206/212/189 207/213/190 239/246/222 238/245/221
f 207/213/190 208/214/191 240/247/223 239/246/222
f 208/214/191 209/215/192 241/248/224 240/247/223
f 209/215/192 210/216/193 242/249/225 241/248/224
f 210/216/193 211/217/194 243/250/226 242/249/225
f 211/217/194 212/218/195 244/251/227 243/250/226
f 212/218/195 213/219/196 245/252/228 244/251/227
f 213/219/196 214/220/197 246/253/229 245/252/228
f 214/220/197 215/221/198 247/254/230 246/253/229
f 215/221/198 216/222/199 248/255/231 247/254/230
f 216/222/199 217/223/200 249/256/232 248/255/231
f 217/223/200 218/224/201 250/257/233 249/256/232
f 218/224/201 219/225/202 251/258/234 250/257/233
f 219/225/202 220/226/203 252/259/235 251/258/234
f 220/226/203 221/227/204 253/260/236 252/259/235
f 221/227/204 222/228/205 254/261/237 253/260/236
f 222/228/205 223/229/206 255/262/238 254/261/237
f 223/229/206 224/230/207 256/263/239 255/262/238
f 224/230/207 194/231/177 226/264/209 256/263/239
f 226/233/209 225/232/208 257/265/240 258/266/241
f 225/232/208 227/234/210 259/267/242 257/265/240
f 227/234/210 228/235/211 260/268/243 259/267/242
f 228/235/211 229/236/212 261/269/244 260/268/243
f 229/236/212 230/237/213 262/270/245 261/269/244
f 230/237/213 231/238/214 263/271/246 262/270/245
f 231/238/214 232/239/215 264/272/247 263/271/246
f 232/239/215 233/240/216 265/273/248 264/272/247
f 233/240/216 234/241/217 266/274/249 265/273/248
f 234/241/217 235/242/218 267/275/250 266/274/249
f 235/242/218 236/243/219 268/276/251 267/275/250
f 236/243/219 237/244/220 269/277/252 268/276/251
f 237/244/220 238/245/221 270/278/253 269/277/252
f 238/245/221 239/246/222 271/279/254 270/278/253
f 239/246/222 240/247/223 272/280/255 271/279/254
f 240/247/223 241/248/224 273/281/256 272/280/255
f 241/248/224 242/249/225 274/282/257 273/281/256
f 242/249/225 243/250/226 275/283/258 274/282/257
f 243/250/226 244/251/227 276/284/259 275/283/258
f 244/251/227 245/252/228 277/285/260 276/284/259
f 245/252/228 246/253/229 278/286/261 277/285/260
f 246/253/229 247/254/230 279/287/262 278/286/261
f 247/254/230 248/255/231 280/288/263 279/287/262
f 248/255/231 249/256/232 281/289/264 280/288/263
f 249/256/232 250/257/233 282/290/265 281/289/264
f 250/257/233 251/258/234 283/291/266 282/290/265
f 251/258/234 252/259/235 284/292/267 283/291/266
f 252/259/235 253/260/236 285/293/268 284/292/267
f 253/260/236 254/261/237 286/294/269 285/293/268
f 254/261/237 255/262/238 287/295/270 286/294/269
f 255/262/238 256/263/239 288/296/271 287/295/270
f 256/263/239 226/264/209 258/297/241 288/296/271
f 258/266/241 257/265/240 289/298/272 290/299/273
f 257/265/240 259/267/242 291/300/274 289/298/272
f 259/267/242 260/268/243 292/301/275 291/300/274
f 260/268/243 261/269/244 293/302/276 292/301/275
f 261/269/244 262/270/245 294/303/277 293/302/276
f 262/270/245 263/271/246 295/304/278 294/303/277
f 263/271/246 264/272/247 296/305/279 295/304/278
f 264/272/247 265/273/248 297/306/280 296/305/279
f 265/273/248 266/274/249 298/307/281 297/306/280
f 266/274/249 267/275/250 299/308/282 298/307/281
f 267/275/250 268/276/251 300/309/283 299/308/282
f 268/276/251 269/277/252 301/310/284 300/309/283
f 269/277/252 270/278/253 302/311/285 301/310/284
f 270/278/253 271/279/254 303/312/286 302/311/285
f 271/279/254 272/280/255 304/313/287 303/312/286
f 272/280/255 273/281/256 305/314/288 304/313/287
f 273/281/256 274/282/257 306/315/289 305/314/288
f 274/282/257 275/283/258 307/316/290 306/315/289
f 275/283/258 276/284/259 308/317/291 307/316/290
f 276/284/259 277/285/260 309/318/292 308/317/291
f 277/285/260 278/286/261 310/319/293 309/318/292
f 278/286/261 279/287/262 311/320/294 310/319/293
f 279/287/262 280/288/263 312/321/295 311/320/294
f 280/288/263 281/289/264 313/322/296 312/321/295
f 281/289/264 282/290/265 314/323/297 313/322/296
f 282/290/265 283/291/266 315/324/298 314/323/297
f 283/291/266 284/292/267 316/325/299 315/324/298
f 284/292/267 285/293/268 317/326/300 316/325/299
f 285/293/268 286/294/269 318/327/301 317/326/300
f 286/294/269 287/295/270 319/328/302 318/327/301
f 287/295/270 288/296/271 320/329/303 319/328/302
f 288/296/271 258/297/241 290/330/273 320/329/303
f 290/299/273 289/298/272 321/331/304 322/332/305
f 289/298/272 291/300/274 323/333/306 321/331/304
f 291/300/274 292/301/275 324/334/307 323/333/306
f 292/301/275 293/302/276 325/335/308 324/334/307
f 293/302/276 294/303/277 326/336/309 325/335/308
f 294/303/277 295/304/278 327/337/310 326/336/309
f 295/304/278 296/305/279 328/338/311 327/337/310
f 296/305/279 297/306/280 329/339/312 328/338/311
f 297/306/280 298/307/281 330/340/313 329/339/312
f 298/307/281 299/308/282 331/341/314 330/340/313
f 299/308/282 300/309/283 332/342/315 331/341/314
f 300/309/283 301/310/284 333/343/316 332/342/315
f 301/310/284 302/311/285 334/344/317 333/343/316
f 302/311/285 303/312/286 335/345/318 334/344/317
f 303/312/286 304/313/287 336/346/319 335/345/318
f 304/313/287 305/314/288 337/347/320 336/346/319
f 305/314/288 306/315/289 338/348/321 337/347/320
f 306/315/289 307/316/290 339/349/322 338/348/321
f 307/316/290 308/317/291 340/350/323 339/349/322
f 308/317/291 309/318/292 341/351/324 340/350/323
f 309/318/292 310/319/293 342/352/325 341/351/324
f 310/319/293 311/320/294 343/353/326 342/352/325
f 311/320/294 312/321/295 344/354/327 343/353/326
f 312/321/295 313/322/296 345/355/328 344/354/327
f 313/322/296 314/323/297 346/356/329 345/355/328
f 314/323/297 315/324/298 347/357/330 346/356/329
f 315/324/298 316/325/299 348/358/331 347/357/330
f 316/325/299 317/326/300 349/359/332 348/358/331
f 317/326/300 318/327/301 350/360/333 349/359/332
f 318/327/301 319/328/302 351/361/334 350/360/333
f 319/328/302 320/329/303 352/362/335 351/361/334
f 320/329/303 290/330/273 322/363/305 352/362/335
f 322/332/305 321/331/304 353/364/336 354/365/337
f 321/331/304 323/333/306 355/366/338 353/364/336
f 323/333/306 324/334/307 356/367/339 355/366/338
f 324/334/307 325/335/308 357/368/340 356/367/339
f 325/335/308 326/336/309 358/369/341 357/368/340
f 326/336/309 327/337/310 359/370/342 358/369/341
f 327/337/310 328/338/311 360/371/343 359/370/342
f 328/338/311 329/339/312 361/372/344 360/371/343
f 329/339/312 330/340/313 362/373/345 361/372/344
f 330/340/313 331/341/314 363/374/346 362/373/345
f 331/341/314 332/342/315 364/375/347 363/374/346
f 332/342/315 333/343/316 365/376/348 364/375/347
f 333/343/316 334/344/317 366/377/349 365/376/348
f 334/344/317 335/345/318 367/378/350 366/377/349
f 335/345/318 336/346/319 368/379/351 367/378/350
f 336/346/319 337/347/320 369/380/352 368/379/351
f 337/347/320 338/348/321 370/381/353 369/380/352
f 338/348/321 339/349/322 371/382/354 370/381/353
f 339/349/322 340/350/323 372/383/355 371/382/354
f 340/350/323 341/351/324 373/384/356 372/383/355
f 341/351/324 342/352/325 374/385/357 373/384/356
f 342/352/325 343/353/326 375/386/358 374/385/357
f 343/353/326 344/354/327 376/387/359 375/386/358
f 344/354/327 345/355/328 377/388/360 376/387/359
f 345/355/328 346/356/329 378/389/361 377/388/360
f 346/356/329 347/357/330 379/390/362 378/389/361
f 347/357/330 348/358/331 380/391/363 379/390/362
f 348/358/331 349/359/332 381/392/364 380/391/363
f 349/359/332 350/360/333 382/393/365 381/392/364
f 350/360/333 351/361/334 383/394/366 382/393/365
f 351/361/334 352/362/335 384/395/367 383/394/366
f 352/362/335 322/363/305 354/396/337 384/395/367
f 354/365/337 353/364/336 385/397/368 386/398/369
f 353/364/336 355/366/338 387/399/370 385/397/368
f 355/366/338 356/367/339 388/400/371 387/399/370
f 356/367/339 357/368/340 389/401/372 388/400/371
f 357/368/340 358/369/341 390/402/373 389/401/372
f 358/369/341 359/370/342 391/403/374 390/402/373
f 359/370/342 360/371/343 392/404/375 391/403/374
f 360/371/343 361/372/344 393/405/376 392/404/375
f 361/372/344 362/373/345 394/406/377 393/405/376
f 362/373/345 363/374/346 395/407/378 394/406/377
f 363/374/346 364/375/347 396/408/379 395/407/378
f 364/375/347 365/376/348 397/409/380 396/408/379
f 365/376/348 366/377/349 398/410/381 397/409/380
f 366/377/349 367/378/350 399/411/382 398/410/381
f 367/378/350 368/379/351 400/412/383 399/411/382
f 368/379/351 369/380/352 401/413/384 400/412/383
f 369/380/352 370/381/353 402/414/385 401/413/384
f 370/381/353 371/382/354 403/415/386 402/414/385
f 371/382/354 372/383/355 404/416/387 403/415/386
f 372/383/355 373/384/356 405/417/388 404/416/387
f 373/384/356 374/385/357 406/418/389 405/417/388
f 374/385/357 375/386/358 407/419/390 406/418/389
f 375/386/358 376/387/359 408/420/391 407/419/390
f 376/387/359 377/388/360 409/421/392 408/420/391
f 377/388/360 378/389/361 410/422/393 409/421/392
f 378/389/361 379/390/362 411/423/394 410/422/393
f 379/390/362 380/391/363 412/424/395 411/423/394
f 380/391/363 381/392/364 413/425/396 412/424/395
f 381/392/364 382/393/365 414/426/397 413/425/396
f 382/393/365 383/394/366 415/427/398 414/426/397
f 383/394/366 384/395/367 416/428/399 415/427/398
f 384/395/367 354/396/337 386/429/369 416/428/399
f 386/398/369 385/397/368 417/430/400 418/431/401
f 385/397/368 387/399/370 419/432/402 417/430/400
f 387/399/370 388/400/371 420/433/403 419/432/402
f 388/400/371 389/401/372 421/434/404 420/433/403
f 389/401/372 390/402/373 422/435/405 421/434/404
f 390/402/373 391/403/374 423/436/406 422/435/405
f 391/403/374 392/404/375 424/437/407 423/436/406
f 392/404/375 393/405/376 425/438/408 424/437/407
f 393/405/376 394/406/377 426/439/409 425/438/408
f 394/406/377 395/407/378 427/440/410 426/439/409
f 395/407/378 396/408/379 428/441/411 427/440/410
f 396/408/379 397/409/380 429/442/412 428/441/411
f 397/409/380 398/410/381 430/443/413 429/442/412
f 398/410/381 399/411/382 431/444/414 430/443/413
f 399/411/382 400/412/383 432/445/415 431/444/414
f 400/412/383 401/413/384 433/446/416 432/445/415
f 401/413/384 402/414/385 434/447/417 433/446/416
f 402/414/385 403/415/386 435/448/418 434/447/417
f 403/415/386 404/416/387 436/449/419 435/448/418
f 404/416/387 405/417/388 437/450/420 436/449/419
f 405/417/388 406/418/389 438/451/421 437/450/420
f 406/418/389 407/419/390 439/452/422 438/451/421
f 407/419/390 408/420/391 440/453/423 439/452/422
f 408/420/391 409/421/392 441/454/424 440/453/423
f 409/421/392 410/422/393 442/455/425 441/454/424
f 410/422/393 411/423/394 443/456/426 442/455/425
f 411/423/394 412/424/395 444/457/427 443/456/426
f 412/424/395 413/425/396 445/458/428 444/457/427
f 413/425/396 414/426/397 446/459/429 445/458/428
f 414/426/397 415/427/398 447/460/430 446/459/429
f 415/427/398 416/428/399 448/461/431 447/460/430
f 416/428/399 386/429/369 418/462/401 448/461/431
f 418/431/401 417/430/400 449/463/432 450/464/433
f 417/430/400 419/432/402 451/465/434 449/463/432
f 419/432/402 420/433/403 452/466/435 451/465/434
f 420/433/403 421/434/404 453/467/436 452/466/435
f 421/434/404 422/435/405 454/468/437 453/467/436
f 422/435/405 423/436/406 455/469/438 454/468/437
f 423/436/406 424/437/407 456/470/439 455/469/438
f 424/437/407 425/438/408 457/471/440 456/470/439
f 425/438/408 426/439/409 458/472/441 457/471/440
f 426/439/409 427/440/410 459/473/442 458/472/441
f 427/440/410 428/441/411 460/474/443 459/473/442
f 428/441/411 429/442/412 461/475/444 460/474/443
f 429/442/412 430/443/413 462/476/445 461/475/444
f 430/443/413 431/444/414 463/477/446 462/476/445
f 431/444/414 432/445/415 464/478/447 463/477/446
f 432/445/415 433/446/416 465/479/448 464/478/447
f 433/446/416 434/447/417 466/480/449 465/479/448
f 434/447/417 435/448/418 467/481/450 466/480/449
f 435/448/418 436/449/419 468/482/451 467/481/450
f 436/449/419 437/450/420 469/483/452 468/482/451
f 437/450/420 438/451/421 470/484/453 469/483/452
f 438/451/421 439/452/422 471/485/454 470/484/453
f 439/452/422 440/453/423 472/486/455 471/485/454
f 440/453/423 441/454/424 473/487/456 472/486/455
f 441/454/424 442/455/425 474/488/457 473/487/456
f 442/455/425 443/456/426 475/489/458 474/488/457
f 443/456/426 444/457/427 476/490/459 475/489/458
f 444/457/427 445/458/428 477/491/460 476/490/459
f 445/458/428 446/459/429 478/492/461 477/491/460
f 446/459/429 447/460/430 479/493/462 478/492/461
f 447/460/430 448/461/431 480/494/463 479/493/462
f 448/461/431 418/462/401 450/495/433 480/494/463
f 450/464/433 449/463/432 481/496/464 482/497/465
f 449/463/432 451/465/434 483/498/466 481/496/464
f 451/465/434 452/466/435 484/499/467 483/498/466
f 452/466/435 453/467/436 485/500/468 484/499/467
f 453/467/436 454/468/437 486/501/469 485/500/468
f 454/468/437 455/469/438 487/502/470 486/501/469
f 455/469/438 456/470/439 488/503/471 487/502/470
f 456/470/439 457/471/440 489/504/472 488/503/471
f 457/471/440 458/472/441 490/505/473 489/504/472
f 458/472/441 459/473/442 491/506/474 490/505/473
f 459/473/442 460/474/443 492/507/475 491/506/474
f 460/474/443 461/475/444 493/508/476 492/507/475
f 461/475/444 462/476/445 494/509/477 493/508/476
f 462/476/445 463/477/446 495/510/478 494/509/477
f 463/477/446 464/478/447 496/511/479 495/510/478
f 464/478/447 465/479/448 497/512/480 496/511/479
f 465/479/448 466/480/449 498/513/481 497/512/480
f 466/480/449 467/481/450 499/514/482 498/513/481
f 467/481/450 468/482/451 500/515/483 499/514/482
f 468/482/451 469/483/452 501/516/484 500/515/483
f 469/483/452 470/484/453 502/517/485 501/516/484
f 470/484/453 471/485/454 503/518/486 502/517/485
f 471/485/454 472/486/455 504/519/487 503/518/486
f 472/486/455 473/487/456 505/520/488 504/519/487
f 473/487/456 474/488/457 506/521/489 505/520/488
f 474/488/457 475/489/458 507/522/490 506/521/489
f 475/489/458 476/490/459 508/523/491 507/522/490
f 476/490/459 477/491/460 509/524/492 508/523/491
f 477/491/460 478/492/461 510/525/493 509/524/492
f 478/492/461 479/493/462 511/526/494 510/525/493
f 479/493/462 480/494/463 512/527/495 511/526/494
f 480/494/463 450/495/433 482/528/465 512/527/495
f 482/497/465 481/496/464 513/529/496 514/530/497
f 481/496/464 483/498/466 515/531/498 513/529/496
f 483/498/466 484/499/467 516/532/499 515/531/498
f 484/499/467 485/500/468 517/533/500 516/532/499
f 485/500/468 486/501/469 518/534/501 517/533/500
f 486/501/469 487/502/470 519/535/502 518/534/501
f 487/502/470 488/503/471 520/536/503 519/535/502
f 488/503/471 489/504/472 521/537/504 520/536/503
f 489/504/472 490/505/473 522/538/505 521/537/504
f 490/505/473 491/506/474 523/539/506 522/538/505
f 491/506/474 492/507/475 524/540/507 523/539/506
f 492/507/475 493/508/476 525/541/508 524/540/507
f 493/508/476 494/509/477 526/542/509 525/541/508
f 494/509/477 495/510/478 527/543/510 526/542/509
f 495/510/478 496/511/479 528/544/511 527/543/510
f 496/511/479 497/512/480 529/545/512 528/544/511
f 497/512/480 498/513/481 530/546/513 529/545/512
f 498/513/481 499/514/482 531/547/514 530/546/513
f 499/514/482 500/515/483 532/548/515 531/547/514
f 500/515/483 501/516/484 533/549/516 532/548/515
f 501/516/484 502/517/485 534/550/517 533/549/516
f 502/517/485 503/518/486 535/551/518 534/550/517
f 503/518/486 504/519/487 536/552/519 535/551/518
f 504/519/487 505/520/488 537/553/520 536/552/519
f 505/520/488 506/521/489 538/554/521 537/553/520
f 506/521/489 507/522/490 539/555/522 538/554/521
f 507/522/490 508/523/491 540/556/523 539/555/522
f 508/523/491 509/524/492 541/557/524 540/556/523
f 509/524/492 510/525/493 542/558/525 541/557/524
f 510/525/493 511/526/494 543/559/526 542/558/525
f 511/526/494 512/527/495 544/560/527 543/559/526
f 512/527/495 482/528/465 514/561/497 544/560/527
f 514/530/497 513/529/496 545/562/528 546/563/529
f 513/529/496 515/531/498 547/564/530 545/562/528
f 515/531/498 516/532/499 548/565/531 547/564/530
f 516/532/499 517/533/500 549/566/532 548/565/531
f 517/533/500 518/534/501 550/567/533 549/566/532
f 518/534/501 519/535/502 551/568/534 550/567/533
f 519/535/502 520/536/503 552/569/535 551/568/534
f 520/536/503 521/537/504 553/570/536 552/569/535
f 521/537/504 522/538/505 554/571/537 553/570/536
f 522/538/505 523/539/506 555/572/538 554/571/537
f 523/539/506 524/540/507 556/573/539 555/572/538
f 524/540/507 525/541/508 557/574/540 556/573/539
f 525/541/508 526/542/509 558/575/541 557/574/540
f 526/542/509 527/543/510 559/576/542 558/575/541
f 527/543/510 528/544/511 560/577/543 559/576/542
f 528/544/511 529/545/512 561/578/544 560/577/543
f 529/545/512 530/546/513 562/579/545 561/578/544
f 530/546/513 531/547/514 563/580/546 562/579/545
f 531/547/514 532/548/515 564/581/547 563/580/546
f 532/548/515 533/549/516 565/582/548 564/581/547
f 533/549/516 534/550/517 566/583/549 565/582/548
f 534/550/517 535/551/518 567/584/550 566/583/549
f 535/551/518 536/552/519 568/585/551 567/584/550
f 536/552/519 537/553/520 569/586/552 568/585/551
f 537/553/520 538/554/521 570/587/553 569/586/552
f 538/554/521 539/555/522 571/588/554 570/587/553
f 539/555/522 540/556/523 572/589/555 571/588/554
f 540/556/523 541/557/524 573/590/556 572/589/555
f 541/557/524 542/558/525 574/591/557 573/590/556
f 542/558/525 543/559/526 575/592/558 574/591/557
f 543/559/526 544/560/527 576/593/559 575/592/558
f 544/560/527 514/561/497 546/594/529 576/593/559
f 546/563/529 545/562/528 577/595/560 578/596/561
f 545/562/528 547/564/530 579/597/562 577/595/560
f 547/564/530 548/565/531 580/598/563 579/597/562
f 548/565/531 549/566/532 581/599/564 580/598/563
f 549/566/532 550/567/533 582/600/565 581/599/564
f 550/567/533 551/568/534 583/601/566 582/600/565
f 551/568/534 552/569/535 584/602/567 583/601/566
f 552/569/535 553/570/536 585/603/568 584/602/567
f 553/570/536 554/571/537 586/604/569 585/603/568
f 554/571/537 555/572/538 587/605/570 586/604/569
f 555/572/538 556/573/539 588/606/571 587/605/570
f 556/573/539 557/574/540 589/607/572 588/606/571
f 557/574/540 558/575/541 590/608/573 589/607/572
f 558/575/541 559/576/542 591/609/574 590/608/573
f 559/576/542 560/577/543 592/610/575 591/609/574
f 560/577/543 561/578/544 593/611/576 592/610/575
f 561/578/544 562/579/545 594/612/577 593/611/576
f 562/579/545 563/580/546 595/613/578 594/612/577
f 563/580/546 564/581/547 596/614/579 595/613/578
f 564/581/547 565/582/548 597/615/580 596/614/579
f 565/582/548 566/583/549 598/616/581 597/615/580
f 566/583/549 567/584/550 599/617/582 598/616/581
f 567/584/550 568/585/551 600/618/583 599/617/582
f 568/585/551 569/586/552 601/619/584 600/618/583
f 569/586/552 570/587/553 602/620/585 601/619/584
f 570/587/553 571/588/554 603/621/586 602/620/585
f 571/588/554 572/589/555 604/622/587 603/621/586
f 572/589/555 573/590/556 605/623/588 604/622/587
f 573/590/556 574/591/557 606/624/589 605/623/588
f 574/591/557 575/592/558 607/625/590 606/624/589
f 575/592/558 576/593/559 608/626/591 607/625/590
f 576/593/559 546/594/529 578/627/561 608/626/591
f 578/596/561 577/595/560 609/628/592 610/629/593
f 577/595/560 579/597/562 611/630/594 609/628/592
f 579/597/562 580/598/563 612/631/595 611/630/594
f 580/598/563 581/599/564 613/632/596 612/631/595
f 581/599/564 582/600/565 614/633/597 613/632/596
f 582/600/565 583/601/566 615/634/598 614/633/597
f 583/601/566 584/602/567 616/635/599 615/634/598
f 584/602/567 585/603/568 617/636/600 616/635/599
f 585/603/568 586/604/569 618/637/601 617/636/600
f 586/604/569 587/605/570 619/638/602 618/637/601
f 587/605/570 588/606/571 620/639/603 619/638/602
f 588/606/571 589/607/572 621/640/604 620/639/603
f 589/607/572 590/608/573 622/641/605 621/640/604
f 590/608/573 591/609/574 623/642/606 622/641/605
f 591/609/574 592/610/575 624/643/607 623/642/606
f 592/610/575 593/611/576 625/644/608 624/643/607
f 593/611/576 594/612/577 626/645/609 625/644/608
f 594/612/577 595/613/578 627/646/610 626/645/609
f 595/613/578 596/614/579 628/647/611 627/646/610
f 596/614/579 597/615/580 629/648/612 628/647/611
f 597/615/580 598/616/581 630/649/613 629/648/612
f 598/616/581 599/617/582 631/650/614 630/649/613
f 599/617/582 600/618/583 632/651/615 631/650/614
f 600/618/583 601/619/584 633/652/616 632/651/615
f 601/619/584 602/620/585 634/653/617 633/652/616
f 602/620/585 603/621/586 635/654/618 634/653/617
f 603/621/586 604/622/587 636/655/619 635/654/618
f 604/622/587 605/623/588 637/656/620 636/655/619
f 605/623/588 606/624/589 638/657/621 637/656/620
f 606/624/589 607/625/590 639/658/622 638/657/621
f 607/625/590 608/626/591 640/659/623 639/658/622
f 608/626/591 578/627/561 610/660/593 640/659/623
f 610/629/593 609/628/592 641/661/624 642/662/625
f 609/628/592 611/630/594 643/663/626 641/661/624
f 611/630/594 612/631/595 644/664/627 643/663/626
f 612/631/595 613/632/596 645/665/628 644/664/627
f 613/632/596 614/633/597 646/666/629 645/665/628
f 614/633/597 615/634/598 647/667/630 646/666/629
f 615/634/598 616/635/599 648/668/631 647/667/630
f 616/635/599 617/636/600 649/669/632 648/668/631
f 617/636/600 618/637/601 650/670/633 649/669/632
f 618/637/601 619/638/602 651/671/634 650/670/633
f 619/638/602 620/639/603 652/672/635 651/671/634
f 620/639/603 621/640/604 653/673/636 652/672/635
f 621/640/604 622/641/605 654/674/637 653/673/636
f 622/641/605 623/642/606 655/675/638 654/674/637
f 623/642/606 624/643/607 656/676/639 655/675/638
f 624/643/607 625/644/608 657/677/640 656/676/639
f 625/644/608 626/645/609 658/678/641 657/677/640
f 626/645/609 627/646/610 659/679/642 658/678/641
f 627/646/610 628/647/611 660/680/643 659/679/642
f 628/647/611 629/648/612 661/681/644 660/680/643
f 629/648/612 630/649/613 662/682/645 661/681/644
f 630/649/613 631/650/614 663/683/646 662/682/645
f 631/650/614 632/651/615 664/684/647 663/683/646
f 632/651/615 633/652/616 665/685/648 664/684/647
f 633/652/616 634/653/617 666/686/649 665/685/648
f 634/653/617 635/654/618 667/687/650 666/686/649
f 635/654/618 636/655/619 668/688/651 667/687/650
f 636/655/619 637/656/620 669/689/652 668/688/651
f 637/656/620 638/657/621 670/690/653 669/689/652
f 638/657/621 639/658/622 671/691/654 670/690/653
f 639/658/622 640/659/623 672/692/655 671/691/654
f 640/659/623 610/660/593 642/693/625 672/692/655
f 642/662/625 641/661/624 673/694/624 674/695/625
f 641/661/624 643/663/626 675/696/626 673/694/624
f 643/663/626 644/664/627 676/697/627 675/696/626
f 644/664/627 645/665/628 677/698/628 676/697/627
f 645/665/628 646/666/629 678/699/629 677/698/628
f 646/666/629 647/667/630 679/700/630 678/699/629
f 647/667/630 648/668/631 680/701/631 679/700/630
f 648/668/631 649/669/632 681/702/632 680/701/631
f 649/669/632 650/670/633 682/703/633 681/702/632
f 650/670/633 651/671/634 683/704/634 682/703/633
f 651/671/634 652/672/635 684/705/635 683/704/634
f 652/672/635 653/673/636 685/706/636 684/705/635
f 653/673/636 654/674/637 686/707/637 685/706/636
f 654/674/637 655/675/638 687/708/638 686/707/637
f 655/675/638 656/676/639 688/709/639 687/708/638
f 656/676/639 657/677/640 689/710/640 688/709/639
f 657/677/640 658/678/641 690/711/641 689/710/640
f 658/678/641 659/679/642 691/712/642 690/711/641
f 659/679/642 660/680/643 692/713/643 691/712/642
f 660/680/643 661/681/644 693/714/644 692/713/643
f 661/681/644 662/682/645 694/715/645 693/714/644
f 662/682/645 663/683/646 695/716/646 694/715/645
f 663/683/646 664/684/647 696/717/647 695/716/646
f 664/684/647 665/685/648 697/718/648 696/717/647
f 665/685/648 666/686/649 698/719/649 697/718/648
f 666/686/649 667/687/650 699/720/650 698/719/649
f 667/687/650 668/688/651 700/721/651 699/720/650
f 668/688/651 669/689/652 701/722/652 700/721/651
f 669/689/652 670/690/653 702/723/653 701/722/652
f 670/690/653 671/691/654 703/724/654 702/723/653
f 671/691/654 672/692/655 704/725/655 703/724/654
f 672/692/655 642/693/625 674/726/625 704/725/655
f 674/695/625 673/694/624 705/727/624 706/728/625
f 673/694/624 675/696/626 707/729/626 705/727/624
f 675/696/626 676/697/627 708/730/627 707/729/626
f 676/697/627 677/698/628 709/731/628 708/730/627
f 677/698/628 678/699/629 710/732/629 709/731/628
f 678/699/629 679/700/630 711/733/630 710/732/629
f 679/700/630 680/701/631 712/734/631 711/733/630
f 680/701/631 681/702/632 713/735/632 712/734/631
f 681/702/632 682/703/633 714/736/633 713/735/632
f 682/703/633 683/704/634 715/737/634 714/736/633
f 683/704/634 684/705/635 716/738/635 715/737/634
f 684/705/635 685/706/636 717/739/636 716/738/635
f 685/706/636 686/707/637 718/740/637 717/739/636
f 686/707/637 687/708/638 719/741/638 718/740/637
f 687/708/638 688/709/639 720/742/639 719/741/638
f 688/709/639 689/710/640 721/743/640 720/742/639
f 689/710/640 690/711/641 722/744/641 721/743/640
f 690/711/641 691/712/642 723/745/642 722/744/641
f 691/712/642 692/713/643 724/746/643 723/745/642
f 692/713/643 693/714/644 725/747/644 724/746/643
f 693/714/644 694/715/645 726/748/645 725/747/644
f 694/715/645 695/716/646 727/749/646 726/748/645
f 695/716/646 696/717/647 728/750/647 727/749/646
f 696/717/647 697/718/648 729/751/648 728/750/647
f 697/718/648 698/719/649 730/752/649 729/751/648
f 698/719/649 699/720/650 731/753/650 730/752/649
f 699/720/650 700/721/651 732/754/651 731/753/650
f 700/721/651 701/722/652 733/755/652 732/754/651
f 701/722/652 702/723/653 734/756/653 733/755/652
f 702/723/653 703/724/654 735/757/654 734/756/653
f 703/724/654 704/725/655 736/758/655 735/757/654
f 704/725/655 674/726/625 706/759/625 736/758/655
f 706/728/625 705/727/624 737/760/656 738/761/657
f 705/727/624 707/729/626 739/762/658 737/760/656
f 707/729/626 708/730/627 740/763/659 739/762/658
f 708/730/627 709/731/628 741/764/660 740/763/659
f 709/731/628 710/732/629 742/765/661 741/764/660
f 710/732/629 711/733/630 743/766/662 742/765/661
f 711/733/630 712/734/631 744/767/663 743/766/662
f 712/734/631 713/735/632 745/768/664 744/767/663
f 713/735/632 714/736/633 746/769/665 745/768/664
f 714/736/633 715/737/634 747/770/666 746/769/665
f 715/737/634 716/738/635 748/771/667 747/770/666
f 716/738/635 717/739/636 749/772/668 748/771/667
f 717/739/636 718/740/637 750/773/669 749/772/668
f 718/740/637 719/741/638 751/774/670 750/773/669
f 719/741/638 720/742/639 752/775/671 751/774/670
f 720/742/639 721/743/640 753/776/672 752/775/671
f 721/743/640 722/744/641 754/777/673 753/776/672
f 722/744/641 723/745/642 755/778/674 754/777/673
f 723/745/642 724/746/643 756/779/675 755/778/674
f 724/746/643 725/747/644 757/780/676 756/779/675
f 725/747/644 726/748/645 758/781/677 757/780/676
f 726/748/645 727/749/646 759/782/678 758/781/677
f 727/749/646 728/750/647 760/783/679 759/782/678
f 728/750/647 729/751/648 761/784/680 760/783/679
f 729/751/648 730/752/649 762/785/681 761/784/680
f 730/752/649 731/753/650 763/786/682 762/785/681
f 731/753/650 732/754/651 764/787/683 763/786/682
f 732/754/651 733/755/652 765/788/684 764/787/683
f 733/755/652 734/756/653 766/789/685 765/788/684
f 734/756/653 735/757/654 767/790/686 766/789/685
f 735/757/654 736/758/655 768/791/687 767/790/686
f 736/758/655 706/759/625 738/792/657 768/791/687
f 738/761/657 737/760/656 769/793/688 770/794/689
f 737/760/656 739/762/658 771/795/690 769/793/688
f 739/762/658 740/763/659 772/796/691 771/795/690
f 740/763/659 741/764/660 773/797/692 772/796/691
f 741/764/660 742/765/661 774/798/693 773/797/692
f 742/765/661 743/766/662 775/799/694 774/798/693
f 743/766/662 744/767/663 776/800/695 775/799/694
f 744/767/663 745/768/664 777/801/696 776/800/695
f 745/768/664 746/769/665 778/802/697 777/801/696
f 746/769/665 747/770/666 779/803/698 778/802/697
f 747/770/666 748/771/667 780/804/699 779/803/698
f 748/771/667 749/772/668 781/805/700 780/804/699
f 749/772/668 750/773/669 782/806/701 781/805/700
f 750/773/669 751/774/670 783/807/702 782/806/701
f 751/774/670 752/775/671 784/808/703 783/807/702
f 752/775/671 753/776/672 785/809/704 784/808/703
f 753/776/672 754/777/673 786/810/705 785/809/704
f 754/777/673 755/778/674 787/811/706 786/810/705
f 755/778/674 756/779/675 788/812/707 787/811/706
f 756/779/675 757/780/676 789/813/708 788/812/707
f 757/780/676 758/781/677 790/814/709 789/813/708
f 758/781/677 759/782/678 791/815/710 790/814/709
f 759/782/678 760/783/679 792/816/711 791/815/710
f 760/783/679 761/784/680 793/817/712 792/816/711
f 761/784/680 762/785/681 794/818/713 793/817/712
f 762/785/681 763/786/682 795/819/714 794/818/713
f 763/786/682 764/787/683 796/820/715 795/819/714
f 764/787/683 765/788/684 797/821/716 796/820/715
f 765/788/684 766/789/685 798/822/717 797/821/716
f 766/789/685 767/790/686 799/823/718 798/822/717
f 767/790/686 768/791/687 800/824/719 799/823/718
f 768/791/687 738/792/657 770/825/689 800/824/719
f 770/794/689 769/793/688 801/826/720 802/827/721
f 769/793/688 771/795/690 803/828/722 801/826/720
f 771/795/690 772/796/691 804/829/723 803/828/722
f 772/796/691 773/797/692 805/830/724 804/829/723
f 773/797/692 774/798/693 806/831/725 805/830/724
f 774/798/693 775/799/694 807/832/726 806/831/725
f 775/799/694 776/800/695 808/833/727 807/832/726
f 776/800/695 777/801/696 809/834/728 808/833/727
f 777/801/696 778/802/697 810/835/729 809/834/728
f 778/802/697 779/803/698 811/836/730 810/835/729
f 779/803/698 780/804/699 812/837/731 811/836/730
f 780/804/699 781/805/700 813/838/732 812/837/731
f 781/805/700 782/806/701 814/839/733 813/838/732
f 782/806/701 783/807/702 815/840/734 814/839/733
f 783/807/702 784/808/703 816/841/735 815/840/734
f 784/808/703 785/809/704 817/842/736 816/841/735
f 785/809/704 786/810/705 818/843/737 817/842/736
f 786/810/705 787/811/706 819/844/738 818/843/737
f 787/811/706 788/812/707 820/845/739 819/844/738
f 788/812/707 789/813/708 821/846/740 820/845/739
f 789/813/708 790/814/709 822/847/741 821/846/740
f 790/814/709 791/815/710 823/848/742 822/847/741
f 791/815/710 792/816/711 824/849/743 823/848/742
f 792/816/711 793/817/712 825/850/744 824/849/743
f 793/817/712 794/818/713 826/851/745 825/850/744
f 794/818/713 795/819/714 827/852/746 826/851/745
f 795/819/714 796/820/715 828/853/747 827/852/746
f 796/820/715 797/821/716 829/854/748 828/853/747
f 797/821/716 798/822/717 830/855/749 829/854/748
f 798/822/717 799/823/718 831/856/750 830/855/749
f 799/823/718 800/824/719 832/857/751 831/856/750
f 800/824/719 770/825/689 802/858/721 832/857/751
f 802/827/721 801/826/720 833/859/752 834/860/753
f 801/826/720 803/828/722 835/861/754 833/859/752
f 803/828/722 804/829/723 836/862/755 835/861/754
f 804/829/723 805/830/724 837/863/756 836/862/755
f 805/830/724 806/831/725 838/864/757 837/863/756
f 806/831/725 807/832/726 839/865/758 838/864/757
f 807/832/726 808/833/727 840/866/759 839/865/758
f 808/833/727 809/834/728 841/867/760 840/866/759
f 809/834/728 810/835/729 842/868/761 841/867/760
f 810/835/729 811/836/730 843/869/762 842/868/761
f 811/836/730 812/837/731 844/870/763 843/869/762
f 812/837/731 813/838/732 845/871/764 844/870/763
f 813/838/732 814/839/733 846/872/765 845/871/764
f 814/839/733 815/840/734 847/873/766 846/872/765
f 815/840/734 816/841/735 848/874/767 847/873/766
f 816/841/735 817/842/736 849/875/768 848/874/767
f 817/842/736 818/843/737 850/876/769 849/875/768
f 818/843/737 819/844/738 851/877/770 850/876/769
f 819/844/738 820/845/739 852/878/771 851/877/770
f 820/845/739 821/846/740 853/879/772 852/878/771
f 821/846/740 822/847/741 854/880/773 853/879/772
f 822/847/741 823/848/742 855/881/774 854/880/773
f 823/848/742 824/849/743 856/882/775 855/881/774
f 824/849/743 825/850/744 857/883/776 856/882/775
f 825/850/744 826/851/745 858/884/777 857/883/776
f 826/851/745 827/852/746 859/885/778 858/884/777
f 827/852/746 828/853/747 860/886/779 859/885/778
f 828/853/747 829/854/748 861/887/780 860/886/779
f 829/854/748 830/855/749 862/888/781 861/887/780
f 830/855/749 831/856/750 863/889/782 862/888/781
f 831/856/750 832/857/751 864/890/783 863/889/782
f 832/857/751 802/858/721 834/891/753 864/890/783
f 834/860/753 833/859/752 865/892/784 866/893/785
f 833/859/752 835/861/754 867/894/786 865/892/784
f 835/861/754 836/862/755 868/895/787 867/894/786
f 836/862/755 837/863/756 869/896/788 868/895/787
f 837/863/756 838/864/757 870/897/789 869/896/788
f 838/864/757 839/865/758 871/898/790 870/897/789
f 839/865/758 840/866/759 872/899/791 871/898/790
f 840/866/759 841/867/760 873/900/792 872/899/791
f 841/867/760 842/868/761 874/901/793 873/900/792
f 842/868/761 843/869/762 875/902/794 874/901/793
f 843/869/762 844/870/763 876/903/795 875/902/794
f 844/870/763 845/871/764 877/904/796 876/903/795
f 845/871/764 846/872/765 878/905/797 877/904/796
f 846/872/765 847/873/766 879/906/798 878/905/797
f 847/873/766 848/874/767 880/907/799 879/906/798
f 848/874/767 849/875/768 881/908/800 880/907/799
f 849/875/768 850/876/769 882/909/801 881/908/800
f 850/876/769 851/877/770 883/910/802 882/909/801
f 851/877/770 852/878/771 884/911/803 883/910/802
f 852/878/771 853/879/772 885/912/804 884/911/803
f 853/879/772 854/880/773 886/913/805 885/912/804
f 854/880/773 855/881/774 887/914/806 886/913/805
f 855/881/774 856/882/775 888/915/807 887/914/806
f 856/882/775 857/883/776 889/916/808 888/915/807
f 857/883/776 858/884/777 890/917/809 889/916/808
f 858/884/777 859/885/778 891/918/810 890/917/809
f 859/885/778 860/886/779 892/919/811 891/918/810
f 860/886/779 861/887/780 893/920/812 892/919/811
f 861/887/780 862/888/781 894/921/813 893/920/812
f 862/888/781 863/889/782 895/922/814 894/921/813
f 863/889/782 864/890/783 896/923/815 895/922/814
f 864/890/783 834/891/753 866/924/785 896/923/815
f 866/893/785 865/892/784 897/925/624 898/926/625
f 865/892/784 867/894/786 899/927/626 897/925/624
f 867/894/786 868/895/787 900/928/627 899/927/626
f 868/895/787 869/896/788 901/929/628 900/928/627
f 869/896/788 870/897/789 902/930/629 901/929/628
f 870/897/789 871/898/790 903/931/630 902/930/629
f 871/898/790 872/899/791 904/932/631 903/931/630
f 872/899/791 873/900/792 905/933/632 904/932/631
f 873/900/792 874/901/793 906/934/633 905/933/632
f 874/901/793 875/902/794 907/935/634 906/934/633
f 875/902/794 876/903/795 908/936/635 907/935/634
f 876/903/795 877/904/796 909/937/636 908/936/635
f 877/904/796 878/905/797 910/938/637 909/937/636
f 878/905/797 879/906/798 911/939/638 910/938/637
f 879/906/798 880/907/799 912/940/639 911/939/638
f 880/907/799 881/908/800 913/941/640 912/940/639
f 881/908/800 882/909/801 914/942/641 913/941/640
f 882/909/801 883/910/802 915/943/642 914/942/641
f 883/910/802 884/911/803 916/944/643 915/943/642
f 884/911/803 885/912/804 917/945/644 916/944/643
f 885/912/804 886/913/805 918/946/816 917/945/644
f 886/913/805 887/914/806 919/947/817 918/946/816
f 887/914/806 888/915/807 920/948/647 919/947/817
f 888/915/807 889/916/808 921/949/648 920/948/647
f 889/916/808 890/917/809 922/950/818 921/949/648
f 890/917/809 891/918/810 923/951/650 922/950/818
f 891/918/810 892/919/811 924/952/651 923/951/650
f 892/919/811 893/920/812 925/953/652 924/952/651
f 893/920/812 894/921/813 926/954/653 925/953/652
f 894/921/813 895/922/814 927/955/654 926/954/653
f 895/922/814 896/923/815 928/956/655 927/955/654
f 896/923/815 866/924/785 898/957/625 928/956/655
f 898/926/625 897/925/624 929/958/819 930/959/820
f 897/925/624 899/927/626 931/960/821 929/958/819
f 899/927/626 900/928/627 932/961/822 931/960/821
f 900/928/627 901/929/628 933/962/823 932/961/822
f 901/929/628 902/930/629 934/963/824 933/962/823
f 902/930/629 903/931/630 935/964/825 934/963/824
f 903/931/630 904/932/631 936/965/826 935/964/825
f 904/932/631 905/933/632 937/966/827 936/965/826
f 905/933/632 906/934/633 938/967/828 937/966/827
f 906/934/633 907/935/634 939/968/829 938/967/828
f 907/935/634 908/936/635 940/969/830 939/968/829
f 908/936/635 909/937/636 941/970/831 940/969/830
f 909/937/636 910/938/637 942/971/832 941/970/831
f 910/938/637 911/939/638 943/972/833 942/971/832
f 911/939/638 912/940/639 944/973/834 943/972/833
f 912/940/639 913/941/640 945/974/835 944/973/834
f 913/941/640 914/942/641 946/975/836 945/974/835
f 914/942/641 915/943/642 947/976/837 946/975/836
f 915/943/642 916/944/643 948/977/838 947/976/837
f 916/944/643 917/945/644 949/978/839 948/977/838
f 917/945/644 918/946/816 950/979/840 949/978/839
f 918/946/816 919/947/817 951/980/841 950/979/840
f 919/947/817 920/948/647 952/981/842 951/980/841
f 920/948/647 921/949/648 953/982/843 952/981/842
f 921/949/648 922/950/818 954/983/844 953/982/843
f 922/950/818 923/951/650 955/984/845 954/983/844
f 923/951/650 924/952/651 956/985/846 955/984/845
f 924/952/651 925/953/652 957/986/847 956/985/846
f 925/953/652 926/954/653 958/987/848 957/986/847
f 926/954/653 927/955/654 959/988/849 958/987/848
f 927/955/654 928/956/655 960/989/850 959/988/849
f 928/956/655 898/957/625 930/990/820 960/989/850
f 930/959/820 929/958/819 961/991/851 962/992/852
f 929/958/819 931/960/821 963/993/853 961/991/851
f 931/960/821 932/961/822 964/994/854 963/993/853
f 932/961/822 933/962/823 965/995/855 964/994/854
f 933/962/823 934/963/824 966/996/856 965/995/855
f 934/963/824 935/964/825 967/997/857 966/996/856
f 935/964/825 936/965/826 968/998/858 967/997/857
f 936/965/826 937/966/827 969/999/859 968/998/858
f 937/966/827 938/967/828 970/1000/860 969/999/859
f 938/967/828 939/968/829 971/1001/861 970/1000/860
f 939/968/829 940/969/830 972/1002/862 971/1001/861
f 940/969/830 941/970/831 973/1003/863 972/1002/862
f 941/970/831 942/971/832 974/1004/864 973/1003/863
f 942/971/832 943/972/833 975/1005/865 974/1004/864
f 943/972/833 944/973/834 976/1006/866 975/1005/865
f 944/973/834 945/974/835 977/1007/867 976/1006/866
f 945/974/835 946/975/836 978/1008/868 977/1007/867
f 946/975/836 947/976/837 979/1009/869 978/1008/868
f 947/976/837 948/977/838 980/1010/870 979/1009/869
f 948/977/838 949/978/839 981/1011/871 980/1010/870
f 949/978/839 950/979/840 982/1012/872 981/1011/871
f 950/979/840 951/980/841 983/1013/873 982/1012/872
f 951/980/841 952/981/842 984/1014/874 983/1013/873
f 952/981/842 953/982/843 985/1015/875 984/1014/874
f 953/982/843 954/983/844 986/1016/876 985/1015/875
f 954/983/844 955/984/845 987/1017/877 986/1016/876
f 955/984/845 956/985/846 988/1018/878 987/1017/877
f 956/985/846 957/986/847 989/1019/879 988/1018/878
f 957/986/847 958/987/848 990/1020/880 989/1019/879
f 958/987/848 959/988/849 991/1021/881 990/1020/880
f 959/988/849 960/989/850 992/1022/882 991/1021/881
f 960/989/850 930/990/820 962/1023/852 992/1022/882
f 962/992/852 961/991/851 993/1024/883 994/1025/884
f 961/991/851 963/993/853 995/1026/885 993/1024/883
f 963/993/853 964/994/854 996/1027/886 995/1026/885
f 964/994/854 965/995/855 997/1028/887 996/1027/886
f 965/995/855 966/996/856 998/1029/888 997/1028/887
f 966/996/856 967/997/857 999/1030/889 998/1029/888
f 967/997/857 968/998/858 1000/1031/890 999/1030/889
f 968/998/858 969/999/859 1001/1032/891 1000/1031/890
f 969/999/859 970/1000/860 1002/1033/892 1001/1032/891
f 970/1000/860 971/1001/861 1003/1034/893 1002/1033/892
f 971/1001/861 972/1002/862 1004/1035/894 1003/1034/893
f 972/1002/862 973/1003/863 1005/1036/895 1004/1035/894
f 973/1003/863 974/1004/864 1006/1037/896 1005/1036/895
f 974/1004/864 975/1005/865 1007/1038/897 1006/1037/896
f 975/1005/865 976/1006/866 1008/1039/898 1007/1038/897
f 976/1006/866 977/1007/867 1009/1040/899 1008/1039/898
f 977/1007/867 978/1008/868 1010/1041/900 1009/1040/899
f 978/1008/868 979/1009/869 1011/1042/901 1010/1041/900
f 979/1009/869 980/1010/870 1012/1043/902 1011/1042/901
f 980/1010/870 981/1011/871 1013/1044/903 1012/1043/902
f 981/1011/871 982/1012/872 1014/1045/904 1013/1044/903
f 982/1012/872 983/1013/873 1015/1046/905 1014/1045/904
f 983/1013/873 984/1014/874 1016/1047/906 1015/1046/905
f 984/1014/874 985/1015/875 1017/1048/907 1016/1047/906
f 985/1015/875 986/1016/876 1018/1049/908 1017/1048/907
f 986/1016/876 987/1017/877 1019/1050/909 1018/1049/908
f 987/1017/877 988/1018/878 1020/1051/910 1019/1050/909
f 988/1018/878 989/1019/879 1021/1052/911 1020/1051/910
f 989/1019/879 990/1020/880 1022/1053/912 1021/1052/911
f 990/1020/880 991/1021/881 1023/1054/913 1022/1053/912
f 991/1021/881 992/1022/882 1024/1055/914 1023/1054/913
f 992/1022/882 962/1023/852 994/1056/884 1024/1055/914
f 994/1025/884 993/1024/883 1025/1057/915 1026/1058/915
f 993/1024/883 995/1026/885 1027/1059/915 1025/1057/915
f 995/1026/885 996/1027/886 1028/1060/915 1027/1059/915
f 996/1027/886 997/1028/887 1029/1061/915 1028/1060/915
f 997/1028/887 998/1029/888 1030/1062/915 1029/1061/915
f 998/1029/888 999/1030/889 1031/1063/915 1030/1062/915
f 999/1030/889 1000/1031/890 1032/1064/915 1031/1063/915
f 1000/1031/890 1001/1032/891 1033/1065/915 1032/1064/915
f 1001/1032/891 1002/1033/892 1034/1066/915 1033/1065/915
f 1002/1033/892 1003/1034/893 1035/1067/915 1034/1066/915
f 1003/1034/893 1004/1035/894 1036/1068/915 1035/1067/915
f 1004/1035/894 1005/1036/895 1037/1069/915 1036/1068/915
f 1005/1036/895 1006/1037/896 1038/1070/915 1037/1069/915
f 1006/1037/896 1007/1038/897 1039/1071/915 1038/1070/915
f 1007/1038/897 1008/1039/898 1040/1072/915 1039/1071/915
f 1008/1039/898 1009/1040/899 1041/1073/915 1040/1072/915
f 1009/1040/899 1010/1041/900 1042/1074/915 1041/1073/915
f 1010/1041/900 1011/1042/901 1043/1075/915 1042/1074/915
f 1011/1042/901 1012/1043/902 1044/1076/915 1043/1075/915
f 1012/1043/902 1013/1044/903 1045/1077/915 1044/1076/915
f 1013/1044/903 1014/1045/904 1046/1078/915 1045/1077/915
f 1014/1045/904 1015/1046/905 1047/1079/915 1046/1078/915
f 1015/1046/905 1016/1047/906 1048/1080/915 1047/1079/915
f 1016/1047/906 1017/1048/907 1049/1081/915 1048/1080/915
f 1017/1048/907 1018/1049/908 1050/1082/915 1049/1081/915
f 1018/1049/908 1019/1050/909 1051/1083/915 1050/1082/915
f 1019/1050/909 1020/1051/910 1052/1084/915 1051/1083/915
f 1020/1051/910 1021/1052/911 1053/1085/915 1052/1084/915
f 1021/1052/911 1022/1053/912 1054/1086/915 1053/1085/915
f 1022/1053/912 1023/1054/913 1055/1087/915 1054/1086/915
f 1023/1054/913 1024/1055/914 1056/1088/915 1055/1087/915
f 1024/1055/914 994/1056/884 1026/1089/915 1056/1088/915
