# Exported from Wings 3D 2.4.1
mtllib teapot.mtl
o Teapot001
#3242 vertices, 3200 faces
v 6.84233540 -2.9075452e-4 5.74748687
v 6.75213540 -1.14889075 5.74748687
v 6.68273540 -1.13729075 5.92468687
v 6.77193540 -2.9075452e-4 5.92468687
v 6.65543540 -1.13279075 6.06248687
v 6.74433540 -2.9075452e-4 6.06248687
v 6.66443540 -1.13429075 6.16088687
v 6.75343540 -2.9075452e-4 6.16088687
v 6.70383540 -1.14079075 6.21998687
v 6.79333540 -2.9075452e-4 6.21998687
v 6.76763540 -1.15139075 6.23968687
v 6.85793540 -2.9075452e-4 6.23968687
v 6.84993540 -1.16509075 6.21998687
v 6.94133540 -2.9075452e-4 6.21998687
v 6.94483540 -1.18089075 6.16088687
v 7.03743540 -2.9075452e-4 6.16088687
v 7.04633540 -1.19779075 6.06248687
v 7.14033540 -2.9075452e-4 6.06248687
v 7.14863540 -1.21479075 5.92468687
v 7.24393540 -2.9075452e-4 5.92468687
v 7.24573540 -1.23089075 5.74748687
v 7.34233540 -2.9075452e-4 5.74748687
v 6.49063540 -2.23359075 5.74748687
v 6.42383540 -2.21109075 5.92468687
v 6.39753540 -2.20229075 6.06248687
v 6.40623540 -2.20519075 6.16088687
v 6.44413540 -2.21789075 6.21998687
v 6.50553540 -2.23859075 6.23968687
v 6.58463540 -2.26519075 6.21998687
v 6.67593540 -2.29579075 6.16088687
v 6.77363540 -2.32869075 6.06248687
v 6.87213540 -2.36169075 5.92468687
v 6.96553540 -2.39309075 5.74748687
v 6.07123540 -3.24099075 5.74748687
v 6.00863540 -3.20839075 5.92468687
v 5.98403540 -3.19569075 6.06248687
v 5.99213540 -3.19989075 6.16088687
v 6.02763540 -3.21829075 6.21998687
v 6.08513540 -3.24829075 6.23968687
v 6.15933540 -3.28689075 6.21998687
v 6.24483540 -3.33139075 6.16088687
v 6.33643540 -3.37899075 6.06248687
v 6.42863540 -3.42699075 5.92468687
v 6.51613540 -3.47249075 5.74748687
v 5.50733540 -4.15769075 5.74748687
v 5.45033540 -4.11589075 5.92468687
v 5.42803540 -4.09949075 6.06248687
v 5.43533540 -4.10499075 6.16088687
v 5.46763540 -4.12859075 6.21998687
v 5.51993540 -4.16699075 6.23968687
v 5.58743540 -4.21649075 6.21998687
v 5.66523540 -4.27359075 6.16088687
v 5.74843540 -4.33469075 6.06248687
v 5.83233540 -4.39629075 5.92468687
v 5.91193540 -4.45469075 5.74748687
v 4.81233540 -4.97029075 5.74748687
v 4.76233540 -4.92029075 5.92468687
v 4.74273540 -4.90069075 6.06248687
v 4.74923540 -4.90719075 6.16088687
v 4.77753540 -4.93549075 6.21998687
v 4.82343540 -4.98139075 6.23968687
v 4.88263540 -5.04059075 6.21998687
v 4.95083540 -5.10879075 6.16088687
v 5.02393540 -5.18189075 6.06248687
v 5.09753540 -5.25549075 5.92468687
v 5.16733540 -5.32529075 5.74748687
v 3.99973540 -5.66529075 5.74748687
v 3.95793540 -5.60829075 5.92468687
v 3.94153540 -5.58599075 6.06248687
v 3.94703540 -5.59329075 6.16088687
v 3.97063540 -5.62559075 6.21998687
v 4.00903540 -5.67789075 6.23968687
v 4.05853540 -5.74539075 6.21998687
v 4.11563540 -5.82319075 6.16088687
v 4.17673540 -5.90639075 6.06248687
v 4.23833540 -5.99029075 5.92468687
v 4.29673540 -6.06989075 5.74748687
v 3.08303540 -6.22919075 5.74748687
v 3.05043540 -6.16659075 5.92468687
v 3.03763540 -6.14199075 6.06248687
v 3.04193540 -6.15009075 6.16088687
v 3.06033540 -6.18559075 6.21998687
v 3.09033540 -6.24309075 6.23968687
v 3.12893540 -6.31729075 6.21998687
v 3.17343540 -6.40279075 6.16088687
v 3.22103540 -6.49439075 6.06248687
v 3.26903540 -6.58659075 5.92468687
v 3.31453540 -6.67409075 5.74748687
v 2.07563540 -6.64859075 5.74748687
v 2.05313540 -6.58179075 5.92468687
v 2.04433540 -6.55549075 6.06248687
v 2.04723540 -6.56419075 6.16088687
v 2.05993540 -6.60209075 6.21998687
v 2.08063540 -6.66349075 6.23968687
v 2.10723540 -6.74259075 6.21998687
v 2.13783540 -6.83389075 6.16088687
v 2.17073540 -6.93159075 6.06248687
v 2.20373540 -7.03009075 5.92468687
v 2.23513540 -7.12349075 5.74748687
v 0.99093540 -6.91009075 5.74748687
v 0.97933540 -6.84069075 5.92468687
v 0.97483540 -6.81339075 6.06248687
v 0.97633540 -6.82239075 6.16088687
v 0.98283540 -6.86179075 6.21998687
v 0.99343540 -6.92559075 6.23968687
v 1.00713540 -7.00789075 6.21998687
v 1.02293540 -7.10279075 6.16088687
v 1.03983540 -7.20429075 6.06248687
v 1.05683540 -7.30659075 5.92468687
v 1.07293540 -7.40369075 5.74748687
v -0.15766460 -7.00029075 5.74748687
v -0.15766460 -6.92989075 5.92468687
v -0.15766460 -6.90229075 6.06248687
v -0.15766460 -6.91139075 6.16088687
v -0.15766460 -6.95129075 6.21998687
v -0.15766460 -7.01589075 6.23968687
v -0.15766460 -7.09929075 6.21998687
v -0.15766460 -7.19539075 6.16088687
v -0.15766460 -7.29829075 6.06248687
v -0.15766460 -7.40189075 5.92468687
v -0.15766460 -7.50029075 5.74748687
v -1.41556460 -6.91009075 5.74748687
v -1.37436460 -6.84069075 5.92468687
v -1.34616460 -6.81339075 6.06248687
v -1.32916460 -6.82239075 6.16088687
v -1.32176460 -6.86179075 6.21998687
v -1.32246460 -6.92559075 6.23968687
v -1.32946460 -7.00789075 6.21998687
v -1.34116460 -7.10279075 6.16088687
v -1.35596460 -7.20429075 6.06248687
v -1.37226460 -7.30659075 5.92468687
v -1.38826460 -7.40369075 5.74748687
v -2.56376460 -6.64859075 5.74748687
v -2.49446460 -6.58179075 5.92468687
v -2.44816460 -6.55549075 6.06248687
v -2.42186460 -6.56419075 6.16088687
v -2.41266460 -6.60209075 6.21998687
v -2.41756460 -6.66349075 6.23968687
v -2.43356460 -6.74259075 6.21998687
v -2.45786460 -6.83389075 6.16088687
v -2.48736460 -6.93159075 6.06248687
v -2.51926460 -7.03009075 5.92468687
v -2.55046460 -7.12349075 5.74748687
v -3.59686460 -6.22919075 5.74748687
v -3.51046460 -6.16659075 5.92468687
v -3.45466460 -6.14199075 6.06248687
v -3.42526460 -6.15009075 6.16088687
v -3.41856460 -6.18559075 6.21998687
v -3.43046460 -6.24309075 6.23968687
v -3.45696460 -6.31729075 6.21998687
v -3.49406460 -6.40279075 6.16088687
v -3.53796460 -6.49439075 6.06248687
v -3.58456460 -6.58659075 5.92468687
v -3.62986460 -6.67409075 5.74748687
v -4.50946460 -5.66529075 5.74748687
v -4.41506460 -5.60829075 5.92468687
v -4.35646460 -5.58599075 6.06248687
v -4.32896460 -5.59329075 6.16088687
v -4.32796460 -5.62559075 6.21998687
v -4.34866460 -5.67789075 6.23968687
v -4.38636460 -5.74539075 6.21998687
v -4.43626460 -5.82319075 6.16088687
v -4.49366460 -5.90639075 6.06248687
v -4.55386460 -5.99029075 5.92468687
v -4.61206460 -6.06989075 5.74748687
v -5.29636460 -4.97029075 5.74748687
v -5.20076460 -4.92029075 5.92468687
v -5.14446460 -4.90069075 6.06248687
v -5.12246460 -4.90719075 6.16088687
v -5.12936460 -4.93549075 6.21998687
v -5.15986460 -4.98139075 6.23968687
v -5.20876460 -5.04059075 6.21998687
v -5.27076460 -5.10879075 6.16088687
v -5.34056460 -5.18189075 6.06248687
v -5.41296460 -5.25549075 5.92468687
v -5.48266460 -5.32529075 5.74748687
v -5.95226460 -4.15769075 5.74748687
v -5.86016460 -4.11589075 5.92468687
v -5.80966460 -4.09949075 6.06248687
v -5.79516460 -4.10499075 6.16088687
v -5.81096460 -4.12859075 6.21998687
v -5.85146460 -4.16699075 6.23968687
v -5.91106460 -4.21649075 6.21998687
v -5.98406460 -4.27359075 6.16088687
v -6.06486460 -4.33469075 6.06248687
v -6.14776460 -4.39629075 5.92468687
v -6.22726460 -4.45469075 5.74748687
v -6.47156460 -3.24099075 5.74748687
v -6.38596460 -3.20839075 5.92468687
v -6.34286460 -3.19559075 6.06248687
v -6.33666460 -3.19989075 6.16088687
v -6.36126460 -3.21829075 6.21998687
v -6.41106460 -3.24829075 6.23968687
v -6.48006460 -3.28689075 6.21998687
v -6.56246460 -3.33139075 6.16088687
v -6.65236460 -3.37899075 6.06248687
v -6.74396460 -3.42699075 5.92468687
v -6.83146460 -3.47249075 5.74748687
v -6.84916460 -2.23359075 5.74748687
v -6.77066460 -2.21109075 5.92468687
v -6.73506460 -2.20229075 6.06248687
v -6.73636460 -2.20519075 6.16088687
v -6.76876460 -2.21789075 6.21998687
v -6.82626460 -2.23859075 6.23968687
v -6.90276460 -2.26519075 6.21998687
v -6.99246460 -2.29579075 6.16088687
v -7.08936460 -2.32869075 6.06248687
v -7.18746460 -2.36169075 5.92468687
v -7.28086460 -2.39309075 5.74748687
v -7.07966460 -1.14889075 5.74748687
v -7.00686460 -1.13729075 5.92468687
v -6.97696460 -1.13279075 6.06248687
v -6.98396460 -1.13429075 6.16088687
v -7.02176460 -1.14079075 6.21998687
v -7.08446460 -1.15139075 6.23968687
v -7.16596460 -1.16509075 6.21998687
v -7.26046460 -1.18089075 6.16088687
v -7.36176460 -1.19779075 6.06248687
v -7.46396460 -1.21479075 5.92468687
v -7.56106460 -1.23089075 5.74748687
v -7.15766460 -2.9075452e-4 5.74748687
v -7.08726460 -2.9075452e-4 5.92468687
v -7.05966460 -2.9075452e-4 6.06248687
v -7.06876460 -2.9075452e-4 6.16088687
v -7.10866460 -2.9075452e-4 6.21998687
v -7.17326460 -2.9075452e-4 6.23968687
v -7.25666460 -2.9075452e-4 6.21998687
v -7.35276460 -2.9075452e-4 6.16088687
v -7.45566460 -2.9075452e-4 6.06248687
v -7.55926460 -2.9075452e-4 5.92468687
v -7.65766460 -2.9075452e-4 5.74748687
v -7.06746460 1.14830925 5.74748687
v -6.99806460 1.13670925 5.92468687
v -6.97076460 1.13220925 6.06248687
v -6.97976460 1.13370925 6.16088687
v -7.01916460 1.14020925 6.21998687
v -7.08296460 1.15080925 6.23968687
v -7.16526460 1.16450925 6.21998687
v -7.26016460 1.18030925 6.16088687
v -7.36166460 1.19720925 6.06248687
v -7.46396460 1.21420925 5.92468687
v -7.56106460 1.23030925 5.74748687
v -6.80596460 2.23300925 5.74748687
v -6.73916460 2.21050925 5.92468687
v -6.71286460 2.20170925 6.06248687
v -6.72156460 2.20460925 6.16088687
v -6.75946460 2.21730925 6.21998687
v -6.82086460 2.23800925 6.23968687
v -6.89996460 2.26460925 6.21998687
v -6.99126460 2.29520925 6.16088687
v -7.08896460 2.32810925 6.06248687
v -7.18746460 2.36110925 5.92468687
v -7.28086460 2.39250925 5.74748687
v -6.38656460 3.24040925 5.74748687
v -6.32396460 3.20780925 5.92468687
v -6.29936460 3.19510925 6.06248687
v -6.30746460 3.19930925 6.16088687
v -6.34296460 3.21770925 6.21998687
v -6.40046460 3.24770925 6.23968687
v -6.47466460 3.28630925 6.21998687
v -6.56016460 3.33080925 6.16088687
v -6.65176460 3.37840925 6.06248687
v -6.74396460 3.42640925 5.92468687
v -6.83146460 3.47190925 5.74748687
v -5.82266460 4.15710925 5.74748687
v -5.76566460 4.11530925 5.92468687
v -5.74336460 4.09890925 6.06248687
v -5.75066460 4.10440925 6.16088687
v -5.78296460 4.12800925 6.21998687
v -5.83526460 4.16640925 6.23968687
v -5.90276460 4.21590925 6.21998687
v -5.98056460 4.27300925 6.16088687
v -6.06376460 4.33410925 6.06248687
v -6.14766460 4.39570925 5.92468687
v -6.22726460 4.45410925 5.74748687
v -5.12766460 4.96970925 5.74748687
v -5.07766460 4.91970925 5.92468687
v -5.05806460 4.90010925 6.06248687
v -5.06456460 4.90660925 6.16088687
v -5.09286460 4.93490925 6.21998687
v -5.13876460 4.98080925 6.23968687
v -5.19796460 5.04000925 6.21998687
v -5.26616460 5.10820925 6.16088687
v -5.33926460 5.18130925 6.06248687
v -5.41286460 5.25490925 5.92468687
v -5.48266460 5.32470925 5.74748687
v -4.31506460 5.66470925 5.74748687
v -4.27326460 5.60770925 5.92468687
v -4.25686460 5.58540925 6.06248687
v -4.26236460 5.59270925 6.16088687
v -4.28596460 5.62500925 6.21998687
v -4.32436460 5.67730925 6.23968687
v -4.37386460 5.74480925 6.21998687
v -4.43096460 5.82260925 6.16088687
v -4.49206460 5.90580925 6.06248687
v -4.55366460 5.98970925 5.92468687
v -4.61206460 6.06930925 5.74748687
v -3.39836460 6.22860925 5.74748687
v -3.36576460 6.16600925 5.92468687
v -3.35296460 6.14140925 6.06248687
v -3.35726460 6.14950925 6.16088687
v -3.37566460 6.18500925 6.21998687
v -3.40566460 6.24250925 6.23968687
v -3.44426460 6.31670925 6.21998687
v -3.48876460 6.40220925 6.16088687
v -3.53636460 6.49380925 6.06248687
v -3.58436460 6.58600925 5.92468687
v -3.62986460 6.67350925 5.74748687
v -2.39096460 6.64800925 5.74748687
v -2.36846460 6.58120925 5.92468687
v -2.35966460 6.55490925 6.06248687
v -2.36256460 6.56360925 6.16088687
v -2.37526460 6.60150925 6.21998687
v -2.39596460 6.66290925 6.23968687
v -2.42256460 6.74200925 6.21998687
v -2.45316460 6.83330925 6.16088687
v -2.48606460 6.93100925 6.06248687
v -2.51906460 7.02950925 5.92468687
v -2.55046460 7.12290925 5.74748687
v -1.30626460 6.90950925 5.74748687
v -1.29466460 6.84010925 5.92468687
v -1.29016460 6.81280925 6.06248687
v -1.29166460 6.82180925 6.16088687
v -1.29816460 6.86120925 6.21998687
v -1.30876460 6.92500925 6.23968687
v -1.32246460 7.00730925 6.21998687
v -1.33826460 7.10220925 6.16088687
v -1.35516460 7.20370925 6.06248687
v -1.37216460 7.30600925 5.92468687
v -1.38826460 7.40310925 5.74748687
v -0.15766460 6.99970925 5.74748687
v -0.15766460 6.92930925 5.92468687
v -0.15766460 6.90170925 6.06248687
v -0.15766460 6.91080925 6.16088687
v -0.15766460 6.95070925 6.21998687
v -0.15766460 7.01530925 6.23968687
v -0.15766460 7.09870925 6.21998687
v -0.15766460 7.19480925 6.16088687
v -0.15766460 7.29770925 6.06248687
v -0.15766460 7.40130925 5.92468687
v -0.15766460 7.49970925 5.74748687
v 0.99093540 6.90950925 5.74748687
v 0.97933540 6.84010925 5.92468687
v 0.97483540 6.81280925 6.06248687
v 0.97633540 6.82180925 6.16088687
v 0.98283540 6.86120925 6.21998687
v 0.99343540 6.92500925 6.23968687
v 1.00713540 7.00730925 6.21998687
v 1.02293540 7.10220925 6.16088687
v 1.03983540 7.20370925 6.06248687
v 1.05683540 7.30600925 5.92468687
v 1.07293540 7.40310925 5.74748687
v 2.07563540 6.64800925 5.74748687
v 2.05313540 6.58120925 5.92468687
v 2.04433540 6.55490925 6.06248687
v 2.04723540 6.56360925 6.16088687
v 2.05993540 6.60150925 6.21998687
v 2.08063540 6.66290925 6.23968687
v 2.10723540 6.74200925 6.21998687
v 2.13783540 6.83330925 6.16088687
v 2.17073540 6.93100925 6.06248687
v 2.20373540 7.02950925 5.92468687
v 2.23513540 7.12290925 5.74748687
v 3.08303540 6.22860925 5.74748687
v 3.05043540 6.16600925 5.92468687
v 3.03773540 6.14140925 6.06248687
v 3.04193540 6.14950925 6.16088687
v 3.06033540 6.18500925 6.21998687
v 3.09033540 6.24250925 6.23968687
v 3.12893540 6.31670925 6.21998687
v 3.17343540 6.40220925 6.16088687
v 3.22103540 6.49380925 6.06248687
v 3.26903540 6.58600925 5.92468687
v 3.31453540 6.67350925 5.74748687
v 3.99973540 5.66470925 5.74748687
v 3.95793540 5.60770925 5.92468687
v 3.94153540 5.58540925 6.06248687
v 3.94703540 5.59270925 6.16088687
v 3.97063540 5.62500925 6.21998687
v 4.00903540 5.67730925 6.23968687
v 4.05853540 5.74480925 6.21998687
v 4.11563540 5.82260925 6.16088687
v 4.17673540 5.90580925 6.06248687
v 4.23833540 5.98970925 5.92468687
v 4.29673540 6.06930925 5.74748687
v 4.81233540 4.96970925 5.74748687
v 4.76233540 4.91970925 5.92468687
v 4.74273540 4.90010925 6.06248687
v 4.74923540 4.90660925 6.16088687
v 4.77753540 4.93490925 6.21998687
v 4.82343540 4.98080925 6.23968687
v 4.88263540 5.04000925 6.21998687
v 4.95083540 5.10820925 6.16088687
v 5.02393540 5.18130925 6.06248687
v 5.09753540 5.25490925 5.92468687
v 5.16733540 5.32470925 5.74748687
v 5.50733540 4.15710925 5.74748687
v 5.45033540 4.11530925 5.92468687
v 5.42803540 4.09890925 6.06248687
v 5.43533540 4.10440925 6.16088687
v 5.46763540 4.12800925 6.21998687
v 5.51993540 4.16640925 6.23968687
v 5.58743540 4.21590925 6.21998687
v 5.66523540 4.27300925 6.16088687
v 5.74843540 4.33410925 6.06248687
v 5.83233540 4.39570925 5.92468687
v 5.91193540 4.45410925 5.74748687
v 6.07123540 3.24040925 5.74748687
v 6.00863540 3.20780925 5.92468687
v 5.98403540 3.19500925 6.06248687
v 5.99213540 3.19930925 6.16088687
v 6.02763540 3.21770925 6.21998687
v 6.08513540 3.24770925 6.23968687
v 6.15933540 3.28630925 6.21998687
v 6.24483540 3.33080925 6.16088687
v 6.33643540 3.37840925 6.06248687
v 6.42863540 3.42640925 5.92468687
v 6.51613540 3.47190925 5.74748687
v 6.49063540 2.23300925 5.74748687
v 6.42383540 2.21050925 5.92468687
v 6.39753540 2.20170925 6.06248687
v 6.40623540 2.20460925 6.16088687
v 6.44413540 2.21730925 6.21998687
v 6.50553540 2.23800925 6.23968687
v 6.58463540 2.26460925 6.21998687
v 6.67593540 2.29520925 6.16088687
v 6.77363540 2.32810925 6.06248687
v 6.87213540 2.36110925 5.92468687
v 6.96553540 2.39250925 5.74748687
v 6.75213540 1.14830925 5.74748687
v 6.68273540 1.13670925 5.92468687
v 6.65543540 1.13220925 6.06248687
v 6.66443540 1.13370925 6.16088687
v 6.70383540 1.14020925 6.21998687
v 6.76763540 1.15080925 6.23968687
v 6.84993540 1.16450925 6.21998687
v 6.94483540 1.18030925 6.16088687
v 7.04633540 1.19720925 6.06248687
v 7.14863540 1.21420925 5.92468687
v 7.24573540 1.23030925 5.74748687
v 7.61463540 -1.29219075 4.96038687
v 7.71603540 -2.9075452e-4 4.96038687
v 7.97623540 -1.35229075 4.17548687
v 8.08233540 -2.9075452e-4 4.17548687
v 8.32293540 -1.40999075 3.39508687
v 8.43363540 -2.9075452e-4 3.39508687
v 8.64743540 -1.46389075 2.62148687
v 8.76233540 -2.9075452e-4 2.62148687
v 8.94233540 -1.51289075 1.85688687
v 9.06113540 -2.9075452e-4 1.85688687
v 9.20023540 -1.55579075 1.10348687
v 9.32233540 -2.9075452e-4 1.10348687
v 9.41373540 -1.59129075 0.36358687
v 9.53853540 -2.9075452e-4 0.36358687
v 9.57533540 -1.61809075 -0.36051313
v 9.70233540 -2.9075452e-4 -0.36051313
v 9.67773540 -1.63519075 -1.06661313
v 9.80603540 -2.9075452e-4 -1.06661313
v 9.71353540 -1.64109075 -1.75251313
v 9.84233540 -2.9075452e-4 -1.75251313
v 7.32053540 -2.51229075 4.96038687
v 7.66833540 -2.62919075 4.17548687
v 8.00193540 -2.74129075 3.39508687
v 8.31423540 -2.84609075 2.62148687
v 8.59793540 -2.94149075 1.85688687
v 8.84603540 -3.02479075 1.10348687
v 9.05143540 -3.09379075 0.36358687
v 9.20693540 -3.14599075 -0.36051313
v 9.30553540 -3.17909075 -1.06661313
v 9.33993540 -3.19069075 -1.75251313
v 6.84873540 -3.64549075 4.96038687
v 7.17463540 -3.81509075 4.17548687
v 7.48713540 -3.97769075 3.39508687
v 7.77973540 -4.12989075 2.62148687
v 8.04553540 -4.26819075 1.85688687
v 8.27803540 -4.38919075 1.10348687
v 8.47043540 -4.48929075 0.36358687
v 8.61613540 -4.56509075 -0.36051313
v 8.70843540 -4.61309075 -1.06661313
v 8.74073540 -4.62989075 -1.75251313
v 6.21443540 -4.67669075 4.96038687
v 6.51083540 -4.89419075 4.17548687
v 6.79503540 -5.10279075 3.39508687
v 7.06113540 -5.29809075 2.62148687
v 7.30293540 -5.47549075 1.85688687
v 7.51433540 -5.63069075 1.10348687
v 7.68933540 -5.75909075 0.36358687
v 7.82183540 -5.85639075 -0.36051313
v 7.90583540 -5.91799075 -1.06661313
v 7.93513540 -5.93949075 -1.75251313
v 5.43273540 -5.59069075 4.96038687
v 5.69273540 -5.85069075 4.17548687
v 5.94213540 -6.10009075 3.39508687
v 6.17553540 -6.33349075 2.62148687
v 6.38763540 -6.54559075 1.85688687
v 6.57313540 -6.73109075 1.10348687
v 6.72663540 -6.88459075 0.36358687
v 6.84293540 -7.00089075 -0.36051313
v 6.91663540 -7.07459075 -1.06661313
v 6.94233540 -7.10029075 -1.75251313
v 4.51873540 -6.37239075 4.96038687
v 4.73623540 -6.66879075 4.17548687
v 4.94483540 -6.95299075 3.39508687
v 5.14013540 -7.21909075 2.62148687
v 5.31753540 -7.46089075 1.85688687
v 5.47273540 -7.67229075 1.10348687
v 5.60113540 -7.84729075 0.36358687
v 5.69843540 -7.97979075 -0.36051313
v 5.76003540 -8.06379075 -1.06661313
v 5.78153540 -8.09309075 -1.75251313
v 3.48753540 -7.00669075 4.96038687
v 3.65713540 -7.33259075 4.17548687
v 3.81973540 -7.64509075 3.39508687
v 3.97193540 -7.93769075 2.62148687
v 4.11023540 -8.20349075 1.85688687
v 4.23123540 -8.43599075 1.10348687
v 4.33133540 -8.62839075 0.36358687
v 4.40713540 -8.77409075 -0.36051313
v 4.45513540 -8.86639075 -1.06661313
v 4.47193540 -8.89869075 -1.75251313
v 2.35433540 -7.47849075 4.96038687
v 2.47123540 -7.82629075 4.17548687
v 2.58333540 -8.15989075 3.39508687
v 2.68813540 -8.47219075 2.62148687
v 2.78343540 -8.75589075 1.85688687
v 2.86683540 -9.00399075 1.10348687
v 2.93583540 -9.20939075 0.36358687
v 2.98803540 -9.36489075 -0.36051313
v 3.02113540 -9.46349075 -1.06661313
v 3.03273540 -9.49789075 -1.75251313
v 1.13423540 -7.77259075 4.96038687
v 1.19433540 -8.13419075 4.17548687
v 1.25203540 -8.48089075 3.39508687
v 1.30593540 -8.80539075 2.62148687
v 1.35493540 -9.10029075 1.85688687
v 1.39783540 -9.35819075 1.10348687
v 1.43333540 -9.57169075 0.36358687
v 1.46013540 -9.73329075 -0.36051313
v 1.47723540 -9.83569075 -1.06661313
v 1.48313540 -9.87149075 -1.75251313
v -0.15766460 -7.87399075 4.96038687
v -0.15766460 -8.24029075 4.17548687
v -0.15766460 -8.59159075 3.39508687
v -0.15766460 -8.92029075 2.62148687
v -0.15766460 -9.21909075 1.85688687
v -0.15766460 -9.48029075 1.10348687
v -0.15766460 -9.69649075 0.36358687
v -0.15766460 -9.86029075 -0.36051313
v -0.15766460 -9.96399075 -1.06661313
v -0.15766460 -10.00029075 -1.75251313
v -1.44956460 -7.77259075 4.96038687
v -1.50966460 -8.13419075 4.17548687
v -1.56736460 -8.48089075 3.39508687
v -1.62126460 -8.80539075 2.62148687
v -1.67026460 -9.10029075 1.85688687
v -1.71316460 -9.35819075 1.10348687
v -1.74866460 -9.57169075 0.36358687
v -1.77546460 -9.73329075 -0.36051313
v -1.79256460 -9.83569075 -1.06661313
v -1.79846460 -9.87149075 -1.75251313
v -2.66966460 -7.47849075 4.96038687
v -2.78656460 -7.82629075 4.17548687
v -2.89866460 -8.15989075 3.39508687
v -3.00346460 -8.47219075 2.62148687
v -3.09886460 -8.75589075 1.85688687
v -3.18216460 -9.00399075 1.10348687
v -3.25116460 -9.20939075 0.36358687
v -3.30336460 -9.36489075 -0.36051313
v -3.33646460 -9.46349075 -1.06661313
v -3.34806460 -9.49789075 -1.75251313
v -3.80286460 -7.00669075 4.96038687
v -3.97246460 -7.33259075 4.17548687
v -4.13506460 -7.64509075 3.39508687
v -4.28726460 -7.93769075 2.62148687
v -4.42556460 -8.20349075 1.85688687
v -4.54656460 -8.43599075 1.10348687
v -4.64666460 -8.62839075 0.36358687
v -4.72246460 -8.77409075 -0.36051313
v -4.77046460 -8.86639075 -1.06661313
v -4.78726460 -8.89869075 -1.75251313
v -4.83406460 -6.37239075 4.96038687
v -5.05156460 -6.66879075 4.17548687
v -5.26016460 -6.95299075 3.39508687
v -5.45546460 -7.21909075 2.62148687
v -5.63286460 -7.46089075 1.85688687
v -5.78806460 -7.67229075 1.10348687
v -5.91646460 -7.84729075 0.36358687
v -6.01376460 -7.97979075 -0.36051313
v -6.07536460 -8.06379075 -1.06661313
v -6.09686460 -8.09309075 -1.75251313
v -5.74806460 -5.59069075 4.96038687
v -6.00806460 -5.85069075 4.17548687
v -6.25746460 -6.10009075 3.39508687
v -6.49086460 -6.33349075 2.62148687
v -6.70296460 -6.54559075 1.85688687
v -6.88846460 -6.73109075 1.10348687
v -7.04196460 -6.88459075 0.36358687
v -7.15826460 -7.00089075 -0.36051313
v -7.23196460 -7.07459075 -1.06661313
v -7.25766460 -7.10029075 -1.75251313
v -6.52976460 -4.67669075 4.96038687
v -6.82616460 -4.89419075 4.17548687
v -7.11036460 -5.10279075 3.39508687
v -7.37646460 -5.29809075 2.62148687
v -7.61826460 -5.47549075 1.85688687
v -7.82966460 -5.63069075 1.10348687
v -8.00466460 -5.75909075 0.36358687
v -8.13716460 -5.85639075 -0.36051313
v -8.22116460 -5.91799075 -1.06661313
v -8.25046460 -5.93949075 -1.75251313
v -7.16406460 -3.64549075 4.96038687
v -7.48996460 -3.81509075 4.17548687
v -7.80246460 -3.97769075 3.39508687
v -8.09506460 -4.12989075 2.62148687
v -8.36086460 -4.26819075 1.85688687
v -8.59336460 -4.38919075 1.10348687
v -8.78576460 -4.48929075 0.36358687
v -8.93146460 -4.56509075 -0.36051313
v -9.02376460 -4.61309075 -1.06661313
v -9.05606460 -4.62989075 -1.75251313
v -7.63586460 -2.51229075 4.96038687
v -7.98366460 -2.62919075 4.17548687
v -8.31726460 -2.74129075 3.39508687
v -8.62956460 -2.84609075 2.62148687
v -8.91326460 -2.94139075 1.85688687
v -9.16136460 -3.02479075 1.10348687
v -9.36676460 -3.09379075 0.36358687
v -9.52226460 -3.14599075 -0.36051313
v -9.62086460 -3.17909075 -1.06661313
v -9.65526460 -3.19069075 -1.75251313
v -7.92996460 -1.29219075 4.96038687
v -8.29156460 -1.35229075 4.17548687
v -8.63826460 -1.40999075 3.39508687
v -8.96276460 -1.46389075 2.62148687
v -9.25766460 -1.51289075 1.85688687
v -9.51556460 -1.55579075 1.10348687
v -9.72906460 -1.59129075 0.36358687
v -9.89066460 -1.61809075 -0.36051313
v -9.99306460 -1.63519075 -1.06661313
v -10.02886460 -1.64109075 -1.75251313
v -8.03136460 -2.9075452e-4 4.96038687
v -8.39766460 -2.9075452e-4 4.17548687
v -8.74896460 -2.9075452e-4 3.39508687
v -9.07766460 -2.9075452e-4 2.62148687
v -9.37646460 -2.9075452e-4 1.85688687
v -9.63766460 -2.9075452e-4 1.10348687
v -9.85386460 -2.9075452e-4 0.36358687
v -10.01766460 -2.9075452e-4 -0.36051313
v -10.12136460 -2.9075452e-4 -1.06661313
v -10.15766460 -2.9075452e-4 -1.75251313
v -7.92996460 1.29160925 4.96038687
v -8.29156460 1.35170925 4.17548687
v -8.63826460 1.40940925 3.39508687
v -8.96276460 1.46330925 2.62148687
v -9.25766460 1.51230925 1.85688687
v -9.51556460 1.55520925 1.10348687
v -9.72906460 1.59070925 0.36358687
v -9.89066460 1.61750925 -0.36051313
v -9.99306460 1.63460925 -1.06661313
v -10.02886460 1.64050925 -1.75251313
v -7.63586460 2.51170925 4.96038687
v -7.98366460 2.62860925 4.17548687
v -8.31726460 2.74070925 3.39508687
v -8.62956460 2.84550925 2.62148687
v -8.91326460 2.94090925 1.85688687
v -9.16136460 3.02420925 1.10348687
v -9.36676460 3.09320925 0.36358687
v -9.52226460 3.14540925 -0.36051313
v -9.62086460 3.17850925 -1.06661313
v -9.65526460 3.19010925 -1.75251313
v -7.16406460 3.64490925 4.96038687
v -7.48996460 3.81450925 4.17548687
v -7.80246460 3.97710925 3.39508687
v -8.09506460 4.12930925 2.62148687
v -8.36086460 4.26760925 1.85688687
v -8.59336460 4.38860925 1.10348687
v -8.78576460 4.48870925 0.36358687
v -8.93146460 4.56450925 -0.36051313
v -9.02376460 4.61250925 -1.06661313
v -9.05606460 4.62930925 -1.75251313
v -6.52976460 4.67610925 4.96038687
v -6.82616460 4.89360925 4.17548687
v -7.11036460 5.10220925 3.39508687
v -7.37646460 5.29750925 2.62148687
v -7.61826460 5.47490925 1.85688687
v -7.82966460 5.63010925 1.10348687
v -8.00466460 5.75850925 0.36358687
v -8.13716460 5.85580925 -0.36051313
v -8.22116460 5.91740925 -1.06661313
v -8.25046460 5.93890925 -1.75251313
v -5.74806460 5.59010925 4.96038687
v -6.00806460 5.85010925 4.17548687
v -6.25746460 6.09950925 3.39508687
v -6.49086460 6.33290925 2.62148687
v -6.70296460 6.54500925 1.85688687
v -6.88846460 6.73050925 1.10348687
v -7.04196460 6.88400925 0.36358687
v -7.15826460 7.00030925 -0.36051313
v -7.23196460 7.07400925 -1.06661313
v -7.25766460 7.09970925 -1.75251313
v -4.83406460 6.37180925 4.96038687
v -5.05156460 6.66820925 4.17548687
v -5.26016460 6.95240925 3.39508687
v -5.45546460 7.21850925 2.62148687
v -5.63286460 7.46030925 1.85688687
v -5.78806460 7.67170925 1.10348687
v -5.91646460 7.84670925 0.36358687
v -6.01376460 7.97920925 -0.36051313
v -6.07536460 8.06320925 -1.06661313
v -6.09686460 8.09250925 -1.75251313
v -3.80286460 7.00610925 4.96038687
v -3.97246460 7.33200925 4.17548687
v -4.13506460 7.64450925 3.39508687
v -4.28726460 7.93710925 2.62148687
v -4.42556460 8.20290925 1.85688687
v -4.54656460 8.43540925 1.10348687
v -4.64666460 8.62780925 0.36358687
v -4.72246460 8.77350925 -0.36051313
v -4.77046460 8.86580925 -1.06661313
v -4.78726460 8.89810925 -1.75251313
v -2.66966460 7.47790925 4.96038687
v -2.78656460 7.82570925 4.17548687
v -2.89866460 8.15930925 3.39508687
v -3.00346460 8.47160925 2.62148687
v -3.09876460 8.75530925 1.85688687
v -3.18216460 9.00340925 1.10348687
v -3.25116460 9.20880925 0.36358687
v -3.30336460 9.36430925 -0.36051313
v -3.33646460 9.46290925 -1.06661313
v -3.34806460 9.49730925 -1.75251313
v -1.44956460 7.77200925 4.96038687
v -1.50966460 8.13360925 4.17548687
v -1.56736460 8.48030925 3.39508687
v -1.62126460 8.80480925 2.62148687
v -1.67026460 9.09970925 1.85688687
v -1.71316460 9.35760925 1.10348687
v -1.74866460 9.57110925 0.36358687
v -1.77546460 9.73270925 -0.36051313
v -1.79256460 9.83510925 -1.06661313
v -1.79846460 9.87090925 -1.75251313
v -0.15766460 7.87340925 4.96038687
v -0.15766460 8.23970925 4.17548687
v -0.15766460 8.59100925 3.39508687
v -0.15766460 8.91970925 2.62148687
v -0.15766460 9.21850925 1.85688687
v -0.15766460 9.47970925 1.10348687
v -0.15766460 9.69590925 0.36358687
v -0.15766460 9.85970925 -0.36051313
v -0.15766460 9.96340925 -1.06661313
v -0.15766460 9.99970925 -1.75251313
v 1.13423540 7.77200925 4.96038687
v 1.19433540 8.13360925 4.17548687
v 1.25203540 8.48030925 3.39508687
v 1.30593540 8.80480925 2.62148687
v 1.35493540 9.09970925 1.85688687
v 1.39783540 9.35760925 1.10348687
v 1.43333540 9.57110925 0.36358687
v 1.46013540 9.73270925 -0.36051313
v 1.47723540 9.83510925 -1.06661313
v 1.48313540 9.87090925 -1.75251313
v 2.35433540 7.47790925 4.96038687
v 2.47123540 7.82570925 4.17548687
v 2.58333540 8.15930925 3.39508687
v 2.68813540 8.47160925 2.62148687
v 2.78353540 8.75530925 1.85688687
v 2.86683540 9.00340925 1.10348687
v 2.93583540 9.20880925 0.36358687
v 2.98803540 9.36430925 -0.36051313
v 3.02113540 9.46290925 -1.06661313
v 3.03273540 9.49730925 -1.75251313
v 3.48753540 7.00610925 4.96038687
v 3.65713540 7.33200925 4.17548687
v 3.81973540 7.64450925 3.39508687
v 3.97193540 7.93710925 2.62148687
v 4.11023540 8.20290925 1.85688687
v 4.23123540 8.43540925 1.10348687
v 4.33133540 8.62780925 0.36358687
v 4.40713540 8.77350925 -0.36051313
v 4.45513540 8.86580925 -1.06661313
v 4.47193540 8.89810925 -1.75251313
v 4.51873540 6.37180925 4.96038687
v 4.73623540 6.66820925 4.17548687
v 4.94483540 6.95240925 3.39508687
v 5.14013540 7.21850925 2.62148687
v 5.31753540 7.46030925 1.85688687
v 5.47273540 7.67170925 1.10348687
v 5.60113540 7.84670925 0.36358687
v 5.69843540 7.97920925 -0.36051313
v 5.76003540 8.06320925 -1.06661313
v 5.78153540 8.09250925 -1.75251313
v 5.43273540 5.59010925 4.96038687
v 5.69273540 5.85010925 4.17548687
v 5.94213540 6.09950925 3.39508687
v 6.17553540 6.33290925 2.62148687
v 6.38763540 6.54500925 1.85688687
v 6.57313540 6.73050925 1.10348687
v 6.72663540 6.88400925 0.36358687
v 6.84293540 7.00030925 -0.36051313
v 6.91663540 7.07400925 -1.06661313
v 6.94233540 7.09970925 -1.75251313
v 6.21443540 4.67610925 4.96038687
v 6.51083540 4.89360925 4.17548687
v 6.79503540 5.10220925 3.39508687
v 7.06113540 5.29750925 2.62148687
v 7.30293540 5.47490925 1.85688687
v 7.51433540 5.63010925 1.10348687
v 7.68933540 5.75850925 0.36358687
v 7.82183540 5.85580925 -0.36051313
v 7.90583540 5.91740925 -1.06661313
v 7.93513540 5.93890925 -1.75251313
v 6.84873540 3.64490925 4.96038687
v 7.17463540 3.81450925 4.17548687
v 7.48713540 3.97710925 3.39508687
v 7.77973540 4.12930925 2.62148687
v 8.04553540 4.26760925 1.85688687
v 8.27803540 4.38860925 1.10348687
v 8.47043540 4.48870925 0.36358687
v 8.61613540 4.56450925 -0.36051313
v 8.70843540 4.61250925 -1.06661313
v 8.74073540 4.62930925 -1.75251313
v 7.32053540 2.51170925 4.96038687
v 7.66833540 2.62860925 4.17548687
v 8.00193540 2.74070925 3.39508687
v 8.31423540 2.84550925 2.62148687
v 8.59793540 2.94080925 1.85688687
v 8.84603540 3.02420925 1.10348687
v 9.05143540 3.09320925 0.36358687
v 9.20693540 3.14540925 -0.36051313
v 9.30553540 3.17850925 -1.06661313
v 9.33993540 3.19010925 -1.75251313
v 7.61463540 1.29160925 4.96038687
v 7.97623540 1.35170925 4.17548687
v 8.32293540 1.40940925 3.39508687
v 8.64743540 1.46330925 2.62148687
v 8.94233540 1.51230925 1.85688687
v 9.20023540 1.55520925 1.10348687
v 9.41373540 1.59070925 0.36358687
v 9.57533540 1.61750925 -0.36051313
v 9.67773540 1.63460925 -1.06661313
v 9.71353540 1.64050925 -1.75251313
v 9.64443540 -1.62959075 -2.39411313
v 9.77233540 -2.9075452e-4 -2.39411313
v 9.45683540 -1.59839075 -2.97051313
v 9.58233540 -2.9075452e-4 -2.97051313
v 9.18053540 -1.55249075 -3.48391313
v 9.30233540 -2.9075452e-4 -3.48391313
v 8.84483540 -1.49669075 -3.93651313
v 8.96233540 -2.9075452e-4 -3.93651313
v 8.47963540 -1.43599075 -4.33061313
v 8.59233540 -2.9075452e-4 -4.33061313
v 8.11443540 -1.37529075 -4.66851313
v 8.22233540 -2.9075452e-4 -4.66851313
v 7.77873540 -1.31949075 -4.95241313
v 7.88233540 -2.9075452e-4 -4.95241313
v 7.50243540 -1.27359075 -5.18451313
v 7.60233540 -2.9075452e-4 -5.18451313
v 7.31483540 -1.24239075 -5.36711313
v 7.41233540 -2.9075452e-4 -5.36711313
v 7.24573540 -1.23089075 -5.50251313
v 7.34233540 -2.9075452e-4 -5.50251313
v 9.27343540 -3.16839075 -2.39411313
v 9.09303540 -3.10769075 -2.97051313
v 8.82703540 -3.01839075 -3.48391313
v 8.50413540 -2.90989075 -3.93651313
v 8.15273540 -2.79189075 -4.33061313
v 7.80133540 -2.67389075 -4.66851313
v 7.47843540 -2.56539075 -4.95241313
v 7.21243540 -2.47609075 -5.18451313
v 7.03203540 -2.41539075 -5.36711313
v 6.96553540 -2.39309075 -5.50251313
v 8.67843540 -4.59749075 -2.39411313
v 8.50933540 -4.50949075 -2.97051313
v 8.26023540 -4.37989075 -3.48391313
v 7.95763540 -4.22249075 -3.93651313
v 7.62843540 -4.05119075 -4.33061313
v 7.29923540 -3.87989075 -4.66851313
v 6.99663540 -3.72249075 -4.95241313
v 6.74753540 -3.59289075 -5.18451313
v 6.57843540 -3.50489075 -5.36711313
v 6.51613540 -3.47249075 -5.50251313
v 7.87853540 -5.89789075 -2.39411313
v 7.72473540 -5.78509075 -2.97051313
v 7.49813540 -5.61879075 -3.48391313
v 7.22293540 -5.41689075 -3.93651313
v 6.92353540 -5.19709075 -4.33061313
v 6.62413540 -4.97739075 -4.66851313
v 6.34893540 -4.77539075 -4.95241313
v 6.12233540 -4.60909075 -5.18451313
v 5.96863540 -4.49629075 -5.36711313
v 5.91193540 -4.45469075 -5.50251313
v 6.89263540 -7.05059075 -2.39411313
v 6.75773540 -6.91569075 -2.97051313
v 6.55893540 -6.71689075 -3.48391313
v 6.31753540 -6.47549075 -3.93651313
v 6.05483540 -6.21279075 -4.33061313
v 5.79213540 -5.95009075 -4.66851313
v 5.55073540 -5.70869075 -4.95241313
v 5.35193540 -5.50989075 -5.18451313
v 5.21703540 -5.37499075 -5.36711313
v 5.16733540 -5.32529075 -5.50251313
v 5.73993540 -8.03639075 -2.39411313
v 5.62713540 -7.88269075 -2.97051313
v 5.46083540 -7.65609075 -3.48391313
v 5.25893540 -7.38089075 -3.93651313
v 5.03913540 -7.08149075 -4.33061313
v 4.81933540 -6.78209075 -4.66851313
v 4.61743540 -6.50689075 -4.95241313
v 4.45113540 -6.28029075 -5.18451313
v 4.33833540 -6.12649075 -5.36711313
v 4.29673540 -6.06989075 -5.50251313
v 4.43953540 -8.83639075 -2.39411313
v 4.35153540 -8.66729075 -2.97051313
v 4.22193540 -8.41819075 -3.48391313
v 4.06453540 -8.11559075 -3.93651313
v 3.89323540 -7.78639075 -4.33061313
v 3.72193540 -7.45719075 -4.66851313
v 3.56453540 -7.15459075 -4.95241313
v 3.43493540 -6.90549075 -5.18451313
v 3.34693540 -6.73639075 -5.36711313
v 3.31453540 -6.67409075 -5.50251313
v 3.01043540 -9.43139075 -2.39411313
v 2.94973540 -9.25099075 -2.97051313
v 2.86043540 -8.98499075 -3.48391313
v 2.75193540 -8.66209075 -3.93651313
v 2.63393540 -8.31069075 -4.33061313
v 2.51593540 -7.95929075 -4.66851313
v 2.40743540 -7.63639075 -4.95241313
v 2.31803540 -7.37039075 -5.18451313
v 2.25743540 -7.18999075 -5.36711313
v 2.23513540 -7.12349075 -5.50251313
v 1.47163540 -9.80239075 -2.39411313
v 1.44043540 -9.61479075 -2.97051313
v 1.39453540 -9.33849075 -3.48391313
v 1.33873540 -9.00279075 -3.93651313
v 1.27803540 -8.63759075 -4.33061313
v 1.21733540 -8.27239075 -4.66851313
v 1.16153540 -7.93669075 -4.95241313
v 1.11563540 -7.66039075 -5.18451313
v 1.08443540 -7.47279075 -5.36711313
v 1.07293540 -7.40369075 -5.50251313
v -0.15766460 -9.93029075 -2.39411313
v -0.15766460 -9.74029075 -2.97051313
v -0.15766460 -9.46029075 -3.48391313
v -0.15766460 -9.12029075 -3.93651313
v -0.15766460 -8.75029075 -4.33061313
v -0.15766460 -8.38029075 -4.66851313
v -0.15766460 -8.04029075 -4.95241313
v -0.15766460 -7.76029075 -5.18451313
v -0.15766460 -7.57029075 -5.36711313
v -0.15766460 -7.50029075 -5.50251313
v -1.78696460 -9.80239075 -2.39411313
v -1.75576460 -9.61479075 -2.97051313
v -1.70986460 -9.33849075 -3.48391313
v -1.65406460 -9.00279075 -3.93651313
v -1.59336460 -8.63759075 -4.33061313
v -1.53266460 -8.27239075 -4.66851313
v -1.47686460 -7.93669075 -4.95241313
v -1.43096460 -7.66039075 -5.18451313
v -1.39976460 -7.47279075 -5.36711313
v -1.38826460 -7.40369075 -5.50251313
v -3.32576460 -9.43139075 -2.39411313
v -3.26506460 -9.25099075 -2.97051313
v -3.17576460 -8.98499075 -3.48391313
v -3.06726460 -8.66209075 -3.93651313
v -2.94926460 -8.31069075 -4.33061313
v -2.83126460 -7.95929075 -4.66851313
v -2.72276460 -7.63639075 -4.95241313
v -2.63346460 -7.37039075 -5.18451313
v -2.57276460 -7.18999075 -5.36711313
v -2.55046460 -7.12349075 -5.50251313
v -4.75486460 -8.83639075 -2.39411313
v -4.66686460 -8.66729075 -2.97051313
v -4.53726460 -8.41819075 -3.48391313
v -4.37986460 -8.11559075 -3.93651313
v -4.20856460 -7.78639075 -4.33061313
v -4.03726460 -7.45719075 -4.66851313
v -3.87986460 -7.15459075 -4.95241313
v -3.75026460 -6.90549075 -5.18451313
v -3.66226460 -6.73639075 -5.36711313
v -3.62986460 -6.67409075 -5.50251313
v -6.05526460 -8.03649075 -2.39411313
v -5.94246460 -7.88269075 -2.97051313
v -5.77616460 -7.65609075 -3.48391313
v -5.57426460 -7.38089075 -3.93651313
v -5.35446460 -7.08149075 -4.33061313
v -5.13476460 -6.78209075 -4.66851313
v -4.93276460 -6.50689075 -4.95241313
v -4.76646460 -6.28029075 -5.18451313
v -4.65366460 -6.12659075 -5.36711313
v -4.61206460 -6.06989075 -5.50251313
v -7.20796460 -7.05059075 -2.39411313
v -7.07306460 -6.91569075 -2.97051313
v -6.87426460 -6.71689075 -3.48391313
v -6.63286460 -6.47549075 -3.93651313
v -6.37016460 -6.21279075 -4.33061313
v -6.10746460 -5.95009075 -4.66851313
v -5.86606460 -5.70869075 -4.95241313
v -5.66726460 -5.50989075 -5.18451313
v -5.53236460 -5.37499075 -5.36711313
v -5.48266460 -5.32529075 -5.50251313
v -8.19376460 -5.89789075 -2.39411313
v -8.04006460 -5.78509075 -2.97051313
v -7.81346460 -5.61879075 -3.48391313
v -7.53826460 -5.41689075 -3.93651313
v -7.23886460 -5.19709075 -4.33061313
v -6.93946460 -4.97729075 -4.66851313
v -6.66426460 -4.77539075 -4.95241313
v -6.43766460 -4.60909075 -5.18451313
v -6.28386460 -4.49629075 -5.36711313
v -6.22726460 -4.45469075 -5.50251313
v -8.99376460 -4.59749075 -2.39411313
v -8.82466460 -4.50949075 -2.97051313
v -8.57556460 -4.37989075 -3.48391313
v -8.27296460 -4.22249075 -3.93651313
v -7.94376460 -4.05119075 -4.33061313
v -7.61456460 -3.87989075 -4.66851313
v -7.31196460 -3.72249075 -4.95241313
v -7.06286460 -3.59289075 -5.18451313
v -6.89376460 -3.50489075 -5.36711313
v -6.83146460 -3.47249075 -5.50251313
v -9.58876460 -3.16839075 -2.39411313
v -9.40836460 -3.10769075 -2.97051313
v -9.14236460 -3.01839075 -3.48391313
v -8.81946460 -2.90989075 -3.93651313
v -8.46806460 -2.79189075 -4.33061313
v -8.11666460 -2.67389075 -4.66851313
v -7.79376460 -2.56539075 -4.95241313
v -7.52776460 -2.47599075 -5.18451313
v -7.34736460 -2.41539075 -5.36711313
v -7.28086460 -2.39309075 -5.50251313
v -9.95976460 -1.62959075 -2.39411313
v -9.77216460 -1.59839075 -2.97051313
v -9.49586460 -1.55249075 -3.48391313
v -9.16016460 -1.49669075 -3.93651313
v -8.79496460 -1.43599075 -4.33061313
v -8.42976460 -1.37529075 -4.66851313
v -8.09406460 -1.31949075 -4.95241313
v -7.81776460 -1.27359075 -5.18451313
v -7.63016460 -1.24239075 -5.36711313
v -7.56106460 -1.23089075 -5.50251313
v -10.08766460 -2.9075452e-4 -2.39411313
v -9.89766460 -2.9075452e-4 -2.97051313
v -9.61766460 -2.9075452e-4 -3.48391313
v -9.27766460 -2.9075452e-4 -3.93651313
v -8.90766460 -2.9075452e-4 -4.33061313
v -8.53766460 -2.9075452e-4 -4.66851313
v -8.19766460 -2.9075452e-4 -4.95241313
v -7.91766460 -2.9075452e-4 -5.18451313
v -7.72766460 -2.9075452e-4 -5.36711313
v -7.65766460 -2.9075452e-4 -5.50251313
v -9.95976460 1.62900925 -2.39411313
v -9.77216460 1.59780925 -2.97051313
v -9.49586460 1.55190925 -3.48391313
v -9.16016460 1.49610925 -3.93651313
v -8.79496460 1.43540925 -4.33061313
v -8.42976460 1.37470925 -4.66851313
v -8.09406460 1.31890925 -4.95241313
v -7.81776460 1.27300925 -5.18451313
v -7.63016460 1.24180925 -5.36711313
v -7.56106460 1.23030925 -5.50251313
v -9.58876460 3.16780925 -2.39411313
v -9.40836460 3.10710925 -2.97051313
v -9.14236460 3.01780925 -3.48391313
v -8.81946460 2.90930925 -3.93651313
v -8.46806460 2.79130925 -4.33061313
v -8.11666460 2.67330925 -4.66851313
v -7.79376460 2.56480925 -4.95241313
v -7.52776460 2.47550925 -5.18451313
v -7.34736460 2.41480925 -5.36711313
v -7.28086460 2.39250925 -5.50251313
v -8.99376460 4.59690925 -2.39411313
v -8.82466460 4.50890925 -2.97051313
v -8.57556460 4.37930925 -3.48391313
v -8.27296460 4.22190925 -3.93651313
v -7.94376460 4.05060925 -4.33061313
v -7.61456460 3.87930925 -4.66851313
v -7.31196460 3.72190925 -4.95241313
v -7.06286460 3.59230925 -5.18451313
v -6.89376460 3.50430925 -5.36711313
v -6.83146460 3.47190925 -5.50251313
v -8.19386460 5.89730925 -2.39411313
v -8.04006460 5.78450925 -2.97051313
v -7.81346460 5.61820925 -3.48391313
v -7.53826460 5.41630925 -3.93651313
v -7.23886460 5.19650925 -4.33061313
v -6.93946460 4.97680925 -4.66851313
v -6.66426460 4.77480925 -4.95241313
v -6.43766460 4.60850925 -5.18451313
v -6.28396460 4.49570925 -5.36711313
v -6.22726460 4.45410925 -5.50251313
v -7.20796460 7.05000925 -2.39411313
v -7.07306460 6.91510925 -2.97051313
v -6.87426460 6.71630925 -3.48391313
v -6.63286460 6.47490925 -3.93651313
v -6.37016460 6.21220925 -4.33061313
v -6.10746460 5.94950925 -4.66851313
v -5.86606460 5.70810925 -4.95241313
v -5.66726460 5.50930925 -5.18451313
v -5.53236460 5.37440925 -5.36711313
v -5.48266460 5.32470925 -5.50251313
v -6.05526460 8.03580925 -2.39411313
v -5.94246460 7.88210925 -2.97051313
v -5.77616460 7.65550925 -3.48391313
v -5.57426460 7.38030925 -3.93651313
v -5.35446460 7.08090925 -4.33061313
v -5.13466460 6.78150925 -4.66851313
v -4.93276460 6.50630925 -4.95241313
v -4.76646460 6.27970925 -5.18451313
v -4.65366460 6.12590925 -5.36711313
v -4.61206460 6.06930925 -5.50251313
v -4.75486460 8.83580925 -2.39411313
v -4.66686460 8.66670925 -2.97051313
v -4.53726460 8.41760925 -3.48391313
v -4.37986460 8.11500925 -3.93651313
v -4.20856460 7.78580925 -4.33061313
v -4.03726460 7.45660925 -4.66851313
v -3.87986460 7.15400925 -4.95241313
v -3.75026460 6.90490925 -5.18451313
v -3.66226460 6.73580925 -5.36711313
v -3.62986460 6.67350925 -5.50251313
v -3.32576460 9.43080925 -2.39411313
v -3.26506460 9.25040925 -2.97051313
v -3.17576460 8.98440925 -3.48391313
v -3.06726460 8.66150925 -3.93651313
v -2.94926460 8.31010925 -4.33061313
v -2.83126460 7.95870925 -4.66851313
v -2.72276460 7.63580925 -4.95241313
v -2.63336460 7.36980925 -5.18451313
v -2.57276460 7.18940925 -5.36711313
v -2.55046460 7.12290925 -5.50251313
v -1.78696460 9.80180925 -2.39411313
v -1.75576460 9.61420925 -2.97051313
v -1.70986460 9.33790925 -3.48391313
v -1.65406460 9.00220925 -3.93651313
v -1.59336460 8.63700925 -4.33061313
v -1.53266460 8.27180925 -4.66851313
v -1.47686460 7.93610925 -4.95241313
v -1.43096460 7.65980925 -5.18451313
v -1.39976460 7.47220925 -5.36711313
v -1.38826460 7.40310925 -5.50251313
v -0.15766460 9.92970925 -2.39411313
v -0.15766460 9.73970925 -2.97051313
v -0.15766460 9.45970925 -3.48391313
v -0.15766460 9.11970925 -3.93651313
v -0.15766460 8.74970925 -4.33061313
v -0.15766460 8.37970925 -4.66851313
v -0.15766460 8.03970925 -4.95241313
v -0.15766460 7.75970925 -5.18451313
v -0.15766460 7.56970925 -5.36711313
v -0.15766460 7.49970925 -5.50251313
v 1.47163540 9.80180925 -2.39411313
v 1.44043540 9.61420925 -2.97051313
v 1.39453540 9.33790925 -3.48391313
v 1.33873540 9.00220925 -3.93651313
v 1.27803540 8.63700925 -4.33061313
v 1.21733540 8.27180925 -4.66851313
v 1.16153540 7.93610925 -4.95241313
v 1.11563540 7.65980925 -5.18451313
v 1.08443540 7.47220925 -5.36711313
v 1.07293540 7.40310925 -5.50251313
v 3.01043540 9.43080925 -2.39411313
v 2.94973540 9.25040925 -2.97051313
v 2.86043540 8.98440925 -3.48391313
v 2.75193540 8.66150925 -3.93651313
v 2.63393540 8.31010925 -4.33061313
v 2.51593540 7.95870925 -4.66851313
v 2.40743540 7.63580925 -4.95241313
v 2.31813540 7.36980925 -5.18451313
v 2.25743540 7.18940925 -5.36711313
v 2.23513540 7.12290925 -5.50251313
v 4.43953540 8.83580925 -2.39411313
v 4.35153540 8.66670925 -2.97051313
v 4.22193540 8.41760925 -3.48391313
v 4.06453540 8.11500925 -3.93651313
v 3.89323540 7.78580925 -4.33061313
v 3.72193540 7.45660925 -4.66851313
v 3.56453540 7.15400925 -4.95241313
v 3.43493540 6.90490925 -5.18451313
v 3.34693540 6.73580925 -5.36711313
v 3.31453540 6.67350925 -5.50251313
v 5.73993540 8.03590925 -2.39411313
v 5.62713540 7.88210925 -2.97051313
v 5.46083540 7.65550925 -3.48391313
v 5.25893540 7.38030925 -3.93651313
v 5.03913540 7.08090925 -4.33061313
v 4.81943540 6.78150925 -4.66851313
v 4.61743540 6.50630925 -4.95241313
v 4.45113540 6.27970925 -5.18451313
v 4.33833540 6.12600925 -5.36711313
v 4.29673540 6.06930925 -5.50251313
v 6.89263540 7.05000925 -2.39411313
v 6.75773540 6.91510925 -2.97051313
v 6.55893540 6.71630925 -3.48391313
v 6.31753540 6.47490925 -3.93651313
v 6.05483540 6.21220925 -4.33061313
v 5.79213540 5.94950925 -4.66851313
v 5.55073540 5.70810925 -4.95241313
v 5.35193540 5.50930925 -5.18451313
v 5.21703540 5.37440925 -5.36711313
v 5.16733540 5.32470925 -5.50251313
v 7.87843540 5.89730925 -2.39411313
v 7.72473540 5.78450925 -2.97051313
v 7.49813540 5.61820925 -3.48391313
v 7.22293540 5.41630925 -3.93651313
v 6.92353540 5.19650925 -4.33061313
v 6.62413540 4.97670925 -4.66851313
v 6.34893540 4.77480925 -4.95241313
v 6.12233540 4.60850925 -5.18451313
v 5.96853540 4.49570925 -5.36711313
v 5.91193540 4.45410925 -5.50251313
v 8.67843540 4.59690925 -2.39411313
v 8.50933540 4.50890925 -2.97051313
v 8.26023540 4.37930925 -3.48391313
v 7.95763540 4.22190925 -3.93651313
v 7.62843540 4.05060925 -4.33061313
v 7.29923540 3.87930925 -4.66851313
v 6.99663540 3.72190925 -4.95241313
v 6.74753540 3.59230925 -5.18451313
v 6.57843540 3.50430925 -5.36711313
v 6.51613540 3.47190925 -5.50251313
v 9.27343540 3.16780925 -2.39411313
v 9.09303540 3.10710925 -2.97051313
v 8.82703540 3.01780925 -3.48391313
v 8.50413540 2.90930925 -3.93651313
v 8.15273540 2.79130925 -4.33061313
v 7.80133540 2.67330925 -4.66851313
v 7.47843540 2.56480925 -4.95241313
v 7.21243540 2.47540925 -5.18451313
v 7.03203540 2.41480925 -5.36711313
v 6.96553540 2.39250925 -5.50251313
v 9.64443540 1.62900925 -2.39411313
v 9.45683540 1.59780925 -2.97051313
v 9.18053540 1.55190925 -3.48391313
v 8.84483540 1.49610925 -3.93651313
v 8.47963540 1.43540925 -4.33061313
v 8.11443540 1.37470925 -4.66851313
v 7.77873540 1.31890925 -4.95241313
v 7.50243540 1.27300925 -5.18451313
v 7.31483540 1.24180925 -5.36711313
v 7.24573540 1.23030925 -5.50251313
v 7.22833540 -1.22799075 -5.61461313
v 7.32473540 -2.9075452e-4 -5.61461313
v 7.15093540 -1.21509075 -5.72451313
v 7.24633540 -2.9075452e-4 -5.72451313
v 6.97583540 -1.18599075 -5.82991313
v 7.06893540 -2.9075452e-4 -5.82991313
v 6.66533540 -1.13439075 -5.92851313
v 6.75433540 -2.9075452e-4 -5.92851313
v 6.18153540 -1.05399075 -6.01811313
v 6.26423540 -2.9075452e-4 -6.01811313
v 5.48673540 -0.93849075 -6.09651313
v 5.56033540 -2.9075452e-4 -6.09651313
v 4.54313540 -0.78169075 -6.16141313
v 4.60443540 -2.9075452e-4 -6.16141313
v 3.31303540 -0.57719075 -6.21051313
v 3.35833540 -2.9075452e-4 -6.21051313
v 1.75873540 -0.31879075 -6.24161313
v 1.78373540 -2.9075452e-4 -6.24161313
v -0.15766460 -2.9075452e-4 -6.25251313
v 6.94883540 -2.38749075 -5.61461313
v 6.87433540 -2.36249075 -5.72451313
v 6.70593540 -2.30589075 -5.82991313
v 6.40703540 -2.20549075 -5.92851313
v 5.94153540 -2.04909075 -6.01811313
v 5.27303540 -1.82459075 -6.09651313
v 4.36523540 -1.51959075 -6.16141313
v 3.18173540 -1.12199075 -6.21051313
v 1.68613540 -0.61969075 -6.24161313
v 6.50043540 -3.46429075 -5.61461313
v 6.43073540 -3.42809075 -5.72451313
v 6.27283540 -3.34589075 -5.82991313
v 5.99293540 -3.20029075 -5.92851313
v 5.55673540 -2.97339075 -6.01811313
v 4.93043540 -2.64749075 -6.09651313
v 4.07983540 -2.20499075 -6.16141313
v 2.97103540 -1.62809075 -6.21051313
v 1.56983540 -0.89909075 -6.24161313
v 5.89763540 -4.44419075 -5.61461313
v 5.83423540 -4.39769075 -5.72451313
v 5.69073540 -4.29229075 -5.82991313
v 5.43603540 -4.10549075 -5.92851313
v 5.03943540 -3.81439075 -6.01811313
v 4.46983540 -3.39629075 -6.09651313
v 3.69623540 -2.82859075 -6.16141313
v 2.68773540 -2.08849075 -6.21051313
v 1.41343540 -1.15329075 -6.24161313
v 5.15483540 -5.31279075 -5.61461313
v 5.09913540 -5.25709075 -5.72451313
v 4.97323540 -5.13119075 -5.82991313
v 4.74983540 -4.90779075 -5.92851313
v 4.40183540 -4.55979075 -6.01811313
v 3.90213540 -4.06009075 -6.09651313
v 3.22343540 -3.38139075 -6.16141313
v 2.33873540 -2.49669075 -6.21051313
v 1.22073540 -1.37869075 -6.24161313
v 4.28623540 -6.05559075 -5.61461313
v 4.23973540 -5.99219075 -5.72451313
v 4.13433540 -5.84869075 -5.82991313
v 3.94753540 -5.59399075 -5.92851313
v 3.65643540 -5.19739075 -6.01811313
v 3.23833540 -4.62779075 -6.09651313
v 2.67063540 -3.85419075 -6.16141313
v 1.93053540 -2.84569075 -6.21051313
v 0.99533540 -1.57139075 -6.24161313
v 3.30633540 -6.65839075 -5.61461313
v 3.27013540 -6.58869075 -5.72451313
v 3.18793540 -6.43079075 -5.82991313
v 3.04233540 -6.15089075 -5.92851313
v 2.81543540 -5.71469075 -6.01811313
v 2.48953540 -5.08839075 -6.09651313
v 2.04703540 -4.23779075 -6.16141313
v 1.47013540 -3.12899075 -6.21051313
v 0.74113540 -1.72779075 -6.24161313
v 2.22953540 -7.10679075 -5.61461313
v 2.20453540 -7.03229075 -5.72451313
v 2.14793540 -6.86389075 -5.82991313
v 2.04753540 -6.56499075 -5.92851313
v 1.89113540 -6.09949075 -6.01811313
v 1.66663540 -5.43099075 -6.09651313
v 1.36163540 -4.52319075 -6.16141313
v 0.96403540 -3.33969075 -6.21051313
v 0.46173540 -1.84409075 -6.24161313
v 1.07003540 -7.38629075 -5.61461313
v 1.05713540 -7.30889075 -5.72451313
v 1.02803540 -7.13379075 -5.82991313
v 0.97643540 -6.82329075 -5.92851313
v 0.89603540 -6.33949075 -6.01811313
v 0.78053540 -5.64469075 -6.09651313
v 0.62373540 -4.70109075 -6.16141313
v 0.41923540 -3.47099075 -6.21051313
v 0.16083540 -1.91669075 -6.24161313
v -0.15766460 -7.48269075 -5.61461313
v -0.15766460 -7.40429075 -5.72451313
v -0.15766460 -7.22689075 -5.82991313
v -0.15766460 -6.91229075 -5.92851313
v -0.15766460 -6.42219075 -6.01811313
v -0.15766460 -5.71829075 -6.09651313
v -0.15766460 -4.76239075 -6.16141313
v -0.15766460 -3.51629075 -6.21051313
v -0.15766460 -1.94169075 -6.24161313
v -1.38536460 -7.38629075 -5.61461313
v -1.37246460 -7.30889075 -5.72451313
v -1.34336460 -7.13379075 -5.82991313
v -1.29176460 -6.82329075 -5.92851313
v -1.21136460 -6.33949075 -6.01811313
v -1.09586460 -5.64469075 -6.09651313
v -0.93906460 -4.70109075 -6.16141313
v -0.73456460 -3.47099075 -6.21051313
v -0.47616460 -1.91669075 -6.24161313
v -2.54486460 -7.10679075 -5.61461313
v -2.51986460 -7.03229075 -5.72451313
v -2.46326460 -6.86389075 -5.82991313
v -2.36286460 -6.56499075 -5.92851313
v -2.20646460 -6.09949075 -6.01811313
v -1.98196460 -5.43099075 -6.09651313
v -1.67696460 -4.52319075 -6.16141313
v -1.27936460 -3.33969075 -6.21051313
v -0.77706460 -1.84409075 -6.24161313
v -3.62166460 -6.65839075 -5.61461313
v -3.58546460 -6.58869075 -5.72451313
v -3.50326460 -6.43079075 -5.82991313
v -3.35766460 -6.15089075 -5.92851313
v -3.13076460 -5.71469075 -6.01811313
v -2.80486460 -5.08839075 -6.09651313
v -2.36236460 -4.23779075 -6.16141313
v -1.78546460 -3.12899075 -6.21051313
v -1.05646460 -1.72779075 -6.24161313
v -4.60156460 -6.05559075 -5.61461313
v -4.55506460 -5.99219075 -5.72451313
v -4.44966460 -5.84869075 -5.82991313
v -4.26286460 -5.59399075 -5.92851313
v -3.97176460 -5.19739075 -6.01811313
v -3.55366460 -4.62779075 -6.09651313
v -2.98596460 -3.85419075 -6.16141313
v -2.24586460 -2.84569075 -6.21051313
v -1.31066460 -1.57139075 -6.24161313
v -5.47016460 -5.31279075 -5.61461313
v -5.41446460 -5.25709075 -5.72451313
v -5.28856460 -5.13119075 -5.82991313
v -5.06516460 -4.90779075 -5.92851313
v -4.71716460 -4.55979075 -6.01811313
v -4.21746460 -4.06009075 -6.09651313
v -3.53876460 -3.38139075 -6.16141313
v -2.65406460 -2.49669075 -6.21051313
v -1.53606460 -1.37869075 -6.24161313
v -6.21296460 -4.44419075 -5.61461313
v -6.14956460 -4.39769075 -5.72451313
v -6.00606460 -4.29229075 -5.82991313
v -5.75136460 -4.10549075 -5.92851313
v -5.35476460 -3.81439075 -6.01811313
v -4.78516460 -3.39629075 -6.09651313
v -4.01156460 -2.82859075 -6.16141313
v -3.00306460 -2.08849075 -6.21051313
v -1.72876460 -1.15329075 -6.24161313
v -6.81576460 -3.46429075 -5.61461313
v -6.74606460 -3.42809075 -5.72451313
v -6.58816460 -3.34589075 -5.82991313
v -6.30826460 -3.20029075 -5.92851313
v -5.87206460 -2.97339075 -6.01811313
v -5.24576460 -2.64749075 -6.09651313
v -4.39516460 -2.20499075 -6.16141313
v -3.28636460 -1.62809075 -6.21051313
v -1.88516460 -0.89909075 -6.24161313
v -7.26416460 -2.38749075 -5.61461313
v -7.18966460 -2.36249075 -5.72451313
v -7.02126460 -2.30589075 -5.82991313
v -6.72236460 -2.20549075 -5.92851313
v -6.25686460 -2.04909075 -6.01811313
v -5.58836460 -1.82459075 -6.09651313
v -4.68056460 -1.51959075 -6.16141313
v -3.49706460 -1.12199075 -6.21051313
v -2.00146460 -0.61969075 -6.24161313
v -7.54366460 -1.22799075 -5.61461313
v -7.46626460 -1.21509075 -5.72451313
v -7.29116460 -1.18599075 -5.82991313
v -6.98066460 -1.13439075 -5.92851313
v -6.49686460 -1.05399075 -6.01811313
v -5.80206460 -0.93849075 -6.09651313
v -4.85846460 -0.78169075 -6.16141313
v -3.62836460 -0.57719075 -6.21051313
v -2.07406460 -0.31879075 -6.24161313
v -7.64006460 -2.9075452e-4 -5.61461313
v -7.56166460 -2.9075452e-4 -5.72451313
v -7.38426460 -2.9075452e-4 -5.82991313
v -7.06966460 -2.9075452e-4 -5.92851313
v -6.57956460 -2.9075452e-4 -6.01811313
v -5.87566460 -2.9075452e-4 -6.09651313
v -4.91976460 -2.9075452e-4 -6.16141313
v -3.67366460 -2.9075452e-4 -6.21051313
v -2.09906460 -2.9075452e-4 -6.24161313
v -7.54366460 1.22740925 -5.61461313
v -7.46626460 1.21450925 -5.72451313
v -7.29116460 1.18540925 -5.82991313
v -6.98066460 1.13380925 -5.92851313
v -6.49686460 1.05340925 -6.01811313
v -5.80206460 0.93790925 -6.09651313
v -4.85846460 0.78110925 -6.16141313
v -3.62836460 0.57660925 -6.21051313
v -2.07406460 0.31820925 -6.24161313
v -7.26416460 2.38690925 -5.61461313
v -7.18966460 2.36190925 -5.72451313
v -7.02126460 2.30530925 -5.82991313
v -6.72236460 2.20490925 -5.92851313
v -6.25686460 2.04850925 -6.01811313
v -5.58836460 1.82400925 -6.09651313
v -4.68056460 1.51900925 -6.16141313
v -3.49706460 1.12140925 -6.21051313
v -2.00146460 0.61910925 -6.24161313
v -6.81576460 3.46370925 -5.61461313
v -6.74606460 3.42750925 -5.72451313
v -6.58816460 3.34530925 -5.82991313
v -6.30826460 3.19970925 -5.92851313
v -5.87206460 2.97280925 -6.01811313
v -5.24576460 2.64690925 -6.09651313
v -4.39516460 2.20440925 -6.16141313
v -3.28636460 1.62750925 -6.21051313
v -1.88516460 0.89850925 -6.24161313
v -6.21296460 4.44360925 -5.61461313
v -6.14956460 4.39710925 -5.72451313
v -6.00606460 4.29170925 -5.82991313
v -5.75136460 4.10490925 -5.92851313
v -5.35476460 3.81380925 -6.01811313
v -4.78516460 3.39570925 -6.09651313
v -4.01156460 2.82800925 -6.16141313
v -3.00306460 2.08790925 -6.21051313
v -1.72876460 1.15270925 -6.24161313
v -5.47016460 5.31220925 -5.61461313
v -5.41446460 5.25650925 -5.72451313
v -5.28856460 5.13060925 -5.82991313
v -5.06516460 4.90720925 -5.92851313
v -4.71716460 4.55920925 -6.01811313
v -4.21746460 4.05950925 -6.09651313
v -3.53876460 3.38080925 -6.16141313
v -2.65406460 2.49610925 -6.21051313
v -1.53606460 1.37810925 -6.24161313
v -4.60156460 6.05500925 -5.61461313
v -4.55506460 5.99160925 -5.72451313
v -4.44966460 5.84810925 -5.82991313
v -4.26286460 5.59340925 -5.92851313
v -3.97176460 5.19680925 -6.01811313
v -3.55366460 4.62720925 -6.09651313
v -2.98596460 3.85360925 -6.16141313
v -2.24586460 2.84510925 -6.21051313
v -1.31066460 1.57080925 -6.24161313
v -3.62166460 6.65780925 -5.61461313
v -3.58546460 6.58810925 -5.72451313
v -3.50326460 6.43020925 -5.82991313
v -3.35766460 6.15030925 -5.92851313
v -3.13076460 5.71410925 -6.01811313
v -2.80486460 5.08780925 -6.09651313
v -2.36236460 4.23720925 -6.16141313
v -1.78546460 3.12840925 -6.21051313
v -1.05646460 1.72720925 -6.24161313
v -2.54486460 7.10620925 -5.61461313
v -2.51986460 7.03170925 -5.72451313
v -2.46326460 6.86330925 -5.82991313
v -2.36286460 6.56440925 -5.92851313
v -2.20646460 6.09890925 -6.01811313
v -1.98196460 5.43040925 -6.09651313
v -1.67696460 4.52260925 -6.16141313
v -1.27936460 3.33910925 -6.21051313
v -0.77706460 1.84350925 -6.24161313
v -1.38536460 7.38570925 -5.61461313
v -1.37246460 7.30830925 -5.72451313
v -1.34336460 7.13320925 -5.82991313
v -1.29176460 6.82270925 -5.92851313
v -1.21136460 6.33890925 -6.01811313
v -1.09586460 5.64410925 -6.09651313
v -0.93906460 4.70050925 -6.16141313
v -0.73456460 3.47040925 -6.21051313
v -0.47616460 1.91610925 -6.24161313
v -0.15766460 7.48210925 -5.61461313
v -0.15766460 7.40370925 -5.72451313
v -0.15766460 7.22630925 -5.82991313
v -0.15766460 6.91170925 -5.92851313
v -0.15766460 6.42160925 -6.01811313
v -0.15766460 5.71770925 -6.09651313
v -0.15766460 4.76180925 -6.16141313
v -0.15766460 3.51570925 -6.21051313
v -0.15766460 1.94110925 -6.24161313
v 1.07003540 7.38570925 -5.61461313
v 1.05713540 7.30830925 -5.72451313
v 1.02803540 7.13320925 -5.82991313
v 0.97643540 6.82270925 -5.92851313
v 0.89603540 6.33890925 -6.01811313
v 0.78053540 5.64410925 -6.09651313
v 0.62373540 4.70050925 -6.16141313
v 0.41923540 3.47040925 -6.21051313
v 0.16083540 1.91610925 -6.24161313
v 2.22953540 7.10620925 -5.61461313
v 2.20453540 7.03170925 -5.72451313
v 2.14793540 6.86330925 -5.82991313
v 2.04753540 6.56440925 -5.92851313
v 1.89113540 6.09890925 -6.01811313
v 1.66663540 5.43040925 -6.09651313
v 1.36163540 4.52260925 -6.16141313
v 0.96403540 3.33910925 -6.21051313
v 0.46173540 1.84350925 -6.24161313
v 3.30633540 6.65780925 -5.61461313
v 3.27013540 6.58810925 -5.72451313
v 3.18793540 6.43020925 -5.82991313
v 3.04233540 6.15030925 -5.92851313
v 2.81543540 5.71410925 -6.01811313
v 2.48953540 5.08780925 -6.09651313
v 2.04703540 4.23720925 -6.16141313
v 1.47013540 3.12840925 -6.21051313
v 0.74113540 1.72720925 -6.24161313
v 4.28623540 6.05500925 -5.61461313
v 4.23973540 5.99160925 -5.72451313
v 4.13433540 5.84810925 -5.82991313
v 3.94753540 5.59340925 -5.92851313
v 3.65643540 5.19680925 -6.01811313
v 3.23833540 4.62720925 -6.09651313
v 2.67063540 3.85360925 -6.16141313
v 1.93053540 2.84510925 -6.21051313
v 0.99533540 1.57080925 -6.24161313
v 5.15483540 5.31220925 -5.61461313
v 5.09913540 5.25650925 -5.72451313
v 4.97323540 5.13060925 -5.82991313
v 4.74983540 4.90720925 -5.92851313
v 4.40183540 4.55920925 -6.01811313
v 3.90213540 4.05950925 -6.09651313
v 3.22343540 3.38080925 -6.16141313
v 2.33873540 2.49610925 -6.21051313
v 1.22073540 1.37810925 -6.24161313
v 5.89763540 4.44360925 -5.61461313
v 5.83423540 4.39710925 -5.72451313
v 5.69073540 4.29170925 -5.82991313
v 5.43603540 4.10490925 -5.92851313
v 5.03943540 3.81380925 -6.01811313
v 4.46983540 3.39570925 -6.09651313
v 3.69623540 2.82800925 -6.16141313
v 2.68773540 2.08790925 -6.21051313
v 1.41343540 1.15270925 -6.24161313
v 6.50043540 3.46370925 -5.61461313
v 6.43073540 3.42750925 -5.72451313
v 6.27283540 3.34530925 -5.82991313
v 5.99293540 3.19970925 -5.92851313
v 5.55673540 2.97280925 -6.01811313
v 4.93043540 2.64690925 -6.09651313
v 4.07983540 2.20440925 -6.16141313
v 2.97103540 1.62750925 -6.21051313
v 1.56983540 0.89850925 -6.24161313
v 6.94883540 2.38690925 -5.61461313
v 6.87433540 2.36190925 -5.72451313
v 6.70593540 2.30530925 -5.82991313
v 6.40703540 2.20490925 -5.92851313
v 5.94153540 2.04850925 -6.01811313
v 5.27303540 1.82400925 -6.09651313
v 4.36523540 1.51900925 -6.16141313
v 3.18173540 1.12140925 -6.21051313
v 1.68613540 0.61910925 -6.24161313
v 7.22833540 1.22740925 -5.61461313
v 7.15093540 1.21450925 -5.72451313
v 6.97583540 1.18540925 -5.82991313
v 6.66533540 1.13380925 -5.92851313
v 6.18153540 1.05340925 -6.01811313
v 5.48673540 0.93790925 -6.09651313
v 4.54313540 0.78110925 -6.16141313
v 3.31303540 0.57660925 -6.21051313
v 1.75873540 0.31820925 -6.24161313
v -8.15766460 -2.9075452e-4 3.87248687
v -8.14366460 -0.40529075 3.90398687
v -9.15996460 -0.40529075 3.90278687
v -9.16216460 -2.9075452e-4 3.87138687
v -10.08166460 -0.40529075 3.89468687
v -10.07366460 -2.9075452e-4 3.86348687
v -10.90576460 -0.40529075 3.87278687
v -10.88916460 -2.9075452e-4 3.84208687
v -11.62956460 -0.40529075 3.82998687
v -11.60566460 -2.9075452e-4 3.80048687
v -12.24996460 -0.40529075 3.75938687
v -12.22016460 -2.9075452e-4 3.73188687
v -12.76406460 -0.40529075 3.65418687
v -12.72966460 -2.9075452e-4 3.62948687
v -13.16896460 -0.40529075 3.50728687
v -13.13116460 -2.9075452e-4 3.48658687
v -13.46186460 -0.40529075 3.31188687
v -13.42166460 -2.9075452e-4 3.29648687
v -13.63976460 -0.40529075 3.06088687
v -13.59816460 -2.9075452e-4 3.05238687
v -13.69966460 -0.40529075 2.74748687
v -13.65766460 -2.9075452e-4 2.74748687
v -8.10566460 -0.72029075 3.98948687
v -9.15386460 -0.72029075 3.98828687
v -10.10316460 -0.72029075 3.97958687
v -10.95086460 -0.72029075 3.95598687
v -11.69426460 -0.72029075 3.90998687
v -12.33066460 -0.72029075 3.83428687
v -12.85736460 -0.72029075 3.72118687
v -13.27176460 -0.72029075 3.56348687
v -13.57096460 -0.72029075 3.35358687
v -13.75256460 -0.72029075 3.08408687
v -13.81366460 -0.72029075 2.74748687
v -8.04966460 -0.94529075 4.11548687
v -9.14496460 -0.94529075 4.11408687
v -10.13496460 -0.94529075 4.10458687
v -11.01736460 -0.94529075 4.07858687
v -11.78966460 -0.94529075 4.02788687
v -12.44966460 -0.94529075 3.94448687
v -12.99486460 -0.94529075 3.81998687
v -13.42306460 -0.94529075 3.64628687
v -13.73186460 -0.94529075 3.41508687
v -13.91886460 -0.94529075 3.11818687
v -13.98166460 -0.94529075 2.74748687
v -7.98166460 -1.08029075 4.26848687
v -9.13416460 -1.08029075 4.26698687
v -10.17366460 -1.08029075 4.25628687
v -11.09806460 -1.08029075 4.22738687
v -11.90556460 -1.08029075 4.17118687
v -12.59416460 -1.08029075 4.07838687
v -13.16196460 -1.08029075 3.93998687
v -13.60686460 -1.08029075 3.74678687
v -13.92716460 -1.08029075 3.48968687
v -14.12066460 -1.08029075 3.15968687
v -14.18566460 -1.08029075 2.74748687
v -7.90766460 -1.12529075 4.43498687
v -9.12236460 -1.12529075 4.43328687
v -10.21566460 -1.12529075 4.42148687
v -11.18586460 -1.12529075 4.38938687
v -12.03166460 -1.12529075 4.32698687
v -12.75146460 -1.12529075 4.22408687
v -13.34366460 -1.12529075 4.07048687
v -13.80686460 -1.12529075 3.85618687
v -14.13966460 -1.12529075 3.57098687
v -14.34036460 -1.12529075 3.20478687
v -14.40766460 -1.12529075 2.74748687
v -7.83366460 -1.08029075 4.60148687
v -9.11066460 -1.08029075 4.59958687
v -10.25766460 -1.08029075 4.58668687
v -11.27376460 -1.08029075 4.55138687
v -12.15776460 -1.08029075 4.48278687
v -12.90866460 -1.08029075 4.36978687
v -13.52536460 -1.08029075 4.20098687
v -14.00696460 -1.08029075 3.96558687
v -14.35216460 -1.08029075 3.65228687
v -14.56016460 -1.08029075 3.24988687
v -14.62966460 -1.08029075 2.74748687
v -7.76566460 -0.94529075 4.75448687
v -9.09986460 -0.94529075 4.75248687
v -10.29636460 -0.94529075 4.73838687
v -11.35446460 -0.94529075 4.70028687
v -12.27366460 -0.94529075 4.62608687
v -13.05316460 -0.94529075 4.50358687
v -13.69236460 -0.94529075 4.32098687
v -14.19076460 -0.94529075 4.06608687
v -14.54746460 -0.94529075 3.72688687
v -14.76196460 -0.94529075 3.29138687
v -14.83366460 -0.94529075 2.74748687
v -7.70966460 -0.72029075 4.88048687
v -9.09096460 -0.72029075 4.87838687
v -10.32816460 -0.72029075 4.86338687
v -11.42096460 -0.72029075 4.82288687
v -12.36906460 -0.72029075 4.74398687
v -13.17216460 -0.72029075 4.61388687
v -13.82996460 -0.72029075 4.41978687
v -14.34206460 -0.72029075 4.14888687
v -14.70836460 -0.72029075 3.78838687
v -14.92826460 -0.72029075 3.32548687
v -15.00166460 -0.72029075 2.74748687
v -7.67166460 -0.40529075 4.96598687
v -9.08486460 -0.40529075 4.96378687
v -10.34966460 -0.40529075 4.94828687
v -11.46606460 -0.40529075 4.90608687
v -12.43376460 -0.40529075 4.82398687
v -13.25296460 -0.40529075 4.68868687
v -13.92326460 -0.40529075 4.48678687
v -14.44486460 -0.40529075 4.20508687
v -14.81746460 -0.40529075 3.83008687
v -15.04106460 -0.40529075 3.34868687
v -15.11566460 -0.40529075 2.74748687
v -7.65766460 -2.9075452e-4 4.99748687
v -9.08266460 -2.9075452e-4 4.99518687
v -10.35766460 -2.9075452e-4 4.97948687
v -11.48266460 -2.9075452e-4 4.93668687
v -12.45766460 -2.9075452e-4 4.85348687
v -13.28266460 -2.9075452e-4 4.71628687
v -13.95766460 -2.9075452e-4 4.51148687
v -14.48266460 -2.9075452e-4 4.22568687
v -14.85766460 -2.9075452e-4 3.84548687
v -15.08266460 -2.9075452e-4 3.35728687
v -15.15766460 -2.9075452e-4 2.74748687
v -7.67166460 0.40470925 4.96598687
v -9.08486460 0.40470925 4.96378687
v -10.34966460 0.40470925 4.94828687
v -11.46606460 0.40470925 4.90608687
v -12.43376460 0.40470925 4.82398687
v -13.25286460 0.40470925 4.68868687
v -13.92326460 0.40470925 4.48678687
v -14.44486460 0.40470925 4.20508687
v -14.81746460 0.40470925 3.83008687
v -15.04106460 0.40470925 3.34868687
v -15.11566460 0.40470925 2.74748687
v -7.70966460 0.71970925 4.88048687
v -9.09096460 0.71970925 4.87838687
v -10.32816460 0.71970925 4.86338687
v -11.42096460 0.71970925 4.82288687
v -12.36906460 0.71970925 4.74398687
v -13.17216460 0.71970925 4.61388687
v -13.82996460 0.71970925 4.41978687
v -14.34206460 0.71970925 4.14888687
v -14.70836460 0.71970925 3.78838687
v -14.92826460 0.71970925 3.32548687
v -15.00166460 0.71970925 2.74748687
v -7.76566460 0.94470925 4.75448687
v -9.09986460 0.94470925 4.75248687
v -10.29636460 0.94470925 4.73838687
v -11.35446460 0.94470925 4.70028687
v -12.27366460 0.94470925 4.62608687
v -13.05316460 0.94470925 4.50358687
v -13.69246460 0.94470925 4.32098687
v -14.19076460 0.94470925 4.06608687
v -14.54746460 0.94470925 3.72688687
v -14.76196460 0.94470925 3.29138687
v -14.83366460 0.94470925 2.74748687
v -7.83366460 1.07970925 4.60148687
v -9.11066460 1.07970925 4.59958687
v -10.25766460 1.07970925 4.58668687
v -11.27376460 1.07970925 4.55138687
v -12.15776460 1.07970925 4.48278687
v -12.90866460 1.07970925 4.36978687
v -13.52536460 1.07970925 4.20098687
v -14.00696460 1.07970925 3.96558687
v -14.35216460 1.07970925 3.65228687
v -14.56016460 1.07970925 3.24988687
v -14.62966460 1.07970925 2.74748687
v -7.90766460 1.12470925 4.43498687
v -9.12246460 1.12470925 4.43328687
v -10.21566460 1.12470925 4.42148687
v -11.18596460 1.12470925 4.38938687
v -12.03166460 1.12470925 4.32698687
v -12.75146460 1.12470925 4.22408687
v -13.34366460 1.12470925 4.07048687
v -13.80696460 1.12470925 3.85618687
v -14.13966460 1.12470925 3.57098687
v -14.34046460 1.12470925 3.20478687
v -14.40766460 1.12470925 2.74748687
v -7.98166460 1.07970925 4.26848687
v -9.13416460 1.07970925 4.26698687
v -10.17366460 1.07970925 4.25628687
v -11.09806460 1.07970925 4.22738687
v -11.90556460 1.07970925 4.17118687
v -12.59416460 1.07970925 4.07838687
v -13.16196460 1.07970925 3.93998687
v -13.60686460 1.07970925 3.74678687
v -13.92716460 1.07970925 3.48968687
v -14.12066460 1.07970925 3.15968687
v -14.18566460 1.07970925 2.74748687
v -8.04966460 0.94470925 4.11548687
v -9.14496460 0.94470925 4.11408687
v -10.13496460 0.94470925 4.10458687
v -11.01736460 0.94470925 4.07858687
v -11.78966460 0.94470925 4.02788687
v -12.44966460 0.94470925 3.94448687
v -12.99486460 0.94470925 3.81998687
v -13.42306460 0.94470925 3.64628687
v -13.73186460 0.94470925 3.41508687
v -13.91886460 0.94470925 3.11818687
v -13.98166460 0.94470925 2.74748687
v -8.10566460 0.71970925 3.98948687
v -9.15386460 0.71970925 3.98828687
v -10.10316460 0.71970925 3.97958687
v -10.95086460 0.71970925 3.95598687
v -11.69426460 0.71970925 3.90998687
v -12.33066460 0.71970925 3.83428687
v -12.85736460 0.71970925 3.72118687
v -13.27176460 0.71970925 3.56348687
v -13.57096460 0.71970925 3.35358687
v -13.75256460 0.71970925 3.08408687
v -13.81366460 0.71970925 2.74748687
v -8.14366460 0.40470925 3.90398687
v -9.15996460 0.40470925 3.90278687
v -10.08166460 0.40470925 3.89468687
v -10.90576460 0.40470925 3.87278687
v -11.62956460 0.40470925 3.82998687
v -12.24996460 0.40470925 3.75938687
v -12.76406460 0.40470925 3.65418687
v -13.16896460 0.40470925 3.50728687
v -13.46186460 0.40470925 3.31188687
v -13.63976460 0.40470925 3.06088687
v -13.69966460 0.40470925 2.74748687
v -13.66856460 -0.40529075 2.37008687
v -13.62716460 -2.9075452e-4 2.37848687
v -13.57316460 -0.40529075 1.94048687
v -13.53366460 -2.9075452e-4 1.95548687
v -13.41066460 -0.40529075 1.47198687
v -13.37416460 -2.9075452e-4 1.49198687
v -13.17806460 -0.40529075 0.97758687
v -13.14566460 -2.9075452e-4 1.00148687
v -12.87226460 -0.40529075 0.47058687
v -12.84516460 -2.9075452e-4 0.49748687
v -12.49046460 -0.40529075 -3.6013133e-2
v -12.46966460 -2.9075452e-4 -6.5131326e-3
v -12.02966460 -0.40529075 -0.52891313
v -12.01616460 -2.9075452e-4 -0.49701313
v -11.48696460 -0.40529075 -0.99511313
v -11.48166460 -2.9075452e-4 -0.96051313
v -10.85926460 -0.40529075 -1.42131313
v -10.86316460 -2.9075452e-4 -1.38351313
v -10.14366460 -0.40529075 -1.79451313
v -13.78086460 -0.72029075 2.34728687
v -13.68056460 -0.72029075 1.89998687
v -13.50976460 -0.72029075 1.41778687
v -13.26586460 -0.72029075 0.91288687
v -12.94586460 -0.72029075 0.39758687
v -12.54706460 -0.72029075 -0.11601313
v -12.06646460 -0.72029075 -0.61561313
v -11.50126460 -0.72029075 -1.08901313
v -10.84856460 -0.72029075 -1.52411313
v -10.10566460 -0.72029075 -1.90851313
v -13.94636460 -0.94529075 2.31368687
v -13.83866460 -0.94529075 1.84018687
v -13.65586460 -0.94529075 1.33778687
v -13.39536460 -0.94529075 0.81748687
v -13.05436460 -0.94529075 0.28988687
v -12.63036460 -0.94529075 -0.23391313
v -12.12056460 -0.94529075 -0.74341313
v -11.52226460 -0.94529075 -1.22751313
v -10.83286460 -0.94529075 -1.67551313
v -10.04966460 -0.94529075 -2.07651313
v -14.14736460 -1.08029075 2.27278687
v -14.03066460 -1.08029075 1.76748687
v -13.83326460 -1.08029075 1.24068687
v -13.55256460 -1.08029075 0.70158687
v -13.18616460 -1.08029075 0.15928687
v -12.73156460 -1.08029075 -0.37721313
v -12.18626460 -1.08029075 -0.89851313
v -11.54786460 -1.08029075 -1.39561313
v -10.81376460 -1.08029075 -1.85931313
v -9.98166460 -1.08029075 -2.28051313
v -14.36606460 -1.12529075 2.22838687
v -14.23966460 -1.12529075 1.68848687
v -14.02626460 -1.12529075 1.13508687
v -13.72366460 -1.12529075 0.57548687
v -13.32956460 -1.12529075 1.6986867e-2
v -12.84166460 -1.12529075 -0.53301313
v -12.25776460 -1.12529075 -1.06731313
v -11.57566460 -1.12529075 -1.57851313
v -10.79306460 -1.12529075 -2.05931313
v -9.90766460 -1.12529075 -2.50251313
v -14.58476460 -1.08029075 2.18398687
v -14.44866460 -1.08029075 1.60948687
v -14.21936460 -1.08029075 1.02938687
v -13.89476460 -1.08029075 0.44938687
v -13.47286460 -1.08029075 -0.12521313
v -12.95176460 -1.08029075 -0.68881313
v -12.32926460 -1.08029075 -1.23611313
v -11.60346460 -1.08029075 -1.76141313
v -10.77226460 -1.08029075 -2.25941313
v -9.83366460 -1.08029075 -2.72451313
v -14.78576460 -0.94529075 2.14318687
v -14.64066460 -0.94529075 1.53678687
v -14.39666460 -0.94529075 0.93238687
v -14.05196460 -0.94529075 0.33348687
v -13.60466460 -0.94529075 -0.25591313
v -13.05296460 -0.94529075 -0.83211313
v -12.39506460 -0.94529075 -1.39121313
v -11.62906460 -0.94529075 -1.92951313
v -10.75316460 -0.94529075 -2.44321313
v -9.76566460 -0.94529075 -2.92851313
v -14.95126460 -0.72029075 2.10948687
v -14.79886460 -0.72029075 1.47698687
v -14.54276460 -0.72029075 0.85238687
v -14.18146460 -0.72029075 0.23808687
v -13.71316460 -0.72029075 -0.36351313
v -13.13626460 -0.72029075 -0.95001313
v -12.44916460 -0.72029075 -1.51891313
v -11.65006460 -0.72029075 -2.06801313
v -10.73746460 -0.72029075 -2.59461313
v -9.70966460 -0.72029075 -3.09651313
v -15.06356460 -0.40529075 2.08668687
v -14.90616460 -0.40529075 1.43648687
v -14.64186460 -0.40529075 0.79818687
v -14.26926460 -0.40529075 0.17338687
v -13.78676460 -0.40529075 -0.43651313
v -13.19286460 -0.40529075 -1.03001313
v -12.48586460 -0.40529075 -1.60561313
v -11.66436460 -0.40529075 -2.16191313
v -10.72686460 -0.40529075 -2.69731313
v -9.67166460 -0.40529075 -3.21051313
v -15.10486460 -2.9075452e-4 2.07828687
v -14.94566460 -2.9075452e-4 1.42148687
v -14.67846460 -2.9075452e-4 0.77818687
v -14.30166460 -2.9075452e-4 0.14948687
v -13.81396460 -2.9075452e-4 -0.46341313
v -13.21366460 -2.9075452e-4 -1.05951313
v -12.49936460 -2.9075452e-4 -1.63761313
v -11.66966460 -2.9075452e-4 -2.19651313
v -10.72286460 -2.9075452e-4 -2.73521313
v -9.65766460 -2.9075452e-4 -3.25251313
v -15.06356460 0.40470925 2.08668687
v -14.90616460 0.40470925 1.43648687
v -14.64186460 0.40470925 0.79818687
v -14.26926460 0.40470925 0.17338687
v -13.78676460 0.40470925 -0.43651313
v -13.19286460 0.40470925 -1.03001313
v -12.48586460 0.40470925 -1.60561313
v -11.66436460 0.40470925 -2.16191313
v -10.72686460 0.40470925 -2.69731313
v -9.67166460 0.40470925 -3.21051313
v -14.95126460 0.71970925 2.10948687
v -14.79886460 0.71970925 1.47698687
v -14.54276460 0.71970925 0.85238687
v -14.18146460 0.71970925 0.23808687
v -13.71316460 0.71970925 -0.36351313
v -13.13626460 0.71970925 -0.95001313
v -12.44916460 0.71970925 -1.51891313
v -11.65006460 0.71970925 -2.06801313
v -10.73746460 0.71970925 -2.59461313
v -9.70966460 0.71970925 -3.09651313
v -14.78576460 0.94470925 2.14318687
v -14.64066460 0.94470925 1.53678687
v -14.39666460 0.94470925 0.93238687
v -14.05196460 0.94470925 0.33348687
v -13.60466460 0.94470925 -0.25591313
v -13.05296460 0.94470925 -0.83211313
v -12.39506460 0.94470925 -1.39121313
v -11.62906460 0.94470925 -1.92951313
v -10.75316460 0.94470925 -2.44321313
v -9.76566460 0.94470925 -2.92851313
v -14.58476460 1.07970925 2.18398687
v -14.44866460 1.07970925 1.60948687
v -14.21936460 1.07970925 1.02938687
v -13.89476460 1.07970925 0.44938687
v -13.47296460 1.07970925 -0.12521313
v -12.95176460 1.07970925 -0.68881313
v -12.32926460 1.07970925 -1.23611313
v -11.60346460 1.07970925 -1.76141313
v -10.77226460 1.07970925 -2.25941313
v -9.83366460 1.07970925 -2.72451313
v -14.36606460 1.12470925 2.22838687
v -14.23966460 1.12470925 1.68848687
v -14.02626460 1.12470925 1.13508687
v -13.72366460 1.12470925 0.57548687
v -13.32956460 1.12470925 1.6986867e-2
v -12.84166460 1.12470925 -0.53301313
v -12.25776460 1.12470925 -1.06731313
v -11.57566460 1.12470925 -1.57851313
v -10.79306460 1.12470925 -2.05931313
v -9.90766460 1.12470925 -2.50251313
v -14.14736460 1.07970925 2.27278687
v -14.03066460 1.07970925 1.76748687
v -13.83326460 1.07970925 1.24068687
v -13.55256460 1.07970925 0.70158687
v -13.18616460 1.07970925 0.15928687
v -12.73156460 1.07970925 -0.37721313
v -12.18626460 1.07970925 -0.89851313
v -11.54786460 1.07970925 -1.39561313
v -10.81376460 1.07970925 -1.85931313
v -9.98166460 1.07970925 -2.28051313
v -13.94636460 0.94470925 2.31368687
v -13.83866460 0.94470925 1.84018687
v -13.65586460 0.94470925 1.33778687
v -13.39536460 0.94470925 0.81748687
v -13.05436460 0.94470925 0.28988687
v -12.63036460 0.94470925 -0.23391313
v -12.12056460 0.94470925 -0.74341313
v -11.52226460 0.94470925 -1.22751313
v -10.83286460 0.94470925 -1.67551313
v -10.04966460 0.94470925 -2.07651313
v -13.78086460 0.71970925 2.34728687
v -13.68056460 0.71970925 1.89998687
v -13.50976460 0.71970925 1.41778687
v -13.26586460 0.71970925 0.91288687
v -12.94586460 0.71970925 0.39758687
v -12.54706460 0.71970925 -0.11601313
v -12.06646460 0.71970925 -0.61561313
v -11.50126460 0.71970925 -1.08901313
v -10.84856460 0.71970925 -1.52411313
v -10.10566460 0.71970925 -1.90851313
v -13.66856460 0.40470925 2.37008687
v -13.57316460 0.40470925 1.94048687
v -13.41066460 0.40470925 1.47198687
v -13.17806460 0.40470925 0.97758687
v -12.87226460 0.40470925 0.47058687
v -12.49046460 0.40470925 -3.6013133e-2
v -12.02966460 0.40470925 -0.52891313
v -11.48696460 0.40470925 -0.99511313
v -10.85926460 0.40470925 -1.42131313
v -10.14366460 0.40470925 -1.79451313
v 8.34233540 -2.9075452e-4 0.87248687
v 8.34233540 -0.89129075 0.75698687
v 9.53933540 -0.87579075 0.86358687
v 9.52183540 -2.9075452e-4 0.96848687
v 10.42723540 -0.83369075 1.14308687
v 10.39833540 -2.9075452e-4 1.23548687
v 11.06463540 -0.77169075 1.56338687
v 11.02883540 -2.9075452e-4 1.64198687
v 11.50993540 -0.69649075 2.09218687
v 11.47033540 -2.9075452e-4 2.15648687
v 11.82183540 -0.61449075 2.69758687
v 11.77983540 -2.9075452e-4 2.74748687
v 12.05873540 -0.53259075 3.34738687
v 12.01433540 -2.9075452e-4 3.38348687
v 12.27903540 -0.45739075 4.00938687
v 12.23083540 -2.9075452e-4 4.03298687
v 12.54143540 -0.39539075 4.65148687
v 12.48633540 -2.9075452e-4 4.66448687
v 12.90433540 -0.35329075 5.24158687
v 12.83783540 -2.9075452e-4 5.24648687
v 13.42633540 -0.33779075 5.74748687
v 13.34233540 -2.9075452e-4 5.74748687
v 8.34233540 -1.58429075 0.44348687
v 9.58673540 -1.55669075 0.57888687
v 10.50563540 -1.48199075 0.89228687
v 11.16173540 -1.37179075 1.34988687
v 11.61763540 -1.23789075 1.91778687
v 11.93583540 -1.09229075 2.56228687
v 12.17903540 -0.94669075 3.24928687
v 12.40993540 -0.81279075 3.94528687
v 12.69103540 -0.70259075 4.61608687
v 13.08493540 -0.62789075 5.22818687
v 13.65433540 -0.60029075 5.74748687
v 8.34233540 -2.07929075 -1.8513133e-2
v 9.65663540 -2.04309075 0.15928687
v 10.62123540 -1.94499075 0.52268687
v 11.30483540 -1.80029075 1.03528687
v 11.77623540 -1.62469075 1.66078687
v 12.10383540 -1.43359075 2.36268687
v 12.35643540 -1.24239075 3.10488687
v 12.60283540 -1.06679075 3.85078687
v 12.91143540 -0.92209075 4.56408687
v 13.35103540 -0.82399075 5.20838687
v 13.99033540 -0.78779075 5.74748687
v 8.34233540 -2.37629075 -0.57951313
v 9.74143540 -2.33499075 -0.35021313
v 10.76163540 -2.22279075 7.3886867e-2
v 11.47873540 -2.05749075 0.65328687
v 11.96873540 -1.85669075 1.34868687
v 12.30783540 -1.63829075 2.12048687
v 12.57193540 -1.41989075 2.92938687
v 12.83693540 -1.21909075 3.73598687
v 13.17903540 -1.05379075 4.50078687
v 13.67423540 -0.94159075 5.18448687
v 14.39833540 -0.90029075 5.74748687
v 8.34233540 -2.47529075 -1.19001313
v 9.83383540 -2.43219075 -0.90461313
v 10.91433540 -2.31539075 -0.41451313
v 11.66783540 -2.14319075 0.23758687
v 12.17833540 -1.93409075 1.00898687
v 12.52983540 -1.70649075 1.85688687
v 12.80633540 -1.47899075 2.73848687
v 13.09183540 -1.26989075 3.61108687
v 13.47033540 -1.09769075 4.43198687
v 14.02583540 -0.98079075 5.15838687
v 14.84233540 -0.93779075 5.74748687
v 8.34233540 -2.37629075 -1.80051313
v 9.92623540 -2.33499075 -1.45911313
v 11.06703540 -2.22279075 -0.90291313
v 11.85693540 -2.05749075 -0.17811313
v 12.38793540 -1.85669075 0.66928687
v 12.75183540 -1.63829075 1.59318687
v 13.04073540 -1.41989075 2.54758687
v 13.34673540 -1.21909075 3.48628687
v 13.76163540 -1.05379075 4.36318687
v 14.37753540 -0.94159075 5.13228687
v 15.28633540 -0.90029075 5.74748687
v 8.34233540 -2.07929075 -2.36151313
v 10.01103540 -2.04309075 -1.96861313
v 11.20743540 -1.94499075 -1.35171313
v 12.03083540 -1.80029075 -0.56011313
v 12.58043540 -1.62469075 0.35718687
v 12.95583540 -1.43349075 1.35098687
v 13.25623540 -1.24239075 2.37208687
v 13.58083540 -1.06679075 3.37148687
v 14.02923540 -0.92209075 4.29988687
v 14.70063540 -0.82399075 5.10828687
v 15.69433540 -0.78779075 5.74748687
v 8.34233540 -1.58429075 -2.82351313
v 10.08093540 -1.55669075 -2.38811313
v 11.32303540 -1.48199075 -1.72131313
v 12.17393540 -1.37179075 -0.87461313
v 12.73903540 -1.23789075 0.10018687
v 13.12383540 -1.09229075 1.15148687
v 13.43363540 -0.94669075 2.22768687
v 13.77373540 -0.81279075 3.27698687
v 14.24963540 -0.70259075 4.24788687
v 14.96673540 -0.62789075 5.08858687
v 16.03033540 -0.60029075 5.74748687
v 8.34233540 -0.89129075 -3.13701313
v 10.12833540 -0.87579075 -2.67291313
v 11.40143540 -0.83369075 -1.97211313
v 12.27103540 -0.77169075 -1.08811313
v 12.84673540 -0.69649075 -7.4213133e-2
v 13.23783540 -0.61449075 1.01608687
v 13.55393540 -0.53259075 2.12958687
v 13.90463540 -0.45739075 3.21288687
v 14.39923540 -0.39539075 4.21248687
v 15.14733540 -0.35329075 5.07518687
v 16.25833540 -0.33779075 5.74748687
v 8.34233540 -2.9075452e-4 -3.25251313
v 10.14583540 -2.9075452e-4 -2.77781313
v 11.43033540 -2.9075452e-4 -2.06451313
v 12.30683540 -2.9075452e-4 -1.16671313
v 12.88633540 -2.9075452e-4 -0.13851313
v 13.27983540 -2.9075452e-4 0.96628687
v 13.59833540 -2.9075452e-4 2.09348687
v 13.95283540 -2.9075452e-4 3.18928687
v 14.45433540 -2.9075452e-4 4.19948687
v 15.21383540 -2.9075452e-4 5.07028687
v 16.34233540 -2.9075452e-4 5.74748687
v 8.34233540 0.89070925 -3.13701313
v 10.12833540 0.87520925 -2.67291313
v 11.40143540 0.83310925 -1.97211313
v 12.27103540 0.77110925 -1.08811313
v 12.84673540 0.69590925 -7.4213133e-2
v 13.23783540 0.61390925 1.01608687
v 13.55393540 0.53200925 2.12958687
v 13.90463540 0.45680925 3.21288687
v 14.39923540 0.39480925 4.21248687
v 15.14733540 0.35270925 5.07518687
v 16.25833540 0.33720925 5.74748687
v 8.34233540 1.58370925 -2.82351313
v 10.08093540 1.55610925 -2.38811313
v 11.32303540 1.48140925 -1.72131313
v 12.17393540 1.37120925 -0.87461313
v 12.73903540 1.23730925 0.10018687
v 13.12383540 1.09170925 1.15148687
v 13.43363540 0.94610925 2.22768687
v 13.77373540 0.81220925 3.27698687
v 14.24963540 0.70200925 4.24788687
v 14.96673540 0.62730925 5.08858687
v 16.03033540 0.59970925 5.74748687
v 8.34233540 2.07870925 -2.36151313
v 10.01103540 2.04250925 -1.96861313
v 11.20743540 1.94440925 -1.35171313
v 12.03083540 1.79970925 -0.56011313
v 12.58043540 1.62410925 0.35718687
v 12.95583540 1.43300925 1.35098687
v 13.25623540 1.24180925 2.37208687
v 13.58083540 1.06620925 3.37148687
v 14.02923540 0.92150925 4.29988687
v 14.70063540 0.82340925 5.10828687
v 15.69433540 0.78720925 5.74748687
v 8.34233540 2.37570925 -1.80051313
v 9.92623540 2.33440925 -1.45911313
v 11.06703540 2.22220925 -0.90291313
v 11.85693540 2.05690925 -0.17811313
v 12.38793540 1.85610925 0.66928687
v 12.75183540 1.63770925 1.59328687
v 13.04073540 1.41930925 2.54758687
v 13.34673540 1.21850925 3.48628687
v 13.76163540 1.05320925 4.36318687
v 14.37753540 0.94100925 5.13228687
v 15.28633540 0.89970925 5.74748687
v 8.34233540 2.47470925 -1.19001313
v 9.83383540 2.43160925 -0.90461313
v 10.91433540 2.31480925 -0.41451313
v 11.66783540 2.14260925 0.23758687
v 12.17833540 1.93350925 1.00898687
v 12.52983540 1.70590925 1.85688687
v 12.80633540 1.47840925 2.73848687
v 13.09183540 1.26930925 3.61108687
v 13.47033540 1.09710925 4.43198687
v 14.02583540 0.98020925 5.15838687
v 14.84233540 0.93720925 5.74748687
v 8.34233540 2.37570925 -0.57951313
v 9.74143540 2.33440925 -0.35021313
v 10.76163540 2.22220925 7.3886867e-2
v 11.47873540 2.05690925 0.65328687
v 11.96873540 1.85610925 1.34868687
v 12.30783540 1.63770925 2.12048687
v 12.57193540 1.41930925 2.92938687
v 12.83693540 1.21850925 3.73598687
v 13.17903540 1.05320925 4.50078687
v 13.67423540 0.94100925 5.18448687
v 14.39833540 0.89970925 5.74748687
v 8.34233540 2.07870925 -1.8513133e-2
v 9.65663540 2.04250925 0.15928687
v 10.62123540 1.94440925 0.52268687
v 11.30483540 1.79970925 1.03528687
v 11.77623540 1.62410925 1.66078687
v 12.10383540 1.43290925 2.36268687
v 12.35643540 1.24180925 3.10488687
v 12.60283540 1.06620925 3.85068687
v 12.91143540 0.92150925 4.56408687
v 13.35103540 0.82340925 5.20838687
v 13.99033540 0.78720925 5.74748687
v 8.34233540 1.58370925 0.44348687
v 9.58673540 1.55610925 0.57888687
v 10.50563540 1.48140925 0.89228687
v 11.16173540 1.37120925 1.34988687
v 11.61763540 1.23730925 1.91778687
v 11.93583540 1.09170925 2.56218687
v 12.17903540 0.94610925 3.24928687
v 12.40993540 0.81220925 3.94528687
v 12.69103540 0.70200925 4.61608687
v 13.08493540 0.62730925 5.22818687
v 13.65433540 0.59970925 5.74748687
v 8.34233540 0.89070925 0.75698687
v 9.53933540 0.87520925 0.86358687
v 10.42723540 0.83310925 1.14308687
v 11.06463540 0.77110925 1.56338687
v 11.50993540 0.69590925 2.09218687
v 11.82183540 0.61390925 2.69758687
v 12.05873540 0.53200925 3.34738687
v 12.27903540 0.45680925 4.00938687
v 12.54143540 0.39480925 4.65148687
v 12.90433540 0.35270925 5.24158687
v 13.42633540 0.33720925 5.74748687
v 13.57933540 -0.33399075 5.84948687
v 13.49133540 -2.9075452e-4 5.84868687
v 13.72413540 -0.32379075 5.92898687
v 13.63433540 -2.9075452e-4 5.92748687
v 13.85493540 -0.30859075 5.98588687
v 13.76533540 -2.9075452e-4 5.98378687
v 13.96613540 -0.29029075 6.02008687
v 13.87833540 -2.9075452e-4 6.01748687
v 14.05173540 -0.27029075 6.03168687
v 13.96733540 -2.9075452e-4 6.02878687
v 14.10633540 -0.25029075 6.02048687
v 14.02633540 -2.9075452e-4 6.01748687
v 14.12393540 -0.23199075 5.98658687
v 14.04933540 -2.9075452e-4 5.98368687
v 14.09903540 -0.21679075 5.92978687
v 14.03033540 -2.9075452e-4 5.92748687
v 14.02573540 -0.20659075 5.85008687
v 13.96333540 -2.9075452e-4 5.84868687
v 13.89833540 -0.20279075 5.74748687
v 13.84233540 -2.9075452e-4 5.74748687
v 13.81833540 -0.59359075 5.85158687
v 13.96793540 -0.57529075 5.93308687
v 14.09823540 -0.54849075 5.99168687
v 14.20423540 -0.51579075 6.02728687
v 14.28093540 -0.48029075 6.03968687
v 14.32333540 -0.44479075 6.02868687
v 14.32643540 -0.41209075 5.99418687
v 14.28533540 -0.38529075 5.93588687
v 14.19493540 -0.36699075 5.85378687
v 14.05033540 -0.36029075 5.74748687
v 14.17043540 -0.77899075 5.85478687
v 14.32723540 -0.75499075 5.93918687
v 14.45683540 -0.71979075 6.00028687
v 14.55523540 -0.67689075 6.03788687
v 14.61873540 -0.63029075 6.05148687
v 14.64323540 -0.58369075 6.04078687
v 14.62493540 -0.54079075 6.00538687
v 14.55993540 -0.50559075 5.94498687
v 14.44443540 -0.48159075 5.85908687
v 14.27433540 -0.47279075 5.74748687
v 14.59803540 -0.89019075 5.85858687
v 14.76353540 -0.86289075 5.94648687
v 14.89223540 -0.82249075 6.01078687
v 14.98153540 -0.77359075 6.05078687
v 15.02883540 -0.72029075 6.06588687
v 15.03163540 -0.66699075 6.05548687
v 14.98733540 -0.61809075 6.01908687
v 14.89343540 -0.57769075 5.95598687
v 14.74723540 -0.55039075 5.86568687
v 14.54633540 -0.54029075 5.74748687
v 15.06343540 -0.92729075 5.86268687
v 15.23833540 -0.89879075 5.95448687
v 15.36603540 -0.85679075 6.02208687
v 15.44533540 -0.80579075 6.06478687
v 15.47513540 -0.75029075 6.08148687
v 15.45433540 -0.69479075 6.07148687
v 15.38173540 -0.64379075 6.03398687
v 15.25633540 -0.60179075 5.96798687
v 15.07693540 -0.57329075 5.87278687
v 14.84233540 -0.56279075 5.74748687
v 15.52873540 -0.89019075 5.86678687
v 15.71313540 -0.86289075 5.96248687
v 15.83983540 -0.82249075 6.03348687
v 15.90913540 -0.77359075 6.07868687
v 15.92143540 -0.72029075 6.09708687
v 15.87703540 -0.66699075 6.08748687
v 15.77613540 -0.61809075 6.04878687
v 15.61923540 -0.57769075 5.97998687
v 15.40653540 -0.55039075 5.87988687
v 15.13833540 -0.54029075 5.74748687
v 15.95633540 -0.77899075 5.87058687
v 16.14943540 -0.75499075 5.96978687
v 16.27523540 -0.71979075 6.04388687
v 16.33543540 -0.67689075 6.09158687
v 16.33163540 -0.63029075 6.11138687
v 16.26543540 -0.58369075 6.10218687
v 16.13863540 -0.54079075 6.06248687
v 15.95273540 -0.50559075 5.99098687
v 15.70943540 -0.48159075 5.88648687
v 15.41033540 -0.47279075 5.74748687
v 16.30843540 -0.59359075 5.87368687
v 16.50873540 -0.57529075 5.97588687
v 16.63373540 -0.54849075 6.05248687
v 16.68643540 -0.51579075 6.10218687
v 16.66933540 -0.48029075 6.12318687
v 16.58533540 -0.44479075 6.11428687
v 16.43703540 -0.41209075 6.07368687
v 16.22733540 -0.38529075 6.00008687
v 15.95883540 -0.36699075 5.89178687
v 15.63433540 -0.36029075 5.74748687
v 16.54743540 -0.33399075 5.87578687
v 16.75253540 -0.32379075 5.97998687
v 16.87703540 -0.30859075 6.05838687
v 16.92463540 -0.29029075 6.10938687
v 16.89853540 -0.27029075 6.13128687
v 16.80233540 -0.25029075 6.12248687
v 16.63963540 -0.23199075 6.08128687
v 16.41363540 -0.21679075 6.00618687
v 16.12813540 -0.20659075 5.89548687
v 15.78633540 -0.20279075 5.74748687
v 16.63543540 -2.9075452e-4 5.87658687
v 16.84233540 -2.9075452e-4 5.98148687
v 16.96673540 -2.9075452e-4 6.06048687
v 17.01233540 -2.9075452e-4 6.11198687
v 16.98293540 -2.9075452e-4 6.13418687
v 16.88233540 -2.9075452e-4 6.12548687
v 16.71423540 -2.9075452e-4 6.08418687
v 16.48233540 -2.9075452e-4 6.00848687
v 16.19043540 -2.9075452e-4 5.89678687
v 15.84233540 -2.9075452e-4 5.74748687
v 16.54743540 0.33340925 5.87578687
v 16.75253540 0.32320925 5.97998687
v 16.87703540 0.30800925 6.05838687
v 16.92463540 0.28970925 6.10938687
v 16.89853540 0.26970925 6.13128687
v 16.80233540 0.24970925 6.12248687
v 16.63963540 0.23140925 6.08128687
v 16.41363540 0.21620925 6.00618687
v 16.12813540 0.20600925 5.89548687
v 15.78633540 0.20220925 5.74748687
v 16.30843540 0.59300925 5.87368687
v 16.50873540 0.57470925 5.97588687
v 16.63373540 0.54790925 6.05248687
v 16.68643540 0.51520925 6.10218687
v 16.66933540 0.47970925 6.12318687
v 16.58533540 0.44420925 6.11428687
v 16.43703540 0.41150925 6.07368687
v 16.22733540 0.38470925 6.00008687
v 15.95883540 0.36640925 5.89178687
v 15.63433540 0.35970925 5.74748687
v 15.95633540 0.77840925 5.87058687
v 16.14943540 0.75440925 5.96978687
v 16.27523540 0.71920925 6.04388687
v 16.33543540 0.67630925 6.09158687
v 16.33163540 0.62970925 6.11138687
v 16.26543540 0.58310925 6.10218687
v 16.13863540 0.54020925 6.06248687
v 15.95273540 0.50500925 5.99098687
v 15.70943540 0.48100925 5.88648687
v 15.41033540 0.47220925 5.74748687
v 15.52873540 0.88960925 5.86678687
v 15.71313540 0.86230925 5.96248687
v 15.83983540 0.82190925 6.03348687
v 15.90913540 0.77300925 6.07868687
v 15.92143540 0.71970925 6.09708687
v 15.87703540 0.66640925 6.08748687
v 15.77613540 0.61750925 6.04878687
v 15.61923540 0.57710925 5.97998687
v 15.40653540 0.54980925 5.87988687
v 15.13833540 0.53970925 5.74748687
v 15.06343540 0.92670925 5.86268687
v 15.23833540 0.89820925 5.95448687
v 15.36603540 0.85620925 6.02208687
v 15.44533540 0.80520925 6.06478687
v 15.47513540 0.74970925 6.08148687
v 15.45433540 0.69420925 6.07148687
v 15.38173540 0.64320925 6.03398687
v 15.25633540 0.60120925 5.96798687
v 15.07693540 0.57270925 5.87278687
v 14.84233540 0.56220925 5.74748687
v 14.59803540 0.88960925 5.85848687
v 14.76353540 0.86230925 5.94648687
v 14.89223540 0.82190925 6.01078687
v 14.98153540 0.77300925 6.05078687
v 15.02883540 0.71970925 6.06588687
v 15.03163540 0.66640925 6.05548687
v 14.98733540 0.61750925 6.01908687
v 14.89343540 0.57710925 5.95598687
v 14.74723540 0.54980925 5.86568687
v 14.54633540 0.53970925 5.74748687
v 14.17043540 0.77840925 5.85478687
v 14.32723540 0.75440925 5.93918687
v 14.45683540 0.71920925 6.00028687
v 14.55523540 0.67630925 6.03788687
v 14.61873540 0.62970925 6.05148687
v 14.64323540 0.58310925 6.04078687
v 14.62493540 0.54020925 6.00538687
v 14.55993540 0.50500925 5.94498687
v 14.44443540 0.48100925 5.85908687
v 14.27433540 0.47220925 5.74748687
v 13.81833540 0.59300925 5.85158687
v 13.96793540 0.57470925 5.93308687
v 14.09823540 0.54790925 5.99168687
v 14.20423540 0.51520925 6.02728687
v 14.28093540 0.47970925 6.03968687
v 14.32333540 0.44420925 6.02868687
v 14.32643540 0.41150925 5.99418687
v 14.28533540 0.38470925 5.93588687
v 14.19493540 0.36640925 5.85378687
v 14.05033540 0.35970925 5.74748687
v 13.57933540 0.33340925 5.84948687
v 13.72413540 0.32320925 5.92898687
v 13.85493540 0.30800925 5.98588687
v 13.96613540 0.28970925 6.02008687
v 14.05173540 0.26970925 6.03168687
v 14.10633540 0.24970925 6.02048687
v 14.12393540 0.23140925 5.98658687
v 14.09903540 0.21620925 5.92978687
v 14.02573540 0.20600925 5.85008687
v 13.89833540 0.20220925 5.74748687
v 0.80283540 -0.16049075 9.45478687
v 0.81533540 -2.9075452e-4 9.45478687
v -0.15766460 -2.9075452e-4 9.49748687
v 1.36653540 -0.25459075 9.33548687
v 1.38633540 -2.9075452e-4 9.33548687
v 1.61043540 -0.29519075 9.15318687
v 1.63333540 -2.9075452e-4 9.15318687
v 1.61133540 -0.29539075 8.92148687
v 1.63433540 -2.9075452e-4 8.92148687
v 1.44653540 -0.26779075 8.65378687
v 1.46733540 -2.9075452e-4 8.65378687
v 1.19283540 -0.22549075 8.36348687
v 1.21033540 -2.9075452e-4 8.36348687
v 0.92723540 -0.18109075 8.06418687
v 0.94133540 -2.9075452e-4 8.06418687
v 0.72683540 -0.14749075 7.76948687
v 0.73833540 -2.9075452e-4 7.76948687
v 0.66853540 -0.13769075 7.49278687
v 0.67933540 -2.9075452e-4 7.49278687
v 0.82943540 -0.16439075 7.24748687
v 0.84233540 -2.9075452e-4 7.24748687
v 0.76663540 -0.31169075 9.45478687
v 1.30913540 -0.49439075 9.33548687
v 1.54373540 -0.57339075 9.15328687
v 1.54473540 -0.57369075 8.92148687
v 1.38603540 -0.52019075 8.65378687
v 1.14183540 -0.43789075 8.36348687
v 0.88633540 -0.35169075 8.06418687
v 0.69343540 -0.28649075 7.76948687
v 0.63733540 -0.26739075 7.49278687
v 0.79213540 -0.31929075 7.24748687
v 0.70863540 -0.45179075 9.45478687
v 1.21693540 -0.71679075 9.33548687
v 1.43683540 -0.83139075 9.15318687
v 1.43773540 -0.83179075 8.92148687
v 1.28903540 -0.75429075 8.65378687
v 1.06013540 -0.63489075 8.36348687
v 0.82063540 -0.50989075 8.06418687
v 0.63983540 -0.41549075 7.76948687
v 0.58713540 -0.38789075 7.49278687
v 0.73213540 -0.46329075 7.24748687
v 0.63043540 -0.57919075 9.45478687
v 1.09293540 -0.91899075 9.33548687
v 1.29303540 -1.06589075 9.15328687
v 1.29383540 -1.06649075 8.92148687
v 1.15853540 -0.96699075 8.65378687
v 0.95023540 -0.81399075 8.36348687
v 0.73223540 -0.65379075 8.06428687
v 0.56773540 -0.53289075 7.76948687
v 0.51973540 -0.49749075 7.49278687
v 0.65163540 -0.59419075 7.24748687
v 0.53403540 -0.69199075 9.45478687
v 0.94003540 -1.09799075 9.33548687
v 1.11563540 -1.27359075 9.15318687
v 1.11623540 -1.27419075 8.92148687
v 0.99753540 -1.15549075 8.65378687
v 0.81473540 -0.97269075 8.36348687
v 0.62333540 -0.78129075 8.06418687
v 0.47883540 -0.63679075 7.76948687
v 0.43673540 -0.59469075 7.49278687
v 0.55233540 -0.71029075 7.24748687
v 0.42123540 -0.78839075 9.45478687
v 0.76103540 -1.25089075 9.33548687
v 0.90793540 -1.45099075 9.15328687
v 0.90853540 -1.45179075 8.92148687
v 0.80903540 -1.31649075 8.65378687
v 0.65603540 -1.10819075 8.36348687
v 0.49583540 -0.89019075 8.06418687
v 0.37493540 -0.72569075 7.76948687
v 0.33953540 -0.67769075 7.49278687
v 0.43623540 -0.80959075 7.24748687
v 0.29383540 -0.86659075 9.45478687
v 0.55883540 -1.37489075 9.33548687
v 0.67343540 -1.59479075 9.15318687
v 0.67383540 -1.59569075 8.92148687
v 0.59633540 -1.44699075 8.65378687
v 0.47693540 -1.21809075 8.36348687
v 0.35193540 -0.97859075 8.06418687
v 0.25753540 -0.79779075 7.76948687
v 0.22993540 -0.74509075 7.49278687
v 0.30533540 -0.89009075 7.24748687
v 0.15373540 -0.92459075 9.45478687
v 0.33643540 -1.46709075 9.33548687
v 0.41543540 -1.70169075 9.15318687
v 0.41573540 -1.70269075 8.92148687
v 0.36223540 -1.54399075 8.65378687
v 0.27993540 -1.29979075 8.36348687
v 0.19373540 -1.04429075 8.06418687
v 0.12853540 -0.85139075 7.76948687
v 0.10943540 -0.79529075 7.49278687
v 0.16133540 -0.95009075 7.24748687
v 2.5353973e-3 -0.96079075 9.45478687
v 9.6635397e-2 -1.52449075 9.33548687
v 0.13723540 -1.76839075 9.15328687
v 0.13743540 -1.76929075 8.92148687
v 0.10983540 -1.60449075 8.65378687
v 6.7535397e-2 -1.35079075 8.36348687
v 2.3135397e-2 -1.08519075 8.06418687
v -1.0464603e-2 -0.88479075 7.76948687
v -2.0264603e-2 -0.82649075 7.49278687
v 6.4353973e-3 -0.98739075 7.24748687
v -0.15766460 -0.97329075 9.45478687
v -0.15766460 -1.54429075 9.33548687
v -0.15766460 -1.79129075 9.15328687
v -0.15766460 -1.79229075 8.92148687
v -0.15766460 -1.62529075 8.65378687
v -0.15766460 -1.36829075 8.36348687
v -0.15766460 -1.09929075 8.06418687
v -0.15766460 -0.89629075 7.76948687
v -0.15766460 -0.83729075 7.49268687
v -0.15766460 -1.00029075 7.24748687
v -0.31786460 -0.96079075 9.45478687
v -0.41196460 -1.52449075 9.33548687
v -0.45256460 -1.76839075 9.15318687
v -0.45276460 -1.76929075 8.92148687
v -0.42516460 -1.60449075 8.65378687
v -0.38286460 -1.35079075 8.36348687
v -0.33846460 -1.08519075 8.06418687
v -0.30486460 -0.88479075 7.76948687
v -0.29506460 -0.82649075 7.49278687
v -0.32176460 -0.98739075 7.24748687
v -0.46906460 -0.92459075 9.45478687
v -0.65176460 -1.46709075 9.33548687
v -0.73076460 -1.70169075 9.15328687
v -0.73106460 -1.70269075 8.92148687
v -0.67756460 -1.54399075 8.65378687
v -0.59526460 -1.29979075 8.36348687
v -0.50906460 -1.04429075 8.06418687
v -0.44386460 -0.85139075 7.76948687
v -0.42476460 -0.79529075 7.49278687
v -0.47666460 -0.95009075 7.24748687
v -0.60916460 -0.86659075 9.45478687
v -0.87416460 -1.37489075 9.33548687
v -0.98876460 -1.59479075 9.15318687
v -0.98916460 -1.59569075 8.92148687
v -0.91166460 -1.44699075 8.65378687
v -0.79226460 -1.21809075 8.36348687
v -0.66726460 -0.97859075 8.06418687
v -0.57286460 -0.79779075 7.76948687
v -0.54526460 -0.74509075 7.49278687
v -0.62066460 -0.89009075 7.24748687
v -0.73656460 -0.78839075 9.45478687
v -1.07636460 -1.25089075 9.33548687
v -1.22326460 -1.45099075 9.15328687
v -1.22386460 -1.45179075 8.92148687
v -1.12436460 -1.31649075 8.65378687
v -0.97136460 -1.10819075 8.36348687
v -0.81116460 -0.89019075 8.06428687
v -0.69026460 -0.72569075 7.76948687
v -0.65486460 -0.67769075 7.49278687
v -0.75156460 -0.80959075 7.24748687
v -0.84936460 -0.69199075 9.45478687
v -1.25536460 -1.09799075 9.33548687
v -1.43096460 -1.27359075 9.15318687
v -1.43156460 -1.27419075 8.92148687
v -1.31286460 -1.15549075 8.65378687
v -1.13006460 -0.97269075 8.36348687
v -0.93866460 -0.78129075 8.06418687
v -0.79416460 -0.63679075 7.76948687
v -0.75206460 -0.59469075 7.49278687
v -0.86766460 -0.71029075 7.24748687
v -0.94576460 -0.57919075 9.45478687
v -1.40826460 -0.91899075 9.33548687
v -1.60836460 -1.06589075 9.15328687
v -1.60916460 -1.06649075 8.92148687
v -1.47386460 -0.96699075 8.65378687
v -1.26556460 -0.81399075 8.36348687
v -1.04756460 -0.65379075 8.06418687
v -0.88306460 -0.53289075 7.76948687
v -0.83506460 -0.49749075 7.49278687
v -0.96696460 -0.59419075 7.24748687
v -1.02396460 -0.45179075 9.45478687
v -1.53226460 -0.71679075 9.33548687
v -1.75216460 -0.83139075 9.15318687
v -1.75306460 -0.83179075 8.92148687
v -1.60436460 -0.75429075 8.65378687
v -1.37546460 -0.63489075 8.36348687
v -1.13596460 -0.50989075 8.06418687
v -0.95516460 -0.41549075 7.76948687
v -0.90246460 -0.38789075 7.49278687
v -1.04746460 -0.46329075 7.24748687
v -1.08196460 -0.31169075 9.45478687
v -1.62446460 -0.49439075 9.33548687
v -1.85906460 -0.57339075 9.15318687
v -1.86006460 -0.57369075 8.92148687
v -1.70136460 -0.52019075 8.65378687
v -1.45716460 -0.43789075 8.36348687
v -1.20166460 -0.35169075 8.06418687
v -1.00876460 -0.28649075 7.76948687
v -0.95266460 -0.26739075 7.49278687
v -1.10746460 -0.31929075 7.24748687
v -1.11816460 -0.16049075 9.45478687
v -1.68186460 -0.25459075 9.33548687
v -1.92576460 -0.29519075 9.15328687
v -1.92666460 -0.29539075 8.92148687
v -1.76186460 -0.26779075 8.65378687
v -1.50816460 -0.22549075 8.36348687
v -1.24256460 -0.18109075 8.06418687
v -1.04216460 -0.14749075 7.76948687
v -0.98386460 -0.13769075 7.49278687
v -1.14476460 -0.16439075 7.24748687
v -1.13066460 -2.9075452e-4 9.45478687
v -1.70166460 -2.9075452e-4 9.33548687
v -1.94866460 -2.9075452e-4 9.15328687
v -1.94966460 -2.9075452e-4 8.92148687
v -1.78266460 -2.9075452e-4 8.65378687
v -1.52566460 -2.9075452e-4 8.36348687
v -1.25666460 -2.9075452e-4 8.06418687
v -1.05366460 -2.9075452e-4 7.76948687
v -0.99466460 -2.9075452e-4 7.49268687
v -1.15766460 -2.9075452e-4 7.24748687
v -1.11816460 0.15990925 9.45478687
v -1.68186460 0.25400925 9.33548687
v -1.92576460 0.29460925 9.15318687
v -1.92666460 0.29480925 8.92148687
v -1.76186460 0.26720925 8.65378687
v -1.50816460 0.22490925 8.36348687
v -1.24256460 0.18050925 8.06418687
v -1.04216460 0.14690925 7.76948687
v -0.98386460 0.13710925 7.49278687
v -1.14476460 0.16380925 7.24748687
v -1.08196460 0.31110925 9.45478687
v -1.62446460 0.49380925 9.33548687
v -1.85906460 0.57280925 9.15328687
v -1.86006460 0.57310925 8.92148687
v -1.70136460 0.51960925 8.65378687
v -1.45716460 0.43730925 8.36348687
v -1.20166460 0.35110925 8.06418687
v -1.00876460 0.28590925 7.76948687
v -0.95266460 0.26680925 7.49278687
v -1.10746460 0.31870925 7.24748687
v -1.02396460 0.45120925 9.45478687
v -1.53226460 0.71620925 9.33548687
v -1.75216460 0.83080925 9.15318687
v -1.75306460 0.83120925 8.92148687
v -1.60436460 0.75370925 8.65378687
v -1.37546460 0.63430925 8.36348687
v -1.13596460 0.50930925 8.06418687
v -0.95516460 0.41490925 7.76948687
v -0.90246460 0.38730925 7.49278687
v -1.04746460 0.46270925 7.24748687
v -0.94576460 0.57860925 9.45478687
v -1.40826460 0.91840925 9.33548687
v -1.60836460 1.06530925 9.15328687
v -1.60916460 1.06590925 8.92148687
v -1.47386460 0.96640925 8.65378687
v -1.26556460 0.81340925 8.36348687
v -1.04756460 0.65320925 8.06428687
v -0.88306460 0.53230925 7.76948687
v -0.83506460 0.49690925 7.49278687
v -0.96696460 0.59360925 7.24748687
v -0.84936460 0.69140925 9.45478687
v -1.25536460 1.09740925 9.33548687
v -1.43096460 1.27300925 9.15318687
v -1.43156460 1.27360925 8.92148687
v -1.31286460 1.15490925 8.65378687
v -1.13006460 0.97210925 8.36348687
v -0.93866460 0.78070925 8.06418687
v -0.79416460 0.63620925 7.76948687
v -0.75206460 0.59410925 7.49278687
v -0.86766460 0.70970925 7.24748687
v -0.73656460 0.78780925 9.45478687
v -1.07636460 1.25030925 9.33548687
v -1.22326460 1.45040925 9.15328687
v -1.22386460 1.45120925 8.92148687
v -1.12436460 1.31590925 8.65378687
v -0.97136460 1.10760925 8.36348687
v -0.81116460 0.88960925 8.06418687
v -0.69026460 0.72510925 7.76948687
v -0.65486460 0.67710925 7.49278687
v -0.75156460 0.80900925 7.24748687
v -0.60916460 0.86600925 9.45478687
v -0.87416460 1.37430925 9.33548687
v -0.98876460 1.59420925 9.15318687
v -0.98916460 1.59510925 8.92148687
v -0.91166460 1.44640925 8.65378687
v -0.79226460 1.21750925 8.36348687
v -0.66726460 0.97800925 8.06418687
v -0.57286460 0.79720925 7.76948687
v -0.54526460 0.74450925 7.49278687
v -0.62066460 0.88950925 7.24748687
v -0.46906460 0.92400925 9.45478687
v -0.65176460 1.46650925 9.33548687
v -0.73076460 1.70110925 9.15318687
v -0.73106460 1.70210925 8.92148687
v -0.67756460 1.54340925 8.65378687
v -0.59526460 1.29920925 8.36348687
v -0.50906460 1.04370925 8.06418687
v -0.44386460 0.85080925 7.76948687
v -0.42476460 0.79470925 7.49278687
v -0.47666460 0.94950925 7.24748687
v -0.31786460 0.96020925 9.45478687
v -0.41196460 1.52390925 9.33548687
v -0.45256460 1.76780925 9.15328687
v -0.45276460 1.76870925 8.92148687
v -0.42516460 1.60390925 8.65378687
v -0.38286460 1.35020925 8.36348687
v -0.33846460 1.08460925 8.06418687
v -0.30486460 0.88420925 7.76948687
v -0.29506460 0.82590925 7.49278687
v -0.32176460 0.98680925 7.24748687
v -0.15766460 0.97270925 9.45478687
v -0.15766460 1.54370925 9.33548687
v -0.15766460 1.79070925 9.15328687
v -0.15766460 1.79170925 8.92148687
v -0.15766460 1.62470925 8.65378687
v -0.15766460 1.36770925 8.36348687
v -0.15766460 1.09870925 8.06418687
v -0.15766460 0.89570925 7.76948687
v -0.15766460 0.83670925 7.49268687
v -0.15766460 0.99970925 7.24748687
v 2.5353973e-3 0.96020925 9.45478687
v 9.6635397e-2 1.52390925 9.33548687
v 0.13723540 1.76780925 9.15318687
v 0.13743540 1.76870925 8.92148687
v 0.10983540 1.60390925 8.65378687
v 6.7535397e-2 1.35020925 8.36348687
v 2.3135397e-2 1.08460925 8.06418687
v -1.0464603e-2 0.88420925 7.76948687
v -2.0264603e-2 0.82590925 7.49278687
v 6.4353973e-3 0.98680925 7.24748687
v 0.15373540 0.92400925 9.45478687
v 0.33643540 1.46650925 9.33548687
v 0.41543540 1.70110925 9.15328687
v 0.41573540 1.70210925 8.92148687
v 0.36223540 1.54340925 8.65378687
v 0.27993540 1.29920925 8.36348687
v 0.19373540 1.04370925 8.06418687
v 0.12853540 0.85080925 7.76948687
v 0.10943540 0.79470925 7.49278687
v 0.16133540 0.94950925 7.24748687
v 0.29383540 0.86600925 9.45478687
v 0.55883540 1.37430925 9.33548687
v 0.67343540 1.59420925 9.15318687
v 0.67383540 1.59510925 8.92148687
v 0.59633540 1.44640925 8.65378687
v 0.47693540 1.21750925 8.36348687
v 0.35193540 0.97800925 8.06418687
v 0.25753540 0.79720925 7.76948687
v 0.22993540 0.74450925 7.49278687
v 0.30533540 0.88950925 7.24748687
v 0.42123540 0.78780925 9.45478687
v 0.76103540 1.25030925 9.33548687
v 0.90793540 1.45040925 9.15328687
v 0.90853540 1.45120925 8.92148687
v 0.80903540 1.31590925 8.65378687
v 0.65603540 1.10760925 8.36348687
v 0.49583540 0.88960925 8.06428687
v 0.37493540 0.72510925 7.76948687
v 0.33953540 0.67710925 7.49278687
v 0.43623540 0.80900925 7.24748687
v 0.53403540 0.69140925 9.45478687
v 0.94003540 1.09740925 9.33548687
v 1.11563540 1.27300925 9.15318687
v 1.11623540 1.27360925 8.92148687
v 0.99753540 1.15490925 8.65378687
v 0.81473540 0.97210925 8.36348687
v 0.62333540 0.78070925 8.06418687
v 0.47883540 0.63620925 7.76948687
v 0.43673540 0.59410925 7.49278687
v 0.55233540 0.70970925 7.24748687
v 0.63043540 0.57860925 9.45478687
v 1.09293540 0.91840925 9.33548687
v 1.29303540 1.06530925 9.15328687
v 1.29383540 1.06590925 8.92148687
v 1.15853540 0.96640925 8.65378687
v 0.95023540 0.81340925 8.36348687
v 0.73223540 0.65320925 8.06418687
v 0.56773540 0.53230925 7.76948687
v 0.51973540 0.49690925 7.49278687
v 0.65163540 0.59360925 7.24748687
v 0.70863540 0.45120925 9.45478687
v 1.21693540 0.71620925 9.33548687
v 1.43683540 0.83080925 9.15318687
v 1.43773540 0.83120925 8.92148687
v 1.28903540 0.75370925 8.65378687
v 1.06013540 0.63430925 8.36348687
v 0.82063540 0.50930925 8.06418687
v 0.63983540 0.41490925 7.76948687
v 0.58713540 0.38730925 7.49278687
v 0.73213540 0.46270925 7.24748687
v 0.76663540 0.31110925 9.45478687
v 1.30913540 0.49380925 9.33548687
v 1.54373540 0.57280925 9.15318687
v 1.54473540 0.57310925 8.92148687
v 1.38603540 0.51960925 8.65378687
v 1.14183540 0.43730925 8.36348687
v 0.88633540 0.35110925 8.06418687
v 0.69343540 0.28590925 7.76948687
v 0.63733540 0.26680925 7.49278687
v 0.79213540 0.31870925 7.24748687
v 0.80283540 0.15990925 9.45478687
v 1.36653540 0.25400925 9.33548687
v 1.61043540 0.29460925 9.15328687
v 1.61133540 0.29480925 8.92148687
v 1.44653540 0.26720925 8.65378687
v 1.19283540 0.22490925 8.36348687
v 0.92723540 0.18050925 8.06418687
v 0.72683540 0.14690925 7.76948687
v 0.66853540 0.13710925 7.49278687
v 0.82943540 0.16380925 7.24748687
v 1.22133540 -0.22949075 7.04348687
v 1.23933540 -2.9075452e-4 7.04348687
v 1.77313540 -0.32119075 6.87548687
v 1.79833540 -2.9075452e-4 6.87548687
v 2.43743540 -0.43169075 6.73448687
v 2.47133540 -2.9075452e-4 6.73448687
v 3.16693540 -0.55289075 6.61148687
v 3.21033540 -2.9075452e-4 6.61148687
v 3.91423540 -0.67709075 6.49748687
v 3.96733540 -2.9075452e-4 6.49748687
v 4.63183540 -0.79639075 6.38348687
v 4.69433540 -2.9075452e-4 6.38348687
v 5.27243540 -0.90289075 6.26048687
v 5.34333540 -2.9075452e-4 6.26048687
v 5.78873540 -0.98869075 6.11948687
v 5.86633540 -2.9075452e-4 6.11948687
v 6.13323540 -1.04599075 5.95148687
v 6.21533540 -2.9075452e-4 5.95148687
v 6.25863540 -1.06679075 5.74748687
v 6.34233540 -2.9075452e-4 5.74748687
v 1.16913540 -0.44599075 7.04348687
v 1.70003540 -0.62429075 6.87548687
v 2.33923540 -0.83909075 6.73448687
v 3.04113540 -1.07479075 6.61148687
v 3.76013540 -1.31629075 6.49748687
v 4.45053540 -1.54829075 6.38348687
v 5.06693540 -1.75529075 6.26048687
v 5.56373540 -1.92219075 6.11948687
v 5.89513540 -2.03349075 5.95148687
v 6.01573540 -2.07409075 5.74748687
v 1.08543540 -0.64709075 7.04348687
v 1.58283540 -0.90579075 6.87548687
v 2.18173540 -1.21739075 6.73448687
v 2.83933540 -1.55949075 6.61148687
v 3.51293540 -1.90999075 6.49748687
v 4.15983540 -2.24659075 6.38348687
v 4.73733540 -2.54699075 6.26048687
v 5.20273540 -2.78919075 6.11948687
v 5.51333540 -2.95069075 5.95148687
v 5.62633540 -3.00949075 5.74748687
v 0.97293540 -0.82999075 7.04348687
v 1.42533540 -1.16199075 6.87548687
v 1.96993540 -1.56169075 6.73448687
v 2.56803540 -2.00059075 6.61148687
v 3.18063540 -2.45019075 6.49748687
v 3.76893540 -2.88199075 6.38348687
v 4.29413540 -3.26749075 6.26048687
v 4.71743540 -3.57809075 6.11948687
v 4.99983540 -3.78539075 5.95148687
v 5.10263540 -3.86079075 5.74748687
v 0.83423540 -0.99219075 7.04348687
v 1.23113540 -1.38909075 6.87548687
v 1.70893540 -1.86689075 6.73448687
v 2.23363540 -2.39159075 6.61148687
v 2.77113540 -2.92909075 6.49748687
v 3.28723540 -3.44519075 6.38348687
v 3.74803540 -3.90599075 6.26048687
v 4.11933540 -4.27729075 6.11948687
v 4.36713540 -4.52509075 5.95148687
v 4.45733540 -4.61529075 5.74748687
v 0.67203540 -1.13089075 7.04348687
v 1.00403540 -1.58329075 6.87548687
v 1.40373540 -2.12789075 6.73448687
v 1.84263540 -2.72599075 6.61148687
v 2.29223540 -3.33859075 6.49748687
v 2.72403540 -3.92689075 6.38348687
v 3.10953540 -4.45209075 6.26048687
v 3.42013540 -4.87539075 6.11948687
v 3.62743540 -5.15779075 5.95148687
v 3.70283540 -5.26059075 5.74748687
v 0.48913540 -1.24339075 7.04348687
v 0.74783540 -1.74079075 6.87548687
v 1.05943540 -2.33969075 6.73448687
v 1.40153540 -2.99729075 6.61148687
v 1.75203540 -3.67089075 6.49748687
v 2.08863540 -4.31779075 6.38348687
v 2.38903540 -4.89529075 6.26048687
v 2.63123540 -5.36069075 6.11948687
v 2.79273540 -5.67129075 5.95148687
v 2.85153540 -5.78429075 5.74748687
v 0.28803540 -1.32709075 7.04348687
v 0.46633540 -1.85799075 6.87548687
v 0.68113540 -2.49719075 6.73448687
v 0.91683540 -3.19909075 6.61148687
v 1.15833540 -3.91809075 6.49748687
v 1.39033540 -4.60849075 6.38348687
v 1.59733540 -5.22489075 6.26048687
v 1.76423540 -5.72169075 6.11948687
v 1.87553540 -6.05309075 5.95148687
v 1.91613540 -6.17369075 5.74748687
v 7.1535397e-2 -1.37929075 7.04348687
v 0.16323540 -1.93109075 6.87548687
v 0.27373540 -2.59539075 6.73448687
v 0.39493540 -3.32489075 6.61148687
v 0.51913540 -4.07219075 6.49748687
v 0.63843540 -4.78979075 6.38348687
v 0.74493540 -5.43039075 6.26048687
v 0.83073540 -5.94669075 6.11948687
v 0.88803540 -6.29119075 5.95148687
v 0.90883540 -6.41659075 5.74748687
v -0.15766460 -1.39729075 7.04348687
v -0.15766460 -1.95629075 6.87548687
v -0.15766460 -2.62929075 6.73448687
v -0.15766460 -3.36829075 6.61148687
v -0.15766460 -4.12529075 6.49748687
v -0.15766460 -4.85229075 6.38348687
v -0.15766460 -5.50129075 6.26048687
v -0.15766460 -6.02429075 6.11948687
v -0.15766460 -6.37329075 5.95148687
v -0.15766460 -6.50029075 5.74748687
v -0.38686460 -1.37929075 7.04348687
v -0.47856460 -1.93109075 6.87548687
v -0.58906460 -2.59539075 6.73448687
v -0.71026460 -3.32489075 6.61148687
v -0.83446460 -4.07219075 6.49748687
v -0.95376460 -4.78979075 6.38348687
v -1.06026460 -5.43039075 6.26048687
v -1.14606460 -5.94669075 6.11948687
v -1.20336460 -6.29119075 5.95148687
v -1.22416460 -6.41659075 5.74748687
v -0.60336460 -1.32709075 7.04348687
v -0.78166460 -1.85799075 6.87548687
v -0.99646460 -2.49719075 6.73448687
v -1.23216460 -3.19909075 6.61148687
v -1.47366460 -3.91809075 6.49748687
v -1.70566460 -4.60849075 6.38348687
v -1.91266460 -5.22489075 6.26048687
v -2.07956460 -5.72169075 6.11948687
v -2.19086460 -6.05309075 5.95148687
v -2.23146460 -6.17369075 5.74748687
v -0.80446460 -1.24339075 7.04348687
v -1.06316460 -1.74079075 6.87548687
v -1.37476460 -2.33969075 6.73448687
v -1.71686460 -2.99729075 6.61148687
v -2.06736460 -3.67089075 6.49748687
v -2.40396460 -4.31779075 6.38348687
v -2.70436460 -4.89529075 6.26048687
v -2.94656460 -5.36069075 6.11948687
v -3.10806460 -5.67129075 5.95148687
v -3.16686460 -5.78429075 5.74748687
v -0.98736460 -1.13089075 7.04348687
v -1.31936460 -1.58329075 6.87548687
v -1.71906460 -2.12789075 6.73448687
v -2.15796460 -2.72599075 6.61148687
v -2.60756460 -3.33859075 6.49748687
v -3.03936460 -3.92689075 6.38348687
v -3.42486460 -4.45209075 6.26048687
v -3.73546460 -4.87539075 6.11948687
v -3.94276460 -5.15779075 5.95148687
v -4.01816460 -5.26059075 5.74748687
v -1.14956460 -0.99219075 7.04348687
v -1.54646460 -1.38909075 6.87548687
v -2.02426460 -1.86689075 6.73448687
v -2.54896460 -2.39159075 6.61148687
v -3.08646460 -2.92909075 6.49748687
v -3.60256460 -3.44519075 6.38348687
v -4.06336460 -3.90599075 6.26048687
v -4.43466460 -4.27729075 6.11948687
v -4.68246460 -4.52509075 5.95148687
v -4.77266460 -4.61529075 5.74748687
v -1.28826460 -0.82999075 7.04348687
v -1.74066460 -1.16199075 6.87548687
v -2.28526460 -1.56169075 6.73448687
v -2.88336460 -2.00059075 6.61148687
v -3.49596460 -2.45019075 6.49748687
v -4.08426460 -2.88199075 6.38348687
v -4.60946460 -3.26749075 6.26048687
v -5.03276460 -3.57809075 6.11948687
v -5.31516460 -3.78539075 5.95148687
v -5.41796460 -3.86079075 5.74748687
v -1.40076460 -0.64709075 7.04348687
v -1.89816460 -0.90579075 6.87548687
v -2.49706460 -1.21739075 6.73448687
v -3.15466460 -1.55949075 6.61148687
v -3.82826460 -1.90999075 6.49748687
v -4.47516460 -2.24659075 6.38348687
v -5.05266460 -2.54699075 6.26048687
v -5.51806460 -2.78919075 6.11948687
v -5.82866460 -2.95069075 5.95148687
v -5.94166460 -3.00949075 5.74748687
v -1.48446460 -0.44599075 7.04348687
v -2.01536460 -0.62429075 6.87548687
v -2.65456460 -0.83909075 6.73448687
v -3.35646460 -1.07479075 6.61148687
v -4.07546460 -1.31629075 6.49748687
v -4.76586460 -1.54829075 6.38348687
v -5.38226460 -1.75529075 6.26048687
v -5.87906460 -1.92219075 6.11948687
v -6.21046460 -2.03349075 5.95148687
v -6.33106460 -2.07409075 5.74748687
v -1.53666460 -0.22949075 7.04348687
v -2.08846460 -0.32119075 6.87548687
v -2.75276460 -0.43169075 6.73448687
v -3.48226460 -0.55289075 6.61148687
v -4.22956460 -0.67709075 6.49748687
v -4.94716460 -0.79639075 6.38348687
v -5.58776460 -0.90289075 6.26048687
v -6.10406460 -0.98869075 6.11948687
v -6.44856460 -1.04599075 5.95148687
v -6.57396460 -1.06679075 5.74748687
v -1.55466460 -2.9075452e-4 7.04348687
v -2.11366460 -2.9075452e-4 6.87548687
v -2.78666460 -2.9075452e-4 6.73448687
v -3.52566460 -2.9075452e-4 6.61148687
v -4.28266460 -2.9075452e-4 6.49748687
v -5.00966460 -2.9075452e-4 6.38348687
v -5.65866460 -2.9075452e-4 6.26048687
v -6.18166460 -2.9075452e-4 6.11948687
v -6.53066460 -2.9075452e-4 5.95148687
v -6.65766460 -2.9075452e-4 5.74748687
v -1.53666460 0.22890925 7.04348687
v -2.08846460 0.32060925 6.87548687
v -2.75276460 0.43110925 6.73448687
v -3.48226460 0.55230925 6.61148687
v -4.22956460 0.67650925 6.49748687
v -4.94716460 0.79580925 6.38348687
v -5.58776460 0.90230925 6.26048687
v -6.10406460 0.98810925 6.11948687
v -6.44856460 1.04540925 5.95148687
v -6.57396460 1.06620925 5.74748687
v -1.48446460 0.44540925 7.04348687
v -2.01536460 0.62370925 6.87548687
v -2.65456460 0.83850925 6.73448687
v -3.35646460 1.07420925 6.61148687
v -4.07546460 1.31570925 6.49748687
v -4.76586460 1.54770925 6.38348687
v -5.38226460 1.75470925 6.26048687
v -5.87906460 1.92160925 6.11948687
v -6.21046460 2.03290925 5.95148687
v -6.33106460 2.07350925 5.74748687
v -1.40076460 0.64650925 7.04348687
v -1.89816460 0.90520925 6.87548687
v -2.49706460 1.21680925 6.73448687
v -3.15466460 1.55890925 6.61148687
v -3.82826460 1.90940925 6.49748687
v -4.47516460 2.24600925 6.38348687
v -5.05266460 2.54640925 6.26048687
v -5.51806460 2.78860925 6.11948687
v -5.82866460 2.95010925 5.95148687
v -5.94166460 3.00890925 5.74748687
v -1.28826460 0.82940925 7.04348687
v -1.74066460 1.16140925 6.87548687
v -2.28526460 1.56110925 6.73448687
v -2.88336460 2.00000925 6.61148687
v -3.49596460 2.44960925 6.49748687
v -4.08426460 2.88140925 6.38348687
v -4.60946460 3.26690925 6.26048687
v -5.03276460 3.57750925 6.11948687
v -5.31516460 3.78480925 5.95148687
v -5.41796460 3.86020925 5.74748687
v -1.14956460 0.99160925 7.04348687
v -1.54646460 1.38850925 6.87548687
v -2.02426460 1.86630925 6.73448687
v -2.54896460 2.39100925 6.61148687
v -3.08646460 2.92850925 6.49748687
v -3.60256460 3.44460925 6.38348687
v -4.06336460 3.90540925 6.26048687
v -4.43466460 4.27670925 6.11948687
v -4.68246460 4.52450925 5.95148687
v -4.77266460 4.61470925 5.74748687
v -0.98736460 1.13030925 7.04348687
v -1.31936460 1.58270925 6.87548687
v -1.71906460 2.12730925 6.73448687
v -2.15796460 2.72540925 6.61148687
v -2.60756460 3.33800925 6.49748687
v -3.03936460 3.92630925 6.38348687
v -3.42486460 4.45150925 6.26048687
v -3.73546460 4.87480925 6.11948687
v -3.94276460 5.15720925 5.95148687
v -4.01816460 5.26000925 5.74748687
v -0.80446460 1.24280925 7.04348687
v -1.06316460 1.74020925 6.87548687
v -1.37476460 2.33910925 6.73448687
v -1.71686460 2.99670925 6.61148687
v -2.06736460 3.67030925 6.49748687
v -2.40396460 4.31720925 6.38348687
v -2.70436460 4.89470925 6.26048687
v -2.94656460 5.36010925 6.11948687
v -3.10806460 5.67070925 5.95148687
v -3.16686460 5.78370925 5.74748687
v -0.60336460 1.32650925 7.04348687
v -0.78166460 1.85740925 6.87548687
v -0.99646460 2.49660925 6.73448687
v -1.23216460 3.19850925 6.61148687
v -1.47366460 3.91750925 6.49748687
v -1.70566460 4.60790925 6.38348687
v -1.91266460 5.22430925 6.26048687
v -2.07956460 5.72110925 6.11948687
v -2.19086460 6.05250925 5.95148687
v -2.23146460 6.17310925 5.74748687
v -0.38686460 1.37870925 7.04348687
v -0.47856460 1.93050925 6.87548687
v -0.58906460 2.59480925 6.73448687
v -0.71026460 3.32430925 6.61148687
v -0.83446460 4.07160925 6.49748687
v -0.95376460 4.78920925 6.38348687
v -1.06026460 5.42980925 6.26048687
v -1.14606460 5.94610925 6.11948687
v -1.20336460 6.29060925 5.95148687
v -1.22416460 6.41600925 5.74748687
v -0.15766460 1.39670925 7.04348687
v -0.15766460 1.95570925 6.87548687
v -0.15766460 2.62870925 6.73448687
v -0.15766460 3.36770925 6.61148687
v -0.15766460 4.12470925 6.49748687
v -0.15766460 4.85170925 6.38348687
v -0.15766460 5.50070925 6.26048687
v -0.15766460 6.02370925 6.11948687
v -0.15766460 6.37270925 5.95148687
v -0.15766460 6.49970925 5.74748687
v 7.1535397e-2 1.37870925 7.04348687
v 0.16323540 1.93050925 6.87548687
v 0.27373540 2.59480925 6.73448687
v 0.39493540 3.32430925 6.61148687
v 0.51913540 4.07160925 6.49748687
v 0.63843540 4.78920925 6.38348687
v 0.74493540 5.42980925 6.26048687
v 0.83073540 5.94610925 6.11948687
v 0.88803540 6.29060925 5.95148687
v 0.90883540 6.41600925 5.74748687
v 0.28803540 1.32650925 7.04348687
v 0.46633540 1.85740925 6.87548687
v 0.68113540 2.49660925 6.73448687
v 0.91683540 3.19850925 6.61148687
v 1.15833540 3.91750925 6.49748687
v 1.39033540 4.60790925 6.38348687
v 1.59733540 5.22430925 6.26048687
v 1.76423540 5.72110925 6.11948687
v 1.87553540 6.05250925 5.95148687
v 1.91613540 6.17310925 5.74748687
v 0.48913540 1.24280925 7.04348687
v 0.74783540 1.74020925 6.87548687
v 1.05943540 2.33910925 6.73448687
v 1.40153540 2.99670925 6.61148687
v 1.75203540 3.67030925 6.49748687
v 2.08863540 4.31720925 6.38348687
v 2.38903540 4.89470925 6.26048687
v 2.63123540 5.36010925 6.11948687
v 2.79273540 5.67070925 5.95148687
v 2.85153540 5.78370925 5.74748687
v 0.67203540 1.13030925 7.04348687
v 1.00403540 1.58270925 6.87548687
v 1.40373540 2.12730925 6.73448687
v 1.84263540 2.72540925 6.61148687
v 2.29223540 3.33800925 6.49748687
v 2.72403540 3.92630925 6.38348687
v 3.10953540 4.45150925 6.26048687
v 3.42013540 4.87480925 6.11948687
v 3.62743540 5.15720925 5.95148687
v 3.70283540 5.26000925 5.74748687
v 0.83423540 0.99160925 7.04348687
v 1.23113540 1.38850925 6.87548687
v 1.70893540 1.86630925 6.73448687
v 2.23363540 2.39100925 6.61148687
v 2.77113540 2.92850925 6.49748687
v 3.28723540 3.44460925 6.38348687
v 3.74803540 3.90540925 6.26048687
v 4.11933540 4.27670925 6.11948687
v 4.36713540 4.52450925 5.95148687
v 4.45733540 4.61470925 5.74748687
v 0.97293540 0.82940925 7.04348687
v 1.42533540 1.16140925 6.87548687
v 1.96993540 1.56110925 6.73448687
v 2.56803540 2.00000925 6.61148687
v 3.18063540 2.44960925 6.49748687
v 3.76893540 2.88140925 6.38348687
v 4.29413540 3.26690925 6.26048687
v 4.71743540 3.57750925 6.11948687
v 4.99983540 3.78480925 5.95148687
v 5.10263540 3.86020925 5.74748687
v 1.08543540 0.64650925 7.04348687
v 1.58283540 0.90520925 6.87548687
v 2.18173540 1.21680925 6.73448687
v 2.83933540 1.55890925 6.61148687
v 3.51293540 1.90940925 6.49748687
v 4.15983540 2.24600925 6.38348687
v 4.73733540 2.54640925 6.26048687
v 5.20273540 2.78860925 6.11948687
v 5.51333540 2.95010925 5.95148687
v 5.62633540 3.00890925 5.74748687
v 1.16913540 0.44540925 7.04348687
v 1.70003540 0.62370925 6.87548687
v 2.33923540 0.83850925 6.73448687
v 3.04113540 1.07420925 6.61148687
v 3.76013540 1.31570925 6.49748687
v 4.45053540 1.54770925 6.38348687
v 5.06693540 1.75470925 6.26048687
v 5.56373540 1.92160925 6.11948687
v 5.89513540 2.03290925 5.95148687
v 6.01573540 2.07350925 5.74748687
v 1.22133540 0.22890925 7.04348687
v 1.77313540 0.32060925 6.87548687
v 2.43743540 0.43110925 6.73448687
v 3.16693540 0.55230925 6.61148687
v 3.91423540 0.67650925 6.49748687
v 4.63183540 0.79580925 6.38348687
v 5.27243540 0.90230925 6.26048687
v 5.78873540 0.98810925 6.11948687
v 6.13323540 1.04540925 5.95148687
v 6.25863540 1.06620925 5.74748687
v -10.15766460 -2.9075452e-4 -1.75251313
vt -0.0000000e+0 -0.0000000e+0
vt -0.0000000e+0 4.0000000e-2
vt -0.0000000e+0 5.0000000e-2
vt -0.0000000e+0 8.0000000e-2
vt 0.0000000e+0 9.0000000e-2
vt -0.0000000e+0 0.10000000
vt -0.0000000e+0 0.12000000
vt -0.0000000e+0 0.15000000
vt -0.0000000e+0 0.16000000
vt 0.0000000e+0 0.18000000
vt -0.0000000e+0 0.20000000
vt -0.0000000e+0 0.24000000
vt -0.0000000e+0 0.25000000
vt 0.0000000e+0 0.27000000
vt -0.0000000e+0 0.28000000
vt -0.0000000e+0 0.30000000
vt -0.0000000e+0 0.32000000
vt -0.0000000e+0 0.35000000
vt 0.0000000e+0 0.36000000
vt -0.0000000e+0 0.40000000
vt 0.0000000e+0 0.45000000
vt -0.0000000e+0 0.46000000
vt -0.0000000e+0 0.50000000
vt -0.0000000e+0 0.52000000
vt 0.0000000e+0 0.54000000
vt -0.0000000e+0 0.55000000
vt -0.0000000e+0 0.58000000
vt -0.0000000e+0 0.60000000
vt 0.0000000e+0 0.63000000
vt -0.0000000e+0 0.64000000
vt -0.0000000e+0 0.65000000
vt -0.0000000e+0 0.70000000
vt 0.0000000e+0 0.72000000
vt -0.0000000e+0 0.75000000
vt -0.0000000e+0 0.76000000
vt -0.0000000e+0 0.80000000
vt 0.0000000e+0 0.81000000
vt -0.0000000e+0 0.82000000
vt -0.0000000e+0 0.85000000
vt -0.0000000e+0 0.88000000
vt -0.0000000e+0 0.90000000
vt 0.0000000e+0 0.91000000
vt 0.0000000e+0 0.92000000
vt 0.0000000e+0 0.93000000
vt 0.0000000e+0 0.94000000
vt 0.0000000e+0 0.95000000
vt 0.0000000e+0 0.96000000
vt 0.0000000e+0 0.97000000
vt 0.0000000e+0 0.98000000
vt 0.0000000e+0 0.99000000
vt 0.0000000e+0 1.00000000
vt -0.0000000e+0 1.09000000
vt -0.0000000e+0 1.18000000
vt -0.0000000e+0 1.27000000
vt -0.0000000e+0 1.36000000
vt -0.0000000e+0 1.45000000
vt -0.0000000e+0 1.54000000
vt -0.0000000e+0 1.63000000
vt -0.0000000e+0 1.72000000
vt -0.0000000e+0 1.81000000
vt -0.0000000e+0 1.90000000
vt -0.0000000e+0 1.91000000
vt -0.0000000e+0 1.92000000
vt -0.0000000e+0 1.93000000
vt -0.0000000e+0 1.94000000
vt -0.0000000e+0 1.95000000
vt -0.0000000e+0 1.96000000
vt -0.0000000e+0 1.97000000
vt -0.0000000e+0 1.98000000
vt -0.0000000e+0 1.99000000
vt -0.0000000e+0 2.00000000
vt 5.0000000e-2 -0.0000000e+0
vt 5.0000000e-2 5.0000000e-2
vt 5.0000000e-2 9.0000000e-2
vt 5.0000000e-2 0.10000000
vt 5.0000000e-2 0.15000000
vt 5.0000000e-2 0.18000000
vt 5.0000000e-2 0.20000000
vt 5.0000000e-2 0.25000000
vt 5.0000000e-2 0.27000000
vt 5.0000000e-2 0.30000000
vt 5.0000000e-2 0.35000000
vt 5.0000000e-2 0.36000000
vt 5.0000000e-2 0.40000000
vt 5.0000000e-2 0.45000000
vt 5.0000000e-2 0.50000000
vt 5.0000000e-2 0.54000000
vt 5.0000000e-2 0.55000000
vt 5.0000000e-2 0.60000000
vt 5.0000000e-2 0.63000000
vt 5.0000000e-2 0.65000000
vt 5.0000000e-2 0.70000000
vt 5.0000000e-2 0.72000000
vt 5.0000000e-2 0.75000000
vt 5.0000000e-2 0.80000000
vt 5.0000000e-2 0.81000000
vt 5.0000000e-2 0.85000000
vt 5.0000000e-2 0.90000000
vt 5.0000000e-2 0.91000000
vt 5.0000000e-2 0.92000000
vt 5.0000000e-2 0.93000000
vt 5.0000000e-2 0.94000000
vt 5.0000000e-2 0.95000000
vt 5.0000000e-2 0.96000000
vt 5.0000000e-2 0.97000000
vt 5.0000000e-2 0.98000000
vt 5.0000000e-2 0.99000000
vt 5.0000000e-2 1.00000000
vt 0.10000000 -0.0000000e+0
vt 0.10000000 4.0000000e-2
vt 0.10000000 5.0000000e-2
vt 0.10000000 8.0000000e-2
vt 0.10000000 9.0000000e-2
vt 0.10000000 0.10000000
vt 0.10000000 0.12000000
vt 0.10000000 0.15000000
vt 0.10000000 0.16000000
vt 0.10000000 0.18000000
vt 0.10000000 0.20000000
vt 0.10000000 0.24000000
vt 0.10000000 0.25000000
vt 0.10000000 0.27000000
vt 0.10000000 0.28000000
vt 0.10000000 0.30000000
vt 0.10000000 0.32000000
vt 0.10000000 0.35000000
vt 0.10000000 0.36000000
vt 0.10000000 0.40000000
vt 0.10000000 0.45000000
vt 0.10000000 0.46000000
vt 0.10000000 0.50000000
vt 0.10000000 0.52000000
vt 0.10000000 0.54000000
vt 0.10000000 0.55000000
vt 0.10000000 0.58000000
vt 0.10000000 0.60000000
vt 0.10000000 0.63000000
vt 0.10000000 0.64000000
vt 0.10000000 0.65000000
vt 0.10000000 0.70000000
vt 0.10000000 0.72000000
vt 0.10000000 0.75000000
vt 0.10000000 0.76000000
vt 0.10000000 0.80000000
vt 0.10000000 0.81000000
vt 0.10000000 0.82000000
vt 0.10000000 0.85000000
vt 0.10000000 0.88000000
vt 0.10000000 0.90000000
vt 0.10000000 0.91000000
vt 0.10000000 0.92000000
vt 0.10000000 0.93000000
vt 0.10000000 0.94000000
vt 0.10000000 0.95000000
vt 0.10000000 0.96000000
vt 0.10000000 0.97000000
vt 0.10000000 0.98000000
vt 0.10000000 0.99000000
vt 0.10000000 1.00000000
vt 0.10000000 1.09000000
vt 0.10000000 1.18000000
vt 0.10000000 1.27000000
vt 0.10000000 1.36000000
vt 0.10000000 1.45000000
vt 0.10000000 1.54000000
vt 0.10000000 1.63000000
vt 0.10000000 1.72000000
vt 0.10000000 1.81000000
vt 0.10000000 1.90000000
vt 0.10000000 1.91000000
vt 0.10000000 1.92000000
vt 0.10000000 1.93000000
vt 0.10000000 1.94000000
vt 0.10000000 1.95000000
vt 0.10000000 1.96000000
vt 0.10000000 1.97000000
vt 0.10000000 1.98000000
vt 0.10000000 1.99000000
vt 0.10000000 2.00000000
vt 0.15000000 -0.0000000e+0
vt 0.15000000 5.0000000e-2
vt 0.15000000 9.0000000e-2
vt 0.15000000 0.10000000
vt 0.15000000 0.15000000
vt 0.15000000 0.18000000
vt 0.15000000 0.20000000
vt 0.15000000 0.25000000
vt 0.15000000 0.27000000
vt 0.15000000 0.30000000
vt 0.15000000 0.35000000
vt 0.15000000 0.36000000
vt 0.15000000 0.40000000
vt 0.15000000 0.45000000
vt 0.15000000 0.50000000
vt 0.15000000 0.54000000
vt 0.15000000 0.55000000
vt 0.15000000 0.60000000
vt 0.15000000 0.63000000
vt 0.15000000 0.65000000
vt 0.15000000 0.70000000
vt 0.15000000 0.72000000
vt 0.15000000 0.75000000
vt 0.15000000 0.80000000
vt 0.15000000 0.81000000
vt 0.15000000 0.85000000
vt 0.15000000 0.90000000
vt 0.15000000 0.91000000
vt 0.15000000 0.92000000
vt 0.15000000 0.93000000
vt 0.15000000 0.94000000
vt 0.15000000 0.95000000
vt 0.15000000 0.96000000
vt 0.15000000 0.97000000
vt 0.15000000 0.98000000
vt 0.15000000 0.99000000
vt 0.15000000 1.00000000
vt 0.20000000 -0.0000000e+0
vt 0.20000000 4.0000000e-2
vt 0.20000000 5.0000000e-2
vt 0.20000000 8.0000000e-2
vt 0.20000000 9.0000000e-2
vt 0.20000000 0.10000000
vt 0.20000000 0.12000000
vt 0.20000000 0.15000000
vt 0.20000000 0.16000000
vt 0.20000000 0.18000000
vt 0.20000000 0.20000000
vt 0.20000000 0.24000000
vt 0.20000000 0.25000000
vt 0.20000000 0.27000000
vt 0.20000000 0.28000000
vt 0.20000000 0.30000000
vt 0.20000000 0.32000000
vt 0.20000000 0.35000000
vt 0.20000000 0.36000000
vt 0.20000000 0.40000000
vt 0.20000000 0.45000000
vt 0.20000000 0.46000000
vt 0.20000000 0.50000000
vt 0.20000000 0.52000000
vt 0.20000000 0.54000000
vt 0.20000000 0.55000000
vt 0.20000000 0.58000000
vt 0.20000000 0.60000000
vt 0.20000000 0.63000000
vt 0.20000000 0.64000000
vt 0.20000000 0.65000000
vt 0.20000000 0.70000000
vt 0.20000000 0.72000000
vt 0.20000000 0.75000000
vt 0.20000000 0.76000000
vt 0.20000000 0.80000000
vt 0.20000000 0.81000000
vt 0.20000000 0.82000000
vt 0.20000000 0.85000000
vt 0.20000000 0.88000000
vt 0.20000000 0.90000000
vt 0.20000000 0.91000000
vt 0.20000000 0.92000000
vt 0.20000000 0.93000000
vt 0.20000000 0.94000000
vt 0.20000000 0.95000000
vt 0.20000000 0.96000000
vt 0.20000000 0.97000000
vt 0.20000000 0.98000000
vt 0.20000000 0.99000000
vt 0.20000000 1.00000000
vt 0.20000000 1.09000000
vt 0.20000000 1.18000000
vt 0.20000000 1.27000000
vt 0.20000000 1.36000000
vt 0.20000000 1.45000000
vt 0.20000000 1.54000000
vt 0.20000000 1.63000000
vt 0.20000000 1.72000000
vt 0.20000000 1.81000000
vt 0.20000000 1.90000000
vt 0.20000000 1.91000000
vt 0.20000000 1.92000000
vt 0.20000000 1.93000000
vt 0.20000000 1.94000000
vt 0.20000000 1.95000000
vt 0.20000000 1.96000000
vt 0.20000000 1.97000000
vt 0.20000000 1.98000000
vt 0.20000000 1.99000000
vt 0.20000000 2.00000000
vt 0.25000000 -0.0000000e+0
vt 0.25000000 5.0000000e-2
vt 0.25000000 9.0000000e-2
vt 0.25000000 0.10000000
vt 0.25000000 0.15000000
vt 0.25000000 0.18000000
vt 0.25000000 0.20000000
vt 0.25000000 0.25000000
vt 0.25000000 0.27000000
vt 0.25000000 0.30000000
vt 0.25000000 0.35000000
vt 0.25000000 0.36000000
vt 0.25000000 0.40000000
vt 0.25000000 0.45000000
vt 0.25000000 0.50000000
vt 0.25000000 0.54000000
vt 0.25000000 0.55000000
vt 0.25000000 0.60000000
vt 0.25000000 0.63000000
vt 0.25000000 0.65000000
vt 0.25000000 0.70000000
vt 0.25000000 0.72000000
vt 0.25000000 0.75000000
vt 0.25000000 0.80000000
vt 0.25000000 0.81000000
vt 0.25000000 0.85000000
vt 0.25000000 0.90000000
vt 0.25000000 0.91000000
vt 0.25000000 0.92000000
vt 0.25000000 0.93000000
vt 0.25000000 0.94000000
vt 0.25000000 0.95000000
vt 0.25000000 0.96000000
vt 0.25000000 0.97000000
vt 0.25000000 0.98000000
vt 0.25000000 0.99000000
vt 0.25000000 1.00000000
vt 0.30000000 -0.0000000e+0
vt 0.30000000 4.0000000e-2
vt 0.30000000 5.0000000e-2
vt 0.30000000 8.0000000e-2
vt 0.30000000 9.0000000e-2
vt 0.30000000 0.10000000
vt 0.30000000 0.12000000
vt 0.30000000 0.15000000
vt 0.30000000 0.16000000
vt 0.30000000 0.18000000
vt 0.30000000 0.20000000
vt 0.30000000 0.24000000
vt 0.30000000 0.25000000
vt 0.30000000 0.27000000
vt 0.30000000 0.28000000
vt 0.30000000 0.30000000
vt 0.30000000 0.32000000
vt 0.30000000 0.35000000
vt 0.30000000 0.36000000
vt 0.30000000 0.40000000
vt 0.30000000 0.45000000
vt 0.30000000 0.46000000
vt 0.30000000 0.50000000
vt 0.30000000 0.52000000
vt 0.30000000 0.54000000
vt 0.30000000 0.55000000
vt 0.30000000 0.58000000
vt 0.30000000 0.60000000
vt 0.30000000 0.63000000
vt 0.30000000 0.64000000
vt 0.30000000 0.65000000
vt 0.30000000 0.70000000
vt 0.30000000 0.72000000
vt 0.30000000 0.75000000
vt 0.30000000 0.76000000
vt 0.30000000 0.80000000
vt 0.30000000 0.81000000
vt 0.30000000 0.82000000
vt 0.30000000 0.85000000
vt 0.30000000 0.88000000
vt 0.30000000 0.90000000
vt 0.30000000 0.91000000
vt 0.30000000 0.92000000
vt 0.30000000 0.93000000
vt 0.30000000 0.94000000
vt 0.30000000 0.95000000
vt 0.30000000 0.96000000
vt 0.30000000 0.97000000
vt 0.30000000 0.98000000
vt 0.30000000 0.99000000
vt 0.30000000 1.00000000
vt 0.30000000 1.09000000
vt 0.30000000 1.18000000
vt 0.30000000 1.27000000
vt 0.30000000 1.36000000
vt 0.30000000 1.45000000
vt 0.30000000 1.54000000
vt 0.30000000 1.63000000
vt 0.30000000 1.72000000
vt 0.30000000 1.81000000
vt 0.30000000 1.90000000
vt 0.30000000 1.91000000
vt 0.30000000 1.92000000
vt 0.30000000 1.93000000
vt 0.30000000 1.94000000
vt 0.30000000 1.95000000
vt 0.30000000 1.96000000
vt 0.30000000 1.97000000
vt 0.30000000 1.98000000
vt 0.30000000 1.99000000
vt 0.30000000 2.00000000
vt 0.35000000 -0.0000000e+0
vt 0.35000000 5.0000000e-2
vt 0.35000000 9.0000000e-2
vt 0.35000000 0.10000000
vt 0.35000000 0.15000000
vt 0.35000000 0.18000000
vt 0.35000000 0.20000000
vt 0.35000000 0.25000000
vt 0.35000000 0.27000000
vt 0.35000000 0.30000000
vt 0.35000000 0.35000000
vt 0.35000000 0.36000000
vt 0.35000000 0.40000000
vt 0.35000000 0.45000000
vt 0.35000000 0.50000000
vt 0.35000000 0.54000000
vt 0.35000000 0.55000000
vt 0.35000000 0.60000000
vt 0.35000000 0.63000000
vt 0.35000000 0.65000000
vt 0.35000000 0.70000000
vt 0.35000000 0.72000000
vt 0.35000000 0.75000000
vt 0.35000000 0.80000000
vt 0.35000000 0.81000000
vt 0.35000000 0.85000000
vt 0.35000000 0.90000000
vt 0.35000000 0.91000000
vt 0.35000000 0.92000000
vt 0.35000000 0.93000000
vt 0.35000000 0.94000000
vt 0.35000000 0.95000000
vt 0.35000000 0.96000000
vt 0.35000000 0.97000000
vt 0.35000000 0.98000000
vt 0.35000000 0.99000000
vt 0.35000000 1.00000000
vt 0.40000000 -0.0000000e+0
vt 0.40000000 4.0000000e-2
vt 0.40000000 5.0000000e-2
vt 0.40000000 8.0000000e-2
vt 0.40000000 9.0000000e-2
vt 0.40000000 0.10000000
vt 0.40000000 0.12000000
vt 0.40000000 0.15000000
vt 0.40000000 0.16000000
vt 0.40000000 0.18000000
vt 0.40000000 0.20000000
vt 0.40000000 0.24000000
vt 0.40000000 0.25000000
vt 0.40000000 0.27000000
vt 0.40000000 0.28000000
vt 0.40000000 0.30000000
vt 0.40000000 0.32000000
vt 0.40000000 0.35000000
vt 0.40000000 0.36000000
vt 0.40000000 0.40000000
vt 0.40000000 0.45000000
vt 0.40000000 0.46000000
vt 0.40000000 0.50000000
vt 0.40000000 0.52000000
vt 0.40000000 0.54000000
vt 0.40000000 0.55000000
vt 0.40000000 0.58000000
vt 0.40000000 0.60000000
vt 0.40000000 0.63000000
vt 0.40000000 0.64000000
vt 0.40000000 0.65000000
vt 0.40000000 0.70000000
vt 0.40000000 0.72000000
vt 0.40000000 0.75000000
vt 0.40000000 0.76000000
vt 0.40000000 0.80000000
vt 0.40000000 0.81000000
vt 0.40000000 0.82000000
vt 0.40000000 0.85000000
vt 0.40000000 0.88000000
vt 0.40000000 0.90000000
vt 0.40000000 0.91000000
vt 0.40000000 0.92000000
vt 0.40000000 0.93000000
vt 0.40000000 0.94000000
vt 0.40000000 0.95000000
vt 0.40000000 0.96000000
vt 0.40000000 0.97000000
vt 0.40000000 0.98000000
vt 0.40000000 0.99000000
vt 0.40000000 1.00000000
vt 0.40000000 1.09000000
vt 0.40000000 1.18000000
vt 0.40000000 1.27000000
vt 0.40000000 1.36000000
vt 0.40000000 1.45000000
vt 0.40000000 1.54000000
vt 0.40000000 1.63000000
vt 0.40000000 1.72000000
vt 0.40000000 1.81000000
vt 0.40000000 1.90000000
vt 0.40000000 1.91000000
vt 0.40000000 1.92000000
vt 0.40000000 1.93000000
vt 0.40000000 1.94000000
vt 0.40000000 1.95000000
vt 0.40000000 1.96000000
vt 0.40000000 1.97000000
vt 0.40000000 1.98000000
vt 0.40000000 1.99000000
vt 0.40000000 2.00000000
vt 0.45000000 -0.0000000e+0
vt 0.45000000 5.0000000e-2
vt 0.45000000 9.0000000e-2
vt 0.45000000 0.10000000
vt 0.45000000 0.15000000
vt 0.45000000 0.18000000
vt 0.45000000 0.20000000
vt 0.45000000 0.25000000
vt 0.45000000 0.27000000
vt 0.45000000 0.30000000
vt 0.45000000 0.35000000
vt 0.45000000 0.36000000
vt 0.45000000 0.40000000
vt 0.45000000 0.45000000
vt 0.45000000 0.50000000
vt 0.45000000 0.54000000
vt 0.45000000 0.55000000
vt 0.45000000 0.60000000
vt 0.45000000 0.63000000
vt 0.45000000 0.65000000
vt 0.45000000 0.70000000
vt 0.45000000 0.72000000
vt 0.45000000 0.75000000
vt 0.45000000 0.80000000
vt 0.45000000 0.81000000
vt 0.45000000 0.85000000
vt 0.45000000 0.90000000
vt 0.45000000 0.91000000
vt 0.45000000 0.92000000
vt 0.45000000 0.93000000
vt 0.45000000 0.94000000
vt 0.45000000 0.95000000
vt 0.45000000 0.96000000
vt 0.45000000 0.97000000
vt 0.45000000 0.98000000
vt 0.45000000 0.99000000
vt 0.45000000 1.00000000
vt 0.50000000 -0.0000000e+0
vt 0.50000000 4.0000000e-2
vt 0.50000000 5.0000000e-2
vt 0.50000000 8.0000000e-2
vt 0.50000000 9.0000000e-2
vt 0.50000000 0.10000000
vt 0.50000000 0.12000000
vt 0.50000000 0.15000000
vt 0.50000000 0.16000000
vt 0.50000000 0.18000000
vt 0.50000000 0.20000000
vt 0.50000000 0.24000000
vt 0.50000000 0.25000000
vt 0.50000000 0.27000000
vt 0.50000000 0.28000000
vt 0.50000000 0.30000000
vt 0.50000000 0.32000000
vt 0.50000000 0.35000000
vt 0.50000000 0.36000000
vt 0.50000000 0.40000000
vt 0.50000000 0.45000000
vt 0.50000000 0.46000000
vt 0.50000000 0.50000000
vt 0.50000000 0.52000000
vt 0.50000000 0.54000000
vt 0.50000000 0.55000000
vt 0.50000000 0.58000000
vt 0.50000000 0.60000000
vt 0.50000000 0.63000000
vt 0.50000000 0.64000000
vt 0.50000000 0.65000000
vt 0.50000000 0.70000000
vt 0.50000000 0.72000000
vt 0.50000000 0.75000000
vt 0.50000000 0.76000000
vt 0.50000000 0.80000000
vt 0.50000000 0.81000000
vt 0.50000000 0.82000000
vt 0.50000000 0.85000000
vt 0.50000000 0.88000000
vt 0.50000000 0.90000000
vt 0.50000000 0.91000000
vt 0.50000000 0.92000000
vt 0.50000000 0.93000000
vt 0.50000000 0.94000000
vt 0.50000000 0.95000000
vt 0.50000000 0.96000000
vt 0.50000000 0.97000000
vt 0.50000000 0.98000000
vt 0.50000000 0.99000000
vt 0.50000000 1.00000000
vt 0.50000000 1.09000000
vt 0.50000000 1.18000000
vt 0.50000000 1.27000000
vt 0.50000000 1.36000000
vt 0.50000000 1.45000000
vt 0.50000000 1.54000000
vt 0.50000000 1.63000000
vt 0.50000000 1.72000000
vt 0.50000000 1.81000000
vt 0.50000000 1.90000000
vt 0.50000000 1.91000000
vt 0.50000000 1.92000000
vt 0.50000000 1.93000000
vt 0.50000000 1.94000000
vt 0.50000000 1.95000000
vt 0.50000000 1.96000000
vt 0.50000000 1.97000000
vt 0.50000000 1.98000000
vt 0.50000000 1.99000000
vt 0.50000000 2.00000000
vt 0.55000000 -0.0000000e+0
vt 0.55000000 5.0000000e-2
vt 0.55000000 9.0000000e-2
vt 0.55000000 0.10000000
vt 0.55000000 0.15000000
vt 0.55000000 0.18000000
vt 0.55000000 0.20000000
vt 0.55000000 0.25000000
vt 0.55000000 0.27000000
vt 0.55000000 0.30000000
vt 0.55000000 0.35000000
vt 0.55000000 0.36000000
vt 0.55000000 0.40000000
vt 0.55000000 0.45000000
vt 0.55000000 0.50000000
vt 0.55000000 0.54000000
vt 0.55000000 0.55000000
vt 0.55000000 0.60000000
vt 0.55000000 0.63000000
vt 0.55000000 0.65000000
vt 0.55000000 0.70000000
vt 0.55000000 0.72000000
vt 0.55000000 0.75000000
vt 0.55000000 0.80000000
vt 0.55000000 0.81000000
vt 0.55000000 0.85000000
vt 0.55000000 0.90000000
vt 0.55000000 0.91000000
vt 0.55000000 0.92000000
vt 0.55000000 0.93000000
vt 0.55000000 0.94000000
vt 0.55000000 0.95000000
vt 0.55000000 0.96000000
vt 0.55000000 0.97000000
vt 0.55000000 0.98000000
vt 0.55000000 0.99000000
vt 0.55000000 1.00000000
vt 0.60000000 -0.0000000e+0
vt 0.60000000 4.0000000e-2
vt 0.60000000 5.0000000e-2
vt 0.60000000 8.0000000e-2
vt 0.60000000 9.0000000e-2
vt 0.60000000 0.10000000
vt 0.60000000 0.12000000
vt 0.60000000 0.15000000
vt 0.60000000 0.16000000
vt 0.60000000 0.18000000
vt 0.60000000 0.20000000
vt 0.60000000 0.24000000
vt 0.60000000 0.25000000
vt 0.60000000 0.27000000
vt 0.60000000 0.28000000
vt 0.60000000 0.30000000
vt 0.60000000 0.32000000
vt 0.60000000 0.35000000
vt 0.60000000 0.36000000
vt 0.60000000 0.40000000
vt 0.60000000 0.45000000
vt 0.60000000 0.46000000
vt 0.60000000 0.50000000
vt 0.60000000 0.52000000
vt 0.60000000 0.54000000
vt 0.60000000 0.55000000
vt 0.60000000 0.58000000
vt 0.60000000 0.60000000
vt 0.60000000 0.63000000
vt 0.60000000 0.64000000
vt 0.60000000 0.65000000
vt 0.60000000 0.70000000
vt 0.60000000 0.72000000
vt 0.60000000 0.75000000
vt 0.60000000 0.76000000
vt 0.60000000 0.80000000
vt 0.60000000 0.81000000
vt 0.60000000 0.82000000
vt 0.60000000 0.85000000
vt 0.60000000 0.88000000
vt 0.60000000 0.90000000
vt 0.60000000 0.91000000
vt 0.60000000 0.92000000
vt 0.60000000 0.93000000
vt 0.60000000 0.94000000
vt 0.60000000 0.95000000
vt 0.60000000 0.96000000
vt 0.60000000 0.97000000
vt 0.60000000 0.98000000
vt 0.60000000 0.99000000
vt 0.60000000 1.00000000
vt 0.60000000 1.09000000
vt 0.60000000 1.18000000
vt 0.60000000 1.27000000
vt 0.60000000 1.36000000
vt 0.60000000 1.45000000
vt 0.60000000 1.54000000
vt 0.60000000 1.63000000
vt 0.60000000 1.72000000
vt 0.60000000 1.81000000
vt 0.60000000 1.90000000
vt 0.60000000 1.91000000
vt 0.60000000 1.92000000
vt 0.60000000 1.93000000
vt 0.60000000 1.94000000
vt 0.60000000 1.95000000
vt 0.60000000 1.96000000
vt 0.60000000 1.97000000
vt 0.60000000 1.98000000
vt 0.60000000 1.99000000
vt 0.60000000 2.00000000
vt 0.65000000 -0.0000000e+0
vt 0.65000000 5.0000000e-2
vt 0.65000000 9.0000000e-2
vt 0.65000000 0.10000000
vt 0.65000000 0.15000000
vt 0.65000000 0.18000000
vt 0.65000000 0.20000000
vt 0.65000000 0.25000000
vt 0.65000000 0.27000000
vt 0.65000000 0.30000000
vt 0.65000000 0.35000000
vt 0.65000000 0.36000000
vt 0.65000000 0.40000000
vt 0.65000000 0.45000000
vt 0.65000000 0.50000000
vt 0.65000000 0.54000000
vt 0.65000000 0.55000000
vt 0.65000000 0.60000000
vt 0.65000000 0.63000000
vt 0.65000000 0.65000000
vt 0.65000000 0.70000000
vt 0.65000000 0.72000000
vt 0.65000000 0.75000000
vt 0.65000000 0.80000000
vt 0.65000000 0.81000000
vt 0.65000000 0.85000000
vt 0.65000000 0.90000000
vt 0.65000000 0.91000000
vt 0.65000000 0.92000000
vt 0.65000000 0.93000000
vt 0.65000000 0.94000000
vt 0.65000000 0.95000000
vt 0.65000000 0.96000000
vt 0.65000000 0.97000000
vt 0.65000000 0.98000000
vt 0.65000000 0.99000000
vt 0.65000000 1.00000000
vt 0.70000000 -0.0000000e+0
vt 0.70000000 4.0000000e-2
vt 0.70000000 5.0000000e-2
vt 0.70000000 8.0000000e-2
vt 0.70000000 9.0000000e-2
vt 0.70000000 0.10000000
vt 0.70000000 0.12000000
vt 0.70000000 0.15000000
vt 0.70000000 0.16000000
vt 0.70000000 0.18000000
vt 0.70000000 0.20000000
vt 0.70000000 0.24000000
vt 0.70000000 0.25000000
vt 0.70000000 0.27000000
vt 0.70000000 0.28000000
vt 0.70000000 0.30000000
vt 0.70000000 0.32000000
vt 0.70000000 0.35000000
vt 0.70000000 0.36000000
vt 0.70000000 0.40000000
vt 0.70000000 0.45000000
vt 0.70000000 0.46000000
vt 0.70000000 0.50000000
vt 0.70000000 0.52000000
vt 0.70000000 0.54000000
vt 0.70000000 0.55000000
vt 0.70000000 0.58000000
vt 0.70000000 0.60000000
vt 0.70000000 0.63000000
vt 0.70000000 0.64000000
vt 0.70000000 0.65000000
vt 0.70000000 0.70000000
vt 0.70000000 0.72000000
vt 0.70000000 0.75000000
vt 0.70000000 0.76000000
vt 0.70000000 0.80000000
vt 0.70000000 0.81000000
vt 0.70000000 0.82000000
vt 0.70000000 0.85000000
vt 0.70000000 0.88000000
vt 0.70000000 0.90000000
vt 0.70000000 0.91000000
vt 0.70000000 0.92000000
vt 0.70000000 0.93000000
vt 0.70000000 0.94000000
vt 0.70000000 0.95000000
vt 0.70000000 0.96000000
vt 0.70000000 0.97000000
vt 0.70000000 0.98000000
vt 0.70000000 0.99000000
vt 0.70000000 1.00000000
vt 0.70000000 1.09000000
vt 0.70000000 1.18000000
vt 0.70000000 1.27000000
vt 0.70000000 1.36000000
vt 0.70000000 1.45000000
vt 0.70000000 1.54000000
vt 0.70000000 1.63000000
vt 0.70000000 1.72000000
vt 0.70000000 1.81000000
vt 0.70000000 1.90000000
vt 0.70000000 1.91000000
vt 0.70000000 1.92000000
vt 0.70000000 1.93000000
vt 0.70000000 1.94000000
vt 0.70000000 1.95000000
vt 0.70000000 1.96000000
vt 0.70000000 1.97000000
vt 0.70000000 1.98000000
vt 0.70000000 1.99000000
vt 0.70000000 2.00000000
vt 0.75000000 -0.0000000e+0
vt 0.75000000 5.0000000e-2
vt 0.75000000 9.0000000e-2
vt 0.75000000 0.10000000
vt 0.75000000 0.15000000
vt 0.75000000 0.18000000
vt 0.75000000 0.20000000
vt 0.75000000 0.25000000
vt 0.75000000 0.27000000
vt 0.75000000 0.30000000
vt 0.75000000 0.35000000
vt 0.75000000 0.36000000
vt 0.75000000 0.40000000
vt 0.75000000 0.45000000
vt 0.75000000 0.50000000
vt 0.75000000 0.54000000
vt 0.75000000 0.55000000
vt 0.75000000 0.60000000
vt 0.75000000 0.63000000
vt 0.75000000 0.65000000
vt 0.75000000 0.70000000
vt 0.75000000 0.72000000
vt 0.75000000 0.75000000
vt 0.75000000 0.80000000
vt 0.75000000 0.81000000
vt 0.75000000 0.85000000
vt 0.75000000 0.90000000
vt 0.75000000 0.91000000
vt 0.75000000 0.92000000
vt 0.75000000 0.93000000
vt 0.75000000 0.94000000
vt 0.75000000 0.95000000
vt 0.75000000 0.96000000
vt 0.75000000 0.97000000
vt 0.75000000 0.98000000
vt 0.75000000 0.99000000
vt 0.75000000 1.00000000
vt 0.80000000 -0.0000000e+0
vt 0.80000000 4.0000000e-2
vt 0.80000000 5.0000000e-2
vt 0.80000000 8.0000000e-2
vt 0.80000000 9.0000000e-2
vt 0.80000000 0.10000000
vt 0.80000000 0.12000000
vt 0.80000000 0.15000000
vt 0.80000000 0.16000000
vt 0.80000000 0.18000000
vt 0.80000000 0.20000000
vt 0.80000000 0.24000000
vt 0.80000000 0.25000000
vt 0.80000000 0.27000000
vt 0.80000000 0.28000000
vt 0.80000000 0.30000000
vt 0.80000000 0.32000000
vt 0.80000000 0.35000000
vt 0.80000000 0.36000000
vt 0.80000000 0.40000000
vt 0.80000000 0.45000000
vt 0.80000000 0.46000000
vt 0.80000000 0.50000000
vt 0.80000000 0.52000000
vt 0.80000000 0.54000000
vt 0.80000000 0.55000000
vt 0.80000000 0.58000000
vt 0.80000000 0.60000000
vt 0.80000000 0.63000000
vt 0.80000000 0.64000000
vt 0.80000000 0.65000000
vt 0.80000000 0.70000000
vt 0.80000000 0.72000000
vt 0.80000000 0.75000000
vt 0.80000000 0.76000000
vt 0.80000000 0.80000000
vt 0.80000000 0.81000000
vt 0.80000000 0.82000000
vt 0.80000000 0.85000000
vt 0.80000000 0.88000000
vt 0.80000000 0.90000000
vt 0.80000000 0.91000000
vt 0.80000000 0.92000000
vt 0.80000000 0.93000000
vt 0.80000000 0.94000000
vt 0.80000000 0.95000000
vt 0.80000000 0.96000000
vt 0.80000000 0.97000000
vt 0.80000000 0.98000000
vt 0.80000000 0.99000000
vt 0.80000000 1.00000000
vt 0.80000000 1.09000000
vt 0.80000000 1.18000000
vt 0.80000000 1.27000000
vt 0.80000000 1.36000000
vt 0.80000000 1.45000000
vt 0.80000000 1.54000000
vt 0.80000000 1.63000000
vt 0.80000000 1.72000000
vt 0.80000000 1.81000000
vt 0.80000000 1.90000000
vt 0.80000000 1.91000000
vt 0.80000000 1.92000000
vt 0.80000000 1.93000000
vt 0.80000000 1.94000000
vt 0.80000000 1.95000000
vt 0.80000000 1.96000000
vt 0.80000000 1.97000000
vt 0.80000000 1.98000000
vt 0.80000000 1.99000000
vt 0.80000000 2.00000000
vt 0.85000000 -0.0000000e+0
vt 0.85000000 5.0000000e-2
vt 0.85000000 9.0000000e-2
vt 0.85000000 0.10000000
vt 0.85000000 0.15000000
vt 0.85000000 0.18000000
vt 0.85000000 0.20000000
vt 0.85000000 0.25000000
vt 0.85000000 0.27000000
vt 0.85000000 0.30000000
vt 0.85000000 0.35000000
vt 0.85000000 0.36000000
vt 0.85000000 0.40000000
vt 0.85000000 0.45000000
vt 0.85000000 0.50000000
vt 0.85000000 0.54000000
vt 0.85000000 0.55000000
vt 0.85000000 0.60000000
vt 0.85000000 0.63000000
vt 0.85000000 0.65000000
vt 0.85000000 0.70000000
vt 0.85000000 0.72000000
vt 0.85000000 0.75000000
vt 0.85000000 0.80000000
vt 0.85000000 0.81000000
vt 0.85000000 0.85000000
vt 0.85000000 0.90000000
vt 0.85000000 0.91000000
vt 0.85000000 0.92000000
vt 0.85000000 0.93000000
vt 0.85000000 0.94000000
vt 0.85000000 0.95000000
vt 0.85000000 0.96000000
vt 0.85000000 0.97000000
vt 0.85000000 0.98000000
vt 0.85000000 0.99000000
vt 0.85000000 1.00000000
vt 0.90000000 -0.0000000e+0
vt 0.90000000 4.0000000e-2
vt 0.90000000 5.0000000e-2
vt 0.90000000 8.0000000e-2
vt 0.90000000 9.0000000e-2
vt 0.90000000 0.10000000
vt 0.90000000 0.12000000
vt 0.90000000 0.15000000
vt 0.90000000 0.16000000
vt 0.90000000 0.18000000
vt 0.90000000 0.20000000
vt 0.90000000 0.24000000
vt 0.90000000 0.25000000
vt 0.90000000 0.27000000
vt 0.90000000 0.28000000
vt 0.90000000 0.30000000
vt 0.90000000 0.32000000
vt 0.90000000 0.35000000
vt 0.90000000 0.36000000
vt 0.90000000 0.40000000
vt 0.90000000 0.45000000
vt 0.90000000 0.46000000
vt 0.90000000 0.50000000
vt 0.90000000 0.52000000
vt 0.90000000 0.54000000
vt 0.90000000 0.55000000
vt 0.90000000 0.58000000
vt 0.90000000 0.60000000
vt 0.90000000 0.63000000
vt 0.90000000 0.64000000
vt 0.90000000 0.65000000
vt 0.90000000 0.70000000
vt 0.90000000 0.72000000
vt 0.90000000 0.75000000
vt 0.90000000 0.76000000
vt 0.90000000 0.80000000
vt 0.90000000 0.81000000
vt 0.90000000 0.82000000
vt 0.90000000 0.85000000
vt 0.90000000 0.88000000
vt 0.90000000 0.90000000
vt 0.90000000 0.91000000
vt 0.90000000 0.92000000
vt 0.90000000 0.93000000
vt 0.90000000 0.94000000
vt 0.90000000 0.95000000
vt 0.90000000 0.96000000
vt 0.90000000 0.97000000
vt 0.90000000 0.98000000
vt 0.90000000 0.99000000
vt 0.90000000 1.00000000
vt 0.90000000 1.09000000
vt 0.90000000 1.18000000
vt 0.90000000 1.27000000
vt 0.90000000 1.36000000
vt 0.90000000 1.45000000
vt 0.90000000 1.54000000
vt 0.90000000 1.63000000
vt 0.90000000 1.72000000
vt 0.90000000 1.81000000
vt 0.90000000 1.90000000
vt 0.90000000 1.91000000
vt 0.90000000 1.92000000
vt 0.90000000 1.93000000
vt 0.90000000 1.94000000
vt 0.90000000 1.95000000
vt 0.90000000 1.96000000
vt 0.90000000 1.97000000
vt 0.90000000 1.98000000
vt 0.90000000 1.99000000
vt 0.90000000 2.00000000
vt 0.95000000 -0.0000000e+0
vt 0.95000000 5.0000000e-2
vt 0.95000000 9.0000000e-2
vt 0.95000000 0.10000000
vt 0.95000000 0.15000000
vt 0.95000000 0.18000000
vt 0.95000000 0.20000000
vt 0.95000000 0.25000000
vt 0.95000000 0.27000000
vt 0.95000000 0.30000000
vt 0.95000000 0.35000000
vt 0.95000000 0.36000000
vt 0.95000000 0.40000000
vt 0.95000000 0.45000000
vt 0.95000000 0.50000000
vt 0.95000000 0.54000000
vt 0.95000000 0.55000000
vt 0.95000000 0.60000000
vt 0.95000000 0.63000000
vt 0.95000000 0.65000000
vt 0.95000000 0.70000000
vt 0.95000000 0.72000000
vt 0.95000000 0.75000000
vt 0.95000000 0.80000000
vt 0.95000000 0.81000000
vt 0.95000000 0.85000000
vt 0.95000000 0.90000000
vt 0.95000000 0.91000000
vt 0.95000000 0.92000000
vt 0.95000000 0.93000000
vt 0.95000000 0.94000000
vt 0.95000000 0.95000000
vt 0.95000000 0.96000000
vt 0.95000000 0.97000000
vt 0.95000000 0.98000000
vt 0.95000000 0.99000000
vt 0.95000000 1.00000000
vt 1.00000000 -0.0000000e+0
vt 1.00000000 4.0000000e-2
vt 1.00000000 5.0000000e-2
vt 1.00000000 8.0000000e-2
vt 1.00000000 9.0000000e-2
vt 1.00000000 0.10000000
vt 1.00000000 0.12000000
vt 1.00000000 0.15000000
vt 1.00000000 0.16000000
vt 1.00000000 0.18000000
vt 1.00000000 0.20000000
vt 1.00000000 0.24000000
vt 1.00000000 0.25000000
vt 1.00000000 0.27000000
vt 1.00000000 0.28000000
vt 1.00000000 0.30000000
vt 1.00000000 0.32000000
vt 1.00000000 0.35000000
vt 1.00000000 0.36000000
vt 1.00000000 0.40000000
vt 1.00000000 0.45000000
vt 1.00000000 0.46000000
vt 1.00000000 0.50000000
vt 1.00000000 0.52000000
vt 1.00000000 0.54000000
vt 1.00000000 0.55000000
vt 1.00000000 0.58000000
vt 1.00000000 0.60000000
vt 1.00000000 0.63000000
vt 1.00000000 0.64000000
vt 1.00000000 0.65000000
vt 1.00000000 0.70000000
vt 1.00000000 0.72000000
vt 1.00000000 0.75000000
vt 1.00000000 0.76000000
vt 1.00000000 0.80000000
vt 1.00000000 0.81000000
vt 1.00000000 0.82000000
vt 1.00000000 0.85000000
vt 1.00000000 0.88000000
vt 1.00000000 0.90000000
vt 1.00000000 0.91000000
vt 1.00000000 0.92000000
vt 1.00000000 0.93000000
vt 1.00000000 0.94000000
vt 1.00000000 0.95000000
vt 1.00000000 0.96000000
vt 1.00000000 0.97000000
vt 1.00000000 0.98000000
vt 1.00000000 0.99000000
vt 1.00000000 1.00000000
vt 1.00000000 1.09000000
vt 1.00000000 1.18000000
vt 1.00000000 1.27000000
vt 1.00000000 1.36000000
vt 1.00000000 1.45000000
vt 1.00000000 1.54000000
vt 1.00000000 1.63000000
vt 1.00000000 1.72000000
vt 1.00000000 1.81000000
vt 1.00000000 1.90000000
vt 1.00000000 1.91000000
vt 1.00000000 1.92000000
vt 1.00000000 1.93000000
vt 1.00000000 1.94000000
vt 1.00000000 1.95000000
vt 1.00000000 1.96000000
vt 1.00000000 1.97000000
vt 1.00000000 1.98000000
vt 1.00000000 1.99000000
vt 1.00000000 2.00000000
vt 1.10000000 0.0000000e+0
vt 1.10000000 4.0000000e-2
vt 1.10000000 8.0000000e-2
vt 1.10000000 0.12000000
vt 1.10000000 0.16000000
vt 1.10000000 0.20000000
vt 1.10000000 0.24000000
vt 1.10000000 0.28000000
vt 1.10000000 0.32000000
vt 1.10000000 0.36000000
vt 1.10000000 0.40000000
vt 1.10000000 0.46000000
vt 1.10000000 0.52000000
vt 1.10000000 0.58000000
vt 1.10000000 0.64000000
vt 1.10000000 0.70000000
vt 1.10000000 0.76000000
vt 1.10000000 0.82000000
vt 1.10000000 0.88000000
vt 1.10000000 0.94000000
vt 1.10000000 1.00000000
vt 1.10000000 1.09000000
vt 1.10000000 1.18000000
vt 1.10000000 1.27000000
vt 1.10000000 1.36000000
vt 1.10000000 1.45000000
vt 1.10000000 1.54000000
vt 1.10000000 1.63000000
vt 1.10000000 1.72000000
vt 1.10000000 1.81000000
vt 1.10000000 1.90000000
vt 1.10000000 1.91000000
vt 1.10000000 1.92000000
vt 1.10000000 1.93000000
vt 1.10000000 1.94000000
vt 1.10000000 1.95000000
vt 1.10000000 1.96000000
vt 1.10000000 1.97000000
vt 1.10000000 1.98000000
vt 1.10000000 1.99000000
vt 1.10000000 2.00000000
vt 1.20000000 0.0000000e+0
vt 1.20000000 4.0000000e-2
vt 1.20000000 8.0000000e-2
vt 1.20000000 0.12000000
vt 1.20000000 0.16000000
vt 1.20000000 0.20000000
vt 1.20000000 0.24000000
vt 1.20000000 0.28000000
vt 1.20000000 0.32000000
vt 1.20000000 0.36000000
vt 1.20000000 0.40000000
vt 1.20000000 0.46000000
vt 1.20000000 0.52000000
vt 1.20000000 0.58000000
vt 1.20000000 0.64000000
vt 1.20000000 0.70000000
vt 1.20000000 0.76000000
vt 1.20000000 0.82000000
vt 1.20000000 0.88000000
vt 1.20000000 0.94000000
vt 1.20000000 1.00000000
vt 1.20000000 1.09000000
vt 1.20000000 1.18000000
vt 1.20000000 1.27000000
vt 1.20000000 1.36000000
vt 1.20000000 1.45000000
vt 1.20000000 1.54000000
vt 1.20000000 1.63000000
vt 1.20000000 1.72000000
vt 1.20000000 1.81000000
vt 1.20000000 1.90000000
vt 1.20000000 1.91000000
vt 1.20000000 1.92000000
vt 1.20000000 1.93000000
vt 1.20000000 1.94000000
vt 1.20000000 1.95000000
vt 1.20000000 1.96000000
vt 1.20000000 1.97000000
vt 1.20000000 1.98000000
vt 1.20000000 1.99000000
vt 1.20000000 2.00000000
vt 1.30000000 0.0000000e+0
vt 1.30000000 4.0000000e-2
vt 1.30000000 8.0000000e-2
vt 1.30000000 0.12000000
vt 1.30000000 0.16000000
vt 1.30000000 0.20000000
vt 1.30000000 0.24000000
vt 1.30000000 0.28000000
vt 1.30000000 0.32000000
vt 1.30000000 0.36000000
vt 1.30000000 0.40000000
vt 1.30000000 0.46000000
vt 1.30000000 0.52000000
vt 1.30000000 0.58000000
vt 1.30000000 0.64000000
vt 1.30000000 0.70000000
vt 1.30000000 0.76000000
vt 1.30000000 0.82000000
vt 1.30000000 0.88000000
vt 1.30000000 0.94000000
vt 1.30000000 1.00000000
vt 1.30000000 1.09000000
vt 1.30000000 1.18000000
vt 1.30000000 1.27000000
vt 1.30000000 1.36000000
vt 1.30000000 1.45000000
vt 1.30000000 1.54000000
vt 1.30000000 1.63000000
vt 1.30000000 1.72000000
vt 1.30000000 1.81000000
vt 1.30000000 1.90000000
vt 1.30000000 1.91000000
vt 1.30000000 1.92000000
vt 1.30000000 1.93000000
vt 1.30000000 1.94000000
vt 1.30000000 1.95000000
vt 1.30000000 1.96000000
vt 1.30000000 1.97000000
vt 1.30000000 1.98000000
vt 1.30000000 1.99000000
vt 1.30000000 2.00000000
vt 1.40000000 0.0000000e+0
vt 1.40000000 4.0000000e-2
vt 1.40000000 8.0000000e-2
vt 1.40000000 0.12000000
vt 1.40000000 0.16000000
vt 1.40000000 0.20000000
vt 1.40000000 0.24000000
vt 1.40000000 0.28000000
vt 1.40000000 0.32000000
vt 1.40000000 0.36000000
vt 1.40000000 0.40000000
vt 1.40000000 0.46000000
vt 1.40000000 0.52000000
vt 1.40000000 0.58000000
vt 1.40000000 0.64000000
vt 1.40000000 0.70000000
vt 1.40000000 0.76000000
vt 1.40000000 0.82000000
vt 1.40000000 0.88000000
vt 1.40000000 0.94000000
vt 1.40000000 1.00000000
vt 1.40000000 1.09000000
vt 1.40000000 1.18000000
vt 1.40000000 1.27000000
vt 1.40000000 1.36000000
vt 1.40000000 1.45000000
vt 1.40000000 1.54000000
vt 1.40000000 1.63000000
vt 1.40000000 1.72000000
vt 1.40000000 1.81000000
vt 1.40000000 1.90000000
vt 1.40000000 1.91000000
vt 1.40000000 1.92000000
vt 1.40000000 1.93000000
vt 1.40000000 1.94000000
vt 1.40000000 1.95000000
vt 1.40000000 1.96000000
vt 1.40000000 1.97000000
vt 1.40000000 1.98000000
vt 1.40000000 1.99000000
vt 1.40000000 2.00000000
vt 1.50000000 0.0000000e+0
vt 1.50000000 4.0000000e-2
vt 1.50000000 8.0000000e-2
vt 1.50000000 0.12000000
vt 1.50000000 0.16000000
vt 1.50000000 0.20000000
vt 1.50000000 0.24000000
vt 1.50000000 0.28000000
vt 1.50000000 0.32000000
vt 1.50000000 0.36000000
vt 1.50000000 0.40000000
vt 1.50000000 0.46000000
vt 1.50000000 0.52000000
vt 1.50000000 0.58000000
vt 1.50000000 0.64000000
vt 1.50000000 0.70000000
vt 1.50000000 0.76000000
vt 1.50000000 0.82000000
vt 1.50000000 0.88000000
vt 1.50000000 0.94000000
vt 1.50000000 1.00000000
vt 1.50000000 1.09000000
vt 1.50000000 1.18000000
vt 1.50000000 1.27000000
vt 1.50000000 1.36000000
vt 1.50000000 1.45000000
vt 1.50000000 1.54000000
vt 1.50000000 1.63000000
vt 1.50000000 1.72000000
vt 1.50000000 1.81000000
vt 1.50000000 1.90000000
vt 1.50000000 1.91000000
vt 1.50000000 1.92000000
vt 1.50000000 1.93000000
vt 1.50000000 1.94000000
vt 1.50000000 1.95000000
vt 1.50000000 1.96000000
vt 1.50000000 1.97000000
vt 1.50000000 1.98000000
vt 1.50000000 1.99000000
vt 1.50000000 2.00000000
vt 1.60000000 0.0000000e+0
vt 1.60000000 4.0000000e-2
vt 1.60000000 8.0000000e-2
vt 1.60000000 0.12000000
vt 1.60000000 0.16000000
vt 1.60000000 0.20000000
vt 1.60000000 0.24000000
vt 1.60000000 0.28000000
vt 1.60000000 0.32000000
vt 1.60000000 0.36000000
vt 1.60000000 0.40000000
vt 1.60000000 0.46000000
vt 1.60000000 0.52000000
vt 1.60000000 0.58000000
vt 1.60000000 0.64000000
vt 1.60000000 0.70000000
vt 1.60000000 0.76000000
vt 1.60000000 0.82000000
vt 1.60000000 0.88000000
vt 1.60000000 0.94000000
vt 1.60000000 1.00000000
vt 1.60000000 1.09000000
vt 1.60000000 1.18000000
vt 1.60000000 1.27000000
vt 1.60000000 1.36000000
vt 1.60000000 1.45000000
vt 1.60000000 1.54000000
vt 1.60000000 1.63000000
vt 1.60000000 1.72000000
vt 1.60000000 1.81000000
vt 1.60000000 1.90000000
vt 1.60000000 1.91000000
vt 1.60000000 1.92000000
vt 1.60000000 1.93000000
vt 1.60000000 1.94000000
vt 1.60000000 1.95000000
vt 1.60000000 1.96000000
vt 1.60000000 1.97000000
vt 1.60000000 1.98000000
vt 1.60000000 1.99000000
vt 1.60000000 2.00000000
vt 1.70000000 0.0000000e+0
vt 1.70000000 4.0000000e-2
vt 1.70000000 8.0000000e-2
vt 1.70000000 0.12000000
vt 1.70000000 0.16000000
vt 1.70000000 0.20000000
vt 1.70000000 0.24000000
vt 1.70000000 0.28000000
vt 1.70000000 0.32000000
vt 1.70000000 0.36000000
vt 1.70000000 0.40000000
vt 1.70000000 0.46000000
vt 1.70000000 0.52000000
vt 1.70000000 0.58000000
vt 1.70000000 0.64000000
vt 1.70000000 0.70000000
vt 1.70000000 0.76000000
vt 1.70000000 0.82000000
vt 1.70000000 0.88000000
vt 1.70000000 0.94000000
vt 1.70000000 1.00000000
vt 1.70000000 1.09000000
vt 1.70000000 1.18000000
vt 1.70000000 1.27000000
vt 1.70000000 1.36000000
vt 1.70000000 1.45000000
vt 1.70000000 1.54000000
vt 1.70000000 1.63000000
vt 1.70000000 1.72000000
vt 1.70000000 1.81000000
vt 1.70000000 1.90000000
vt 1.70000000 1.91000000
vt 1.70000000 1.92000000
vt 1.70000000 1.93000000
vt 1.70000000 1.94000000
vt 1.70000000 1.95000000
vt 1.70000000 1.96000000
vt 1.70000000 1.97000000
vt 1.70000000 1.98000000
vt 1.70000000 1.99000000
vt 1.70000000 2.00000000
vt 1.80000000 0.0000000e+0
vt 1.80000000 4.0000000e-2
vt 1.80000000 8.0000000e-2
vt 1.80000000 0.12000000
vt 1.80000000 0.16000000
vt 1.80000000 0.20000000
vt 1.80000000 0.24000000
vt 1.80000000 0.28000000
vt 1.80000000 0.32000000
vt 1.80000000 0.36000000
vt 1.80000000 0.40000000
vt 1.80000000 0.46000000
vt 1.80000000 0.52000000
vt 1.80000000 0.58000000
vt 1.80000000 0.64000000
vt 1.80000000 0.70000000
vt 1.80000000 0.76000000
vt 1.80000000 0.82000000
vt 1.80000000 0.88000000
vt 1.80000000 0.94000000
vt 1.80000000 1.00000000
vt 1.80000000 1.09000000
vt 1.80000000 1.18000000
vt 1.80000000 1.27000000
vt 1.80000000 1.36000000
vt 1.80000000 1.45000000
vt 1.80000000 1.54000000
vt 1.80000000 1.63000000
vt 1.80000000 1.72000000
vt 1.80000000 1.81000000
vt 1.80000000 1.90000000
vt 1.80000000 1.91000000
vt 1.80000000 1.92000000
vt 1.80000000 1.93000000
vt 1.80000000 1.94000000
vt 1.80000000 1.95000000
vt 1.80000000 1.96000000
vt 1.80000000 1.97000000
vt 1.80000000 1.98000000
vt 1.80000000 1.99000000
vt 1.80000000 2.00000000
vt 1.90000000 0.0000000e+0
vt 1.90000000 4.0000000e-2
vt 1.90000000 8.0000000e-2
vt 1.90000000 0.12000000
vt 1.90000000 0.16000000
vt 1.90000000 0.20000000
vt 1.90000000 0.24000000
vt 1.90000000 0.28000000
vt 1.90000000 0.32000000
vt 1.90000000 0.36000000
vt 1.90000000 0.40000000
vt 1.90000000 0.46000000
vt 1.90000000 0.52000000
vt 1.90000000 0.58000000
vt 1.90000000 0.64000000
vt 1.90000000 0.70000000
vt 1.90000000 0.76000000
vt 1.90000000 0.82000000
vt 1.90000000 0.88000000
vt 1.90000000 0.94000000
vt 1.90000000 1.00000000
vt 1.90000000 1.09000000
vt 1.90000000 1.18000000
vt 1.90000000 1.27000000
vt 1.90000000 1.36000000
vt 1.90000000 1.45000000
vt 1.90000000 1.54000000
vt 1.90000000 1.63000000
vt 1.90000000 1.72000000
vt 1.90000000 1.81000000
vt 1.90000000 1.90000000
vt 1.90000000 1.91000000
vt 1.90000000 1.92000000
vt 1.90000000 1.93000000
vt 1.90000000 1.94000000
vt 1.90000000 1.95000000
vt 1.90000000 1.96000000
vt 1.90000000 1.97000000
vt 1.90000000 1.98000000
vt 1.90000000 1.99000000
vt 1.90000000 2.00000000
vt 2.00000000 4.0000000e-2
vt 2.00000000 8.0000000e-2
vt 2.00000000 0.12000000
vt 2.00000000 0.16000000
vt 2.00000000 0.20000000
vt 2.00000000 0.24000000
vt 2.00000000 0.28000000
vt 2.00000000 0.32000000
vt 2.00000000 0.36000000
vt 2.00000000 0.40000000
vt 2.00000000 0.46000000
vt 2.00000000 0.52000000
vt 2.00000000 0.58000000
vt 2.00000000 0.64000000
vt 2.00000000 0.70000000
vt 2.00000000 0.76000000
vt 2.00000000 0.82000000
vt 2.00000000 0.88000000
vt 2.00000000 0.94000000
vt 2.00000000 1.00000000
vt 2.00000000 1.09000000
vt 2.00000000 1.18000000
vt 2.00000000 1.27000000
vt 2.00000000 1.36000000
vt 2.00000000 1.45000000
vt 2.00000000 1.54000000
vt 2.00000000 1.63000000
vt 2.00000000 1.72000000
vt 2.00000000 1.81000000
vt 2.00000000 1.90000000
vt 2.00000000 1.91000000
vt 2.00000000 1.92000000
vt 2.00000000 1.93000000
vt 2.00000000 1.94000000
vt 2.00000000 1.95000000
vt 2.00000000 1.96000000
vt 2.00000000 1.97000000
vt 2.00000000 1.98000000
vt 2.00000000 1.99000000
vt 2.00000000 2.00000000
vn -0.92942274 0.0000000e+0 -0.36901676
vn -0.91786502 0.14572413 -0.36917243
vn -0.94691600 0.15033987 -0.28416193
vn -0.95883690 0.0000000e+0 -0.28395740
vn -0.98625138 0.15659364 -5.2788725e-2
vn -0.99860728 0.0000000e+0 -5.2758967e-2
vn -0.92994825 0.14764817 0.33674362
vn -0.94167567 0.0000000e+0 0.33652183
vn -0.58649527 9.3100141e-2 0.80458416
vn -0.59405163 -1.8425589e-18 0.80442692
vn -3.1467159e-2 4.9874500e-3 0.99949234
vn -3.1948036e-2 0.0000000e+0 0.99948953
vn 0.37675260 -5.9809067e-2 0.92438107
vn 0.38164757 0.0000000e+0 0.92430792
vn 0.60311639 -9.5750233e-2 0.79188542
vn 0.61091554 1.7465287e-18 0.79169578
vn 0.73823437 -0.11719967 0.66428476
vn 0.74771955 0.0000000e+0 0.66401467
vn 0.82821840 -0.13148153 0.54476315
vn 0.83875823 0.0000000e+0 0.54450403
vn 0.87816330 -0.13941025 0.45759589
vn 0.88926782 0.0000000e+0 0.45738686
vn -0.88332813 0.28834862 -0.36957608
vn -0.91134437 0.29749786 -0.28451091
vn -0.94930266 0.30989097 -5.2839740e-2
vn -0.89501150 0.29216687 0.33703552
vn -0.56418937 0.18416699 0.80484339
vn -3.0175649e-2 9.8488592e-3 0.99949609
vn 0.36233016 -0.11827209 0.92451531
vn 0.58006638 -0.18934635 0.79225688
vn 0.71014125 -0.23180162 0.66480630
vn 0.79690782 -0.26013143 0.54522433
vn 0.84506150 -0.27585518 0.45801200
vn -0.82700515 0.42320747 -0.37007826
vn -0.85335827 0.43669417 -0.28474177
vn -0.88896633 0.45491164 -5.2860820e-2
vn -0.83809701 0.42888099 0.33712684
vn -0.52810707 0.27025264 0.80502573
vn -2.8257335e-2 1.4465480e-2 0.99949601
vn 0.33896876 -0.17344365 0.92467155
vn 0.54281375 -0.27775758 0.79259319
vn 0.66465847 -0.34012069 0.66524209
vn 0.74600874 -0.38175618 0.54564932
vn 0.79116060 -0.40486058 0.45842428
vn -0.75079632 0.54686938 -0.37045751
vn -0.77479805 0.56436402 -0.28492320
vn -0.80717174 0.58795184 -5.2786458e-2
vn -0.76094480 0.55426608 0.33727159
vn -0.47940893 0.34918883 0.80512995
vn -2.5683978e-2 1.8707051e-2 0.99949506
vn 0.30756380 -0.22402346 0.92477997
vn 0.49264456 -0.35883322 0.79280518
vn 0.60330066 -0.43942520 0.66553272
vn 0.67721784 -0.49326016 0.54595825
vn 0.71826316 -0.52315177 0.45870498
vn -0.65675483 0.65675483 -0.37060245
vn -0.67777373 0.67777373 -0.28503602
vn -0.70612358 0.70612358 -5.2716102e-2
vn -0.66563887 0.66563887 0.33741635
vn -0.41934181 0.41934181 0.80517382
vn -2.2465664e-2 2.2465664e-2 0.99949517
vn 0.26901307 -0.26901307 0.92480481
vn 0.43088716 -0.43088716 0.79288872
vn 0.52767503 -0.52767503 0.66567118
vn 0.59236999 -0.59236999 0.54607288
vn 0.62829167 -0.62829167 0.45880188
vn -0.54686938 0.75079632 -0.37045751
vn -0.56435198 0.77479063 -0.28496724
vn -0.58794348 0.80717916 -5.2766177e-2
vn -0.55424818 0.76093017 0.33733401
vn -0.34918883 0.47940893 0.80512995
vn -1.8707051e-2 2.5683978e-2 0.99949506
vn 0.22402346 -0.30756380 0.92477997
vn 0.35883322 -0.49264456 0.79280518
vn 0.43942520 -0.60330066 0.66553272
vn 0.49326016 -0.67721784 0.54595825
vn 0.52315177 -0.71826316 0.45870498
vn -0.42320747 0.82700515 -0.37007826
vn -0.43668223 0.85333904 -0.28481767
vn -0.45490918 0.88896969 -5.2825488e-2
vn -0.42886174 0.83806353 0.33723452
vn -0.27025264 0.52810707 0.80502573
vn -1.4465480e-2 2.8257335e-2 0.99949601
vn 0.17344365 -0.33896876 0.92467155
vn 0.27775758 -0.54281375 0.79259319
vn 0.34012069 -0.66465847 0.66524209
vn 0.38175618 -0.74600874 0.54564932
vn 0.40486058 -0.79116060 0.45842428
vn -0.28834862 0.88332813 -0.36957608
vn -0.29749855 0.91133406 -0.28454322
vn -0.30989884 0.94930092 -5.2824864e-2
vn -0.29216579 0.89499460 0.33708132
vn -0.18416699 0.56418937 0.80484339
vn -9.8488592e-3 3.0175649e-2 0.99949609
vn 0.11827209 -0.36233016 0.92451531
vn 0.18934635 -0.58006638 0.79225688
vn 0.23180162 -0.71014125 0.66480630
vn 0.26013143 -0.79690782 0.54522433
vn 0.27585518 -0.84506150 0.45801200
vn -0.14572413 0.91786502 -0.36917243
vn -0.15033987 0.94691600 -0.28416193
vn -0.15659364 0.98625138 -5.2788725e-2
vn -0.14764817 0.92994825 0.33674362
vn -9.3100141e-2 0.58649527 0.80458416
vn -4.9874500e-3 3.1467159e-2 0.99949234
vn 5.9809067e-2 -0.37675260 0.92438107
vn 9.5750233e-2 -0.60311639 0.79188542
vn 0.11719967 -0.73823437 0.66428476
vn 0.13148153 -0.82821840 0.54476315
vn 0.13941025 -0.87816330 0.45759589
vn -2.8399125e-3 0.92848393 -0.37136171
vn -2.5316779e-3 0.95804188 -0.28661707
vn -1.8790506e-3 0.99842716 -5.6032776e-2
vn -1.1508652e-3 0.94279436 0.33337288
vn -4.4285142e-4 0.59565680 0.80323893
vn -3.5217544e-5 3.2191557e-2 0.99948172
vn 5.7714565e-5 -0.38198743 0.92416752
vn 4.6102855e-5 -0.61114530 0.79151843
vn 1.9680127e-5 -0.74780802 0.66391503
vn 4.8672728e-6 -0.83877803 0.54447353
vn 5.3706966e-7 -0.88926977 0.45738308
vn 0.13608212 0.91049808 -0.39048034
vn 0.14182640 0.94073339 -0.30806812
vn 0.15094684 0.98514713 -8.1854713e-2
vn 0.14620812 0.93985100 0.30871231
vn 9.4481596e-2 0.60062047 0.79393217
vn 5.3123316e-3 3.3657314e-2 0.99941931
vn -6.0213103e-2 -0.37966421 0.92316276
vn -9.6001025e-2 -0.60508162 0.79035437
vn -0.11729137 -0.73900280 0.66341359
vn -0.13149969 -0.82839179 0.54449506
vn -0.13941175 -0.87818267 0.45755826
vn 0.27140824 0.86143225 -0.42926919
vn 0.28263795 0.89251564 -0.35147067
vn 0.30175699 0.94380690 -0.13480078
vn 0.29690382 0.91990022 0.25618685
vn 0.19600603 0.60293071 0.77334093
vn 1.1916221e-2 3.6422395e-2 0.99926544
vn -0.12083510 -0.37022493 0.92104961
vn -0.19102705 -0.58532965 0.78797073
vn -0.23244932 -0.71220336 0.66236976
vn -0.26028046 -0.79738908 0.54444902
vn -0.27587197 -0.84511433 0.45790438
vn 0.39928134 0.78776134 -0.46904849
vn 0.41559452 0.81884814 -0.39594056
vn 0.44527986 0.87492561 -0.19034448
vn 0.44583880 0.87297355 0.19785079
vn 0.30200081 0.58955470 0.74914670
vn 1.9918983e-2 3.8616314e-2 0.99905556
vn -0.17995023 -0.35142074 0.91876078
vn -0.28202455 -0.55101297 0.78539599
vn -0.34178347 -0.66786998 0.66116092
vn -0.38215961 -0.74678618 0.54430179
vn -0.40490260 -0.79124019 0.45824977
vn 0.51662643 0.69851642 -0.49514841
vn 0.53741430 0.72824370 -0.42526109
vn 0.57683121 0.78455508 -0.22746226
vn 0.58414359 0.79633017 0.15695389
vn 0.40319793 0.55029576 0.73116756
vn 2.8047112e-2 3.8065656e-2 0.99888156
vn -0.23484618 -0.32190000 0.91718464
vn -0.36594456 -0.50203104 0.78361306
vn -0.44224066 -0.60698924 0.66029331
vn -0.49394731 -0.67810137 0.54423761
vn -0.52321552 -0.71834060 0.45851096
vn 0.62351238 0.59983813 -0.50142450
vn 0.64806171 0.62696272 -0.43235837
vn 0.69510482 0.67906940 -0.23599586
vn 0.70484967 0.69387835 0.14737632
vn 0.48834966 0.48317513 0.72667489
vn 3.4335573e-2 3.3815877e-2 0.99883810
vn -0.28268579 -0.28198313 0.91682837
vn -0.43987890 -0.43934853 0.78324927
vn -0.53125576 -0.53103194 0.66013059
vn -0.59322524 -0.59316628 0.54427712
vn -0.62835632 -0.62834874 0.45863514
vn 0.72006879 0.49364279 -0.48766560
vn 0.74760424 0.51708686 -0.41678421
vn 0.79904214 0.56129111 -0.21560138
vn 0.80297715 0.57117516 0.17025461
vn 0.54926731 0.39407112 0.73689441
vn 3.7379896e-2 2.6700439e-2 0.99894436
vn -0.32133624 -0.23329691 0.91777752
vn -0.50172093 -0.36484936 0.78432204
vn -0.60693961 -0.44181223 0.66062566
vn -0.67808462 -0.49382065 0.54437341
vn -0.71831453 -0.52318082 0.45859139
vn 0.80395360 0.37946422 -0.45789248
vn 0.83343800 0.39812310 -0.38324809
vn 0.88517791 0.43176927 -0.17330715
vn 0.87459261 0.43395535 0.21626495
vn 0.58400557 0.29321563 0.75694260
vn 3.7239925e-2 1.8597340e-2 0.99913329
vn -0.34998496 -0.17838749 0.91961320
vn -0.55014630 -0.28096157 0.78638391
vn -0.66763847 -0.34140502 0.66159012
vn -0.74670212 -0.38204833 0.54449520
vn -0.79118241 -0.40486458 0.45838310
vn 0.86992594 0.25716389 -0.42082726
vn 0.90019515 0.27008327 -0.34161926
vn 0.94857961 0.29207784 -0.12201336
vn 0.91868294 0.28894661 0.26931676
vn 0.59763519 0.19073850 0.77874964
vn 3.5333432e-2 1.1186159e-2 0.99931297
vn -0.36895378 -0.11988191 0.92168402
vn -0.58448408 -0.19035434 0.78876079
vn -0.71197287 -0.23222839 0.66269496
vn -0.79734105 -0.26024231 0.54453759
vn -0.84506150 -0.27585518 0.45801200
vn 0.91206723 0.12913450 -0.38917559
vn 0.94223392 0.13572654 -0.30622465
vn 0.98605278 0.14639398 -7.9175286e-2
vn 0.93950232 0.14296176 0.31128334
vn 0.59954313 9.2779926e-2 0.79494649
vn 3.3396627e-2 5.1051825e-3 0.99942914
vn -0.37934750 -5.9910400e-2 0.92331263
vn -0.60479576 -9.5759685e-2 0.79060241
vn -0.73894669 -0.11719914 0.66349239
vn -0.82840556 -0.13148846 0.54447682
vn -0.87816330 -0.13941025 0.45759589
vn 0.92792967 -4.3526224e-3 -0.37272991
vn 0.95761682 -3.8353794e-3 -0.28801965
vn 0.99834015 -2.7923072e-3 -5.7525248e-2
vn 0.94331568 -1.6902321e-3 0.33189256
vn 0.59644912 -6.4054316e-4 0.80265063
vn 3.2282785e-2 -5.3713261e-5 0.99947877
vn -0.38211939 7.4935734e-5 0.92411296
vn -0.61120015 6.2446258e-5 0.79147607
vn -0.74784005 2.7641494e-5 0.66387894
vn -0.83879000 5.5255746e-6 0.54445508
vn -0.88926782 0.0000000e+0 0.45738686
vn 0.91786502 -0.14572413 -0.36917243
vn 0.94691600 -0.15033987 -0.28416193
vn 0.98625138 -0.15659364 -5.2788725e-2
vn 0.92994825 -0.14764817 0.33674362
vn 0.58649527 -9.3100141e-2 0.80458416
vn 3.1467159e-2 -4.9874500e-3 0.99949234
vn -0.37675260 5.9809067e-2 0.92438107
vn -0.60311639 9.5750233e-2 0.79188542
vn -0.73823437 0.11719967 0.66428476
vn -0.82821840 0.13148153 0.54476315
vn -0.87816330 0.13941025 0.45759589
vn 0.88332813 -0.28834862 -0.36957608
vn 0.91134437 -0.29749786 -0.28451091
vn 0.94930266 -0.30989097 -5.2839740e-2
vn 0.89501150 -0.29216687 0.33703552
vn 0.56418937 -0.18416699 0.80484339
vn 3.0175649e-2 -9.8488592e-3 0.99949609
vn -0.36233016 0.11827209 0.92451531
vn -0.58006638 0.18934635 0.79225688
vn -0.71014125 0.23180162 0.66480630
vn -0.79690782 0.26013143 0.54522433
vn -0.84506150 0.27585518 0.45801200
vn 0.82700515 -0.42320747 -0.37007826
vn 0.85335827 -0.43669417 -0.28474177
vn 0.88896633 -0.45491164 -5.2860820e-2
vn 0.83809701 -0.42888099 0.33712684
vn 0.52810707 -0.27025264 0.80502573
vn 2.8257335e-2 -1.4465480e-2 0.99949601
vn -0.33896876 0.17344365 0.92467155
vn -0.54281375 0.27775758 0.79259319
vn -0.66465847 0.34012069 0.66524209
vn -0.74600874 0.38175618 0.54564932
vn -0.79116060 0.40486058 0.45842428
vn 0.75079632 -0.54686938 -0.37045751
vn 0.77479805 -0.56436402 -0.28492320
vn 0.80717174 -0.58795184 -5.2786458e-2
vn 0.76094480 -0.55426608 0.33727159
vn 0.47940893 -0.34918883 0.80512995
vn 2.5683978e-2 -1.8707051e-2 0.99949506
vn -0.30756380 0.22402346 0.92477997
vn -0.49264456 0.35883322 0.79280518
vn -0.60330066 0.43942520 0.66553272
vn -0.67721784 0.49326016 0.54595825
vn -0.71826316 0.52315177 0.45870498
vn 0.65675483 -0.65675483 -0.37060245
vn 0.67777373 -0.67777373 -0.28503602
vn 0.70612358 -0.70612358 -5.2716102e-2
vn 0.66563887 -0.66563887 0.33741635
vn 0.41934181 -0.41934181 0.80517382
vn 2.2465664e-2 -2.2465664e-2 0.99949517
vn -0.26901307 0.26901307 0.92480481
vn -0.43088716 0.43088716 0.79288872
vn -0.52767503 0.52767503 0.66567118
vn -0.59236999 0.59236999 0.54607288
vn -0.62829167 0.62829167 0.45880188
vn 0.54686938 -0.75079632 -0.37045751
vn 0.56435198 -0.77479063 -0.28496724
vn 0.58794348 -0.80717916 -5.2766177e-2
vn 0.55424818 -0.76093017 0.33733401
vn 0.34918883 -0.47940893 0.80512995
vn 1.8707051e-2 -2.5683978e-2 0.99949506
vn -0.22402346 0.30756380 0.92477997
vn -0.35883322 0.49264456 0.79280518
vn -0.43942520 0.60330066 0.66553272
vn -0.49326016 0.67721784 0.54595825
vn -0.52315177 0.71826316 0.45870498
vn 0.42320747 -0.82700515 -0.37007826
vn 0.43668223 -0.85333904 -0.28481767
vn 0.45490918 -0.88896969 -5.2825488e-2
vn 0.42886174 -0.83806353 0.33723452
vn 0.27025264 -0.52810707 0.80502573
vn 1.4465480e-2 -2.8257335e-2 0.99949601
vn -0.17344365 0.33896876 0.92467155
vn -0.27775758 0.54281375 0.79259319
vn -0.34012069 0.66465847 0.66524209
vn -0.38175618 0.74600874 0.54564932
vn -0.40486058 0.79116060 0.45842428
vn 0.28834862 -0.88332813 -0.36957608
vn 0.29749855 -0.91133406 -0.28454322
vn 0.30989884 -0.94930092 -5.2824864e-2
vn 0.29216579 -0.89499460 0.33708132
vn 0.18416699 -0.56418937 0.80484339
vn 9.8488592e-3 -3.0175649e-2 0.99949609
vn -0.11827209 0.36233016 0.92451531
vn -0.18934635 0.58006638 0.79225688
vn -0.23180162 0.71014125 0.66480630
vn -0.26013143 0.79690782 0.54522433
vn -0.27585518 0.84506150 0.45801200
vn 0.14572413 -0.91786502 -0.36917243
vn 0.15033987 -0.94691600 -0.28416193
vn 0.15659364 -0.98625138 -5.2788725e-2
vn 0.14764817 -0.92994825 0.33674362
vn 9.3100141e-2 -0.58649527 0.80458416
vn 4.9874500e-3 -3.1467159e-2 0.99949234
vn -5.9809067e-2 0.37675260 0.92438107
vn -9.5750233e-2 0.60311639 0.79188542
vn -0.11719967 0.73823437 0.66428476
vn -0.13148153 0.82821840 0.54476315
vn -0.13941025 0.87816330 0.45759589
vn 0.0000000e+0 -0.92942274 -0.36901676
vn 0.0000000e+0 -0.95883690 -0.28395740
vn 0.0000000e+0 -0.99860728 -5.2758967e-2
vn 0.0000000e+0 -0.94167567 0.33652183
vn -1.8425589e-18 -0.59405163 0.80442692
vn 0.0000000e+0 -3.1948036e-2 0.99948953
vn 0.0000000e+0 0.38164757 0.92430792
vn 1.7465287e-18 0.61091554 0.79169578
vn 0.0000000e+0 0.74771955 0.66401467
vn 0.0000000e+0 0.83875823 0.54450403
vn 0.0000000e+0 0.88926782 0.45738686
vn -0.14572413 -0.91786502 -0.36917243
vn -0.15033987 -0.94691600 -0.28416193
vn -0.15659364 -0.98625138 -5.2788725e-2
vn -0.14764817 -0.92994825 0.33674362
vn -9.3100141e-2 -0.58649527 0.80458416
vn -4.9874500e-3 -3.1467159e-2 0.99949234
vn 5.9809067e-2 0.37675260 0.92438107
vn 9.5750233e-2 0.60311639 0.79188542
vn 0.11719967 0.73823437 0.66428476
vn 0.13148153 0.82821840 0.54476315
vn 0.13941025 0.87816330 0.45759589
vn -0.28834862 -0.88332813 -0.36957608
vn -0.29749786 -0.91134437 -0.28451091
vn -0.30989097 -0.94930266 -5.2839740e-2
vn -0.29216687 -0.89501150 0.33703552
vn -0.18416699 -0.56418937 0.80484339
vn -9.8488592e-3 -3.0175649e-2 0.99949609
vn 0.11827209 0.36233016 0.92451531
vn 0.18934635 0.58006638 0.79225688
vn 0.23180162 0.71014125 0.66480630
vn 0.26013143 0.79690782 0.54522433
vn 0.27585518 0.84506150 0.45801200
vn -0.42320747 -0.82700515 -0.37007826
vn -0.43669417 -0.85335827 -0.28474177
vn -0.45491164 -0.88896633 -5.2860820e-2
vn -0.42888099 -0.83809701 0.33712684
vn -0.27025264 -0.52810707 0.80502573
vn -1.4465480e-2 -2.8257335e-2 0.99949601
vn 0.17344365 0.33896876 0.92467155
vn 0.27775758 0.54281375 0.79259319
vn 0.34012069 0.66465847 0.66524209
vn 0.38175618 0.74600874 0.54564932
vn 0.40486058 0.79116060 0.45842428
vn -0.54686938 -0.75079632 -0.37045751
vn -0.56436402 -0.77479805 -0.28492320
vn -0.58795184 -0.80717174 -5.2786458e-2
vn -0.55426608 -0.76094480 0.33727159
vn -0.34918883 -0.47940893 0.80512995
vn -1.8707051e-2 -2.5683978e-2 0.99949506
vn 0.22402346 0.30756380 0.92477997
vn 0.35883322 0.49264456 0.79280518
vn 0.43942520 0.60330066 0.66553272
vn 0.49326016 0.67721784 0.54595825
vn 0.52315177 0.71826316 0.45870498
vn -0.65675483 -0.65675483 -0.37060245
vn -0.67777373 -0.67777373 -0.28503602
vn -0.70612358 -0.70612358 -5.2716102e-2
vn -0.66563887 -0.66563887 0.33741635
vn -0.41934181 -0.41934181 0.80517382
vn -2.2465664e-2 -2.2465664e-2 0.99949517
vn 0.26901307 0.26901307 0.92480481
vn 0.43088716 0.43088716 0.79288872
vn 0.52767503 0.52767503 0.66567118
vn 0.59236999 0.59236999 0.54607288
vn 0.62829167 0.62829167 0.45880188
vn -0.75079632 -0.54686938 -0.37045751
vn -0.77479063 -0.56435198 -0.28496724
vn -0.80717916 -0.58794348 -5.2766177e-2
vn -0.76093017 -0.55424818 0.33733401
vn -0.47940893 -0.34918883 0.80512995
vn -2.5683978e-2 -1.8707051e-2 0.99949506
vn 0.30756380 0.22402346 0.92477997
vn 0.49264456 0.35883322 0.79280518
vn 0.60330066 0.43942520 0.66553272
vn 0.67721784 0.49326016 0.54595825
vn 0.71826316 0.52315177 0.45870498
vn -0.82700515 -0.42320747 -0.37007826
vn -0.85333904 -0.43668223 -0.28481767
vn -0.88896969 -0.45490918 -5.2825488e-2
vn -0.83806353 -0.42886174 0.33723452
vn -0.52810707 -0.27025264 0.80502573
vn -2.8257335e-2 -1.4465480e-2 0.99949601
vn 0.33896876 0.17344365 0.92467155
vn 0.54281375 0.27775758 0.79259319
vn 0.66465847 0.34012069 0.66524209
vn 0.74600874 0.38175618 0.54564932
vn 0.79116060 0.40486058 0.45842428
vn -0.88332813 -0.28834862 -0.36957608
vn -0.91133406 -0.29749855 -0.28454322
vn -0.94930092 -0.30989884 -5.2824864e-2
vn -0.89499460 -0.29216579 0.33708132
vn -0.56418937 -0.18416699 0.80484339
vn -3.0175649e-2 -9.8488592e-3 0.99949609
vn 0.36233016 0.11827209 0.92451531
vn 0.58006638 0.18934635 0.79225688
vn 0.71014125 0.23180162 0.66480630
vn 0.79690782 0.26013143 0.54522433
vn 0.84506150 0.27585518 0.45801200
vn -0.91786502 -0.14572413 -0.36917243
vn -0.94691600 -0.15033987 -0.28416193
vn -0.98625138 -0.15659364 -5.2788725e-2
vn -0.92994825 -0.14764817 0.33674362
vn -0.58649527 -9.3100141e-2 0.80458416
vn -3.1467159e-2 -4.9874500e-3 0.99949234
vn 0.37675260 5.9809067e-2 0.92438107
vn 0.60311639 9.5750233e-2 0.79188542
vn 0.73823437 0.11719967 0.66428476
vn 0.82821840 0.13148153 0.54476315
vn 0.87816330 0.13941025 0.45759589
vn 0.89347539 -0.14184111 0.42612536
vn 0.90476753 0.0000000e+0 0.42590576
vn 0.89771197 -0.14252835 0.41689193
vn 0.90905027 -3.4783492e-18 0.41668646
vn 0.90474231 -0.14365232 0.40100544
vn 0.91617247 3.4786038e-18 0.40078424
vn 0.91444750 -0.14518704 0.37776514
vn 0.92598589 0.0000000e+0 0.37755811
vn 0.92661535 -0.14712184 0.34603347
vn 0.93829077 0.0000000e+0 0.34584742
vn 0.94077687 -0.14937001 0.30434762
vn 0.95262136 3.4801899e-18 0.30415876
vn 0.95605934 -0.15179327 0.25081734
vn 0.96807227 0.0000000e+0 0.25067124
vn 0.97091289 -0.15415141 0.18320892
vn 0.98309618 -3.4822940e-18 0.18308985
vn 0.98275316 -0.15602713 9.9255997e-2
vn 0.99506887 -3.4837556e-18 9.9186368e-2
vn 0.98724399 -0.15674303 -2.7945047e-2
vn 0.99961041 0.0000000e+0 -2.7911215e-2
vn 0.85981144 -0.28067027 0.42655420
vn 0.86390494 -0.28201907 0.41729307
vn 0.87066819 -0.28423362 0.40143263
vn 0.88003004 -0.28728180 0.37817497
vn 0.89177198 -0.29111329 0.34640408
vn 0.90542591 -0.29557688 0.30469368
vn 0.92016942 -0.30039665 0.25109778
vn 0.93449523 -0.30507572 0.18343248
vn 0.94591847 -0.30880513 9.9386324e-2
vn 0.95025340 -0.31021809 -2.7986052e-2
vn 0.80499237 -0.41193130 0.42696591
vn 0.80884302 -0.41390474 0.41767912
vn 0.81517906 -0.41715683 0.40182494
vn 0.82395580 -0.42164648 0.37856449
vn 0.83497657 -0.42727832 0.34676701
vn 0.84779484 -0.43383586 0.30500877
vn 0.86162983 -0.44091719 0.25136839
vn 0.87507428 -0.44779680 0.18363830
vn 0.88579419 -0.45328855 9.9489402e-2
vn 0.88985898 -0.45537513 -2.8008518e-2
vn 0.73083342 -0.53230554 0.42723919
vn 0.73433671 -0.53485947 0.41794132
vn 0.74009905 -0.53905757 0.40208250
vn 0.74807310 -0.54487224 0.37881510
vn 0.75808399 -0.55217063 0.34701046
vn 0.76973741 -0.56066677 0.30521648
vn 0.78231275 -0.56982824 0.25156019
vn 0.79454486 -0.57871845 0.18380269
vn 0.80430746 -0.58581526 9.9548981e-2
vn 0.80800014 -0.58851429 -2.8048197e-2
vn 0.63929243 -0.63929243 0.42732935
vn 0.64235804 -0.64235804 0.41803385
vn 0.64740132 -0.64740132 0.40217291
vn 0.65438509 -0.65438509 0.37889355
vn 0.66314765 -0.66314765 0.34708844
vn 0.67335106 -0.67335106 0.30528133
vn 0.68435456 -0.68435456 0.25163005
vn 0.69505030 -0.69505030 0.18387542
vn 0.70359278 -0.70359278 9.9571092e-2
vn 0.70682347 -0.70683209 -2.8088727e-2
vn 0.53230554 -0.73083342 0.42723919
vn 0.53485947 -0.73433671 0.41794132
vn 0.53905757 -0.74009905 0.40208250
vn 0.54487224 -0.74807310 0.37881510
vn 0.55217063 -0.75808399 0.34701046
vn 0.56066677 -0.76973741 0.30521648
vn 0.56982824 -0.78231275 0.25156019
vn 0.57871845 -0.79454486 0.18380269
vn 0.58581526 -0.80430746 9.9548981e-2
vn 0.58851436 -0.80799901 -2.8079284e-2
vn 0.41193130 -0.80499237 0.42696591
vn 0.41390474 -0.80884302 0.41767912
vn 0.41715683 -0.81517906 0.40182494
vn 0.42164446 -0.82395913 0.37855951
vn 0.42727266 -0.83497932 0.34676738
vn 0.43383241 -0.84779463 0.30501427
vn 0.44091719 -0.86162983 0.25136839
vn 0.44779680 -0.87507428 0.18363830
vn 0.45328855 -0.88579419 9.9489402e-2
vn 0.45538097 -0.88985548 -2.8024980e-2
vn 0.28067027 -0.85981144 0.42655420
vn 0.28201907 -0.86390494 0.41729307
vn 0.28423362 -0.87066819 0.40143263
vn 0.28728169 -0.88003363 0.37816668
vn 0.29111087 -0.89177273 0.34640418
vn 0.29557477 -0.90542369 0.30470232
vn 0.30039665 -0.92016942 0.25109778
vn 0.30507572 -0.93449523 0.18343248
vn 0.30880513 -0.94591847 9.9386324e-2
vn 0.31021809 -0.95025340 -2.7986052e-2
vn 0.14184111 -0.89347539 0.42612536
vn 0.14252835 -0.89771197 0.41689193
vn 0.14365232 -0.90474231 0.40100544
vn 0.14518919 -0.91444841 0.37776211
vn 0.14712553 -0.92661467 0.34603372
vn 0.14937159 -0.94077553 0.30435099
vn 0.15179327 -0.95605934 0.25081734
vn 0.15415141 -0.97091289 0.18320892
vn 0.15602713 -0.98275316 9.9255997e-2
vn 0.15674303 -0.98724399 -2.7945047e-2
vn 0.0000000e+0 -0.90476753 0.42590576
vn -3.4783492e-18 -0.90905027 0.41668646
vn -3.4786038e-18 -0.91617247 0.40078424
vn 0.0000000e+0 -0.92598589 0.37755811
vn 0.0000000e+0 -0.93829077 0.34584742
vn -3.4801899e-18 -0.95262136 0.30415876
vn 0.0000000e+0 -0.96807227 0.25067124
vn 3.4822940e-18 -0.98309618 0.18308985
vn 3.4837556e-18 -0.99506887 9.9186368e-2
vn 0.0000000e+0 -0.99961041 -2.7911215e-2
vn -0.14184111 -0.89347539 0.42612536
vn -0.14252835 -0.89771197 0.41689193
vn -0.14365232 -0.90474231 0.40100544
vn -0.14518704 -0.91444750 0.37776514
vn -0.14712184 -0.92661535 0.34603347
vn -0.14937001 -0.94077687 0.30434762
vn -0.15179327 -0.95605934 0.25081734
vn -0.15415141 -0.97091289 0.18320892
vn -0.15602713 -0.98275316 9.9255997e-2
vn -0.15674303 -0.98724399 -2.7945047e-2
vn -0.28067027 -0.85981144 0.42655420
vn -0.28201907 -0.86390494 0.41729307
vn -0.28423362 -0.87066819 0.40143263
vn -0.28728180 -0.88003004 0.37817497
vn -0.29111329 -0.89177198 0.34640408
vn -0.29557688 -0.90542591 0.30469368
vn -0.30039665 -0.92016942 0.25109778
vn -0.30507572 -0.93449523 0.18343248
vn -0.30880513 -0.94591847 9.9386324e-2
vn -0.31021809 -0.95025340 -2.7986052e-2
vn -0.41193130 -0.80499237 0.42696591
vn -0.41390474 -0.80884302 0.41767912
vn -0.41715683 -0.81517906 0.40182494
vn -0.42164648 -0.82395580 0.37856449
vn -0.42727832 -0.83497657 0.34676701
vn -0.43383586 -0.84779484 0.30500877
vn -0.44091719 -0.86162983 0.25136839
vn -0.44779680 -0.87507428 0.18363830
vn -0.45328855 -0.88579419 9.9489402e-2
vn -0.45537513 -0.88985898 -2.8008518e-2
vn -0.53230554 -0.73083342 0.42723919
vn -0.53485947 -0.73433671 0.41794132
vn -0.53905757 -0.74009905 0.40208250
vn -0.54487224 -0.74807310 0.37881510
vn -0.55217063 -0.75808399 0.34701046
vn -0.56066677 -0.76973741 0.30521648
vn -0.56982824 -0.78231275 0.25156019
vn -0.57871845 -0.79454486 0.18380269
vn -0.58581526 -0.80430746 9.9548981e-2
vn -0.58851429 -0.80800014 -2.8048197e-2
vn -0.63929243 -0.63929243 0.42732935
vn -0.64235804 -0.64235804 0.41803385
vn -0.64740132 -0.64740132 0.40217291
vn -0.65438509 -0.65438509 0.37889355
vn -0.66314765 -0.66314765 0.34708844
vn -0.67335106 -0.67335106 0.30528133
vn -0.68435456 -0.68435456 0.25163005
vn -0.69505030 -0.69505030 0.18387542
vn -0.70359278 -0.70359278 9.9571092e-2
vn -0.70683209 -0.70682347 -2.8088727e-2
vn -0.73083342 -0.53230554 0.42723919
vn -0.73433671 -0.53485947 0.41794132
vn -0.74009905 -0.53905757 0.40208250
vn -0.74807310 -0.54487224 0.37881510
vn -0.75808399 -0.55217063 0.34701046
vn -0.76973741 -0.56066677 0.30521648
vn -0.78231275 -0.56982824 0.25156019
vn -0.79454486 -0.57871845 0.18380269
vn -0.80430746 -0.58581526 9.9548981e-2
vn -0.80799901 -0.58851436 -2.8079284e-2
vn -0.80499237 -0.41193130 0.42696591
vn -0.80884302 -0.41390474 0.41767912
vn -0.81517906 -0.41715683 0.40182494
vn -0.82395913 -0.42164446 0.37855951
vn -0.83497932 -0.42727266 0.34676738
vn -0.84779463 -0.43383241 0.30501427
vn -0.86162983 -0.44091719 0.25136839
vn -0.87507428 -0.44779680 0.18363830
vn -0.88579419 -0.45328855 9.9489402e-2
vn -0.88985548 -0.45538097 -2.8024980e-2
vn -0.85981144 -0.28067027 0.42655420
vn -0.86390494 -0.28201907 0.41729307
vn -0.87066819 -0.28423362 0.40143263
vn -0.88003363 -0.28728169 0.37816668
vn -0.89177273 -0.29111087 0.34640418
vn -0.90542369 -0.29557477 0.30470232
vn -0.92016942 -0.30039665 0.25109778
vn -0.93449523 -0.30507572 0.18343248
vn -0.94591847 -0.30880513 9.9386324e-2
vn -0.95025340 -0.31021809 -2.7986052e-2
vn -0.89347539 -0.14184111 0.42612536
vn -0.89771197 -0.14252835 0.41689193
vn -0.90474231 -0.14365232 0.40100544
vn -0.91444841 -0.14518919 0.37776211
vn -0.92661467 -0.14712553 0.34603372
vn -0.94077553 -0.14937159 0.30435099
vn -0.95605934 -0.15179327 0.25081734
vn -0.97091289 -0.15415141 0.18320892
vn -0.98275316 -0.15602713 9.9255997e-2
vn -0.98724399 -0.15674303 -2.7945047e-2
vn -0.90476753 0.0000000e+0 0.42590576
vn -0.90905027 0.0000000e+0 0.41668646
vn -0.91617247 3.4786038e-18 0.40078424
vn -0.92598589 0.0000000e+0 0.37755811
vn -0.93829077 0.0000000e+0 0.34584742
vn -0.95262136 3.4801899e-18 0.30415876
vn -0.96807227 0.0000000e+0 0.25067124
vn -0.98309618 -3.4822940e-18 0.18308985
vn -0.99506887 -3.4837556e-18 9.9186368e-2
vn -0.99961041 0.0000000e+0 -2.7911215e-2
vn -0.89347539 0.14184111 0.42612536
vn -0.89771197 0.14252835 0.41689193
vn -0.90474231 0.14365232 0.40100544
vn -0.91444750 0.14518704 0.37776514
vn -0.92661535 0.14712184 0.34603347
vn -0.94077687 0.14937001 0.30434762
vn -0.95605934 0.15179327 0.25081734
vn -0.97091289 0.15415141 0.18320892
vn -0.98275316 0.15602713 9.9255997e-2
vn -0.98724399 0.15674303 -2.7945047e-2
vn -0.85981144 0.28067027 0.42655420
vn -0.86390494 0.28201907 0.41729307
vn -0.87066819 0.28423362 0.40143263
vn -0.88003004 0.28728180 0.37817497
vn -0.89177198 0.29111329 0.34640408
vn -0.90542591 0.29557688 0.30469368
vn -0.92016942 0.30039665 0.25109778
vn -0.93449523 0.30507572 0.18343248
vn -0.94591847 0.30880513 9.9386324e-2
vn -0.95025340 0.31021809 -2.7986052e-2
vn -0.80499237 0.41193130 0.42696591
vn -0.80884302 0.41390474 0.41767912
vn -0.81517906 0.41715683 0.40182494
vn -0.82395580 0.42164648 0.37856449
vn -0.83497657 0.42727832 0.34676701
vn -0.84779484 0.43383586 0.30500877
vn -0.86162983 0.44091719 0.25136839
vn -0.87507428 0.44779680 0.18363830
vn -0.88579419 0.45328855 9.9489402e-2
vn -0.88985898 0.45537513 -2.8008518e-2
vn -0.73083342 0.53230554 0.42723919
vn -0.73433671 0.53485947 0.41794132
vn -0.74009905 0.53905757 0.40208250
vn -0.74807310 0.54487224 0.37881510
vn -0.75808399 0.55217063 0.34701046
vn -0.76973741 0.56066677 0.30521648
vn -0.78231275 0.56982824 0.25156019
vn -0.79454486 0.57871845 0.18380269
vn -0.80430746 0.58581526 9.9548981e-2
vn -0.80800014 0.58851429 -2.8048197e-2
vn -0.63929243 0.63929243 0.42732935
vn -0.64235804 0.64235804 0.41803385
vn -0.64740132 0.64740132 0.40217291
vn -0.65438509 0.65438509 0.37889355
vn -0.66314765 0.66314765 0.34708844
vn -0.67335106 0.67335106 0.30528133
vn -0.68435456 0.68435456 0.25163005
vn -0.69505030 0.69505030 0.18387542
vn -0.70359278 0.70359278 9.9571092e-2
vn -0.70682347 0.70683209 -2.8088727e-2
vn -0.53230554 0.73083342 0.42723919
vn -0.53485947 0.73433671 0.41794132
vn -0.53905757 0.74009905 0.40208250
vn -0.54487224 0.74807310 0.37881510
vn -0.55217063 0.75808399 0.34701046
vn -0.56066677 0.76973741 0.30521648
vn -0.56982824 0.78231275 0.25156019
vn -0.57871845 0.79454486 0.18380269
vn -0.58581526 0.80430746 9.9548981e-2
vn -0.58851436 0.80799901 -2.8079284e-2
vn -0.41193130 0.80499237 0.42696591
vn -0.41390474 0.80884302 0.41767912
vn -0.41715683 0.81517906 0.40182494
vn -0.42164446 0.82395913 0.37855951
vn -0.42727266 0.83497932 0.34676738
vn -0.43383241 0.84779463 0.30501427
vn -0.44091719 0.86162983 0.25136839
vn -0.44779680 0.87507428 0.18363830
vn -0.45328855 0.88579419 9.9489402e-2
vn -0.45538097 0.88985548 -2.8024980e-2
vn -0.28067027 0.85981144 0.42655420
vn -0.28201907 0.86390494 0.41729307
vn -0.28423362 0.87066819 0.40143263
vn -0.28728169 0.88003363 0.37816668
vn -0.29111087 0.89177273 0.34640418
vn -0.29557477 0.90542369 0.30470232
vn -0.30039665 0.92016942 0.25109778
vn -0.30507572 0.93449523 0.18343248
vn -0.30880513 0.94591847 9.9386324e-2
vn -0.31021809 0.95025340 -2.7986052e-2
vn -0.14184111 0.89347539 0.42612536
vn -0.14252835 0.89771197 0.41689193
vn -0.14365232 0.90474231 0.40100544
vn -0.14518919 0.91444841 0.37776211
vn -0.14712553 0.92661467 0.34603372
vn -0.14937159 0.94077553 0.30435099
vn -0.15179327 0.95605934 0.25081734
vn -0.15415141 0.97091289 0.18320892
vn -0.15602713 0.98275316 9.9255997e-2
vn -0.15674303 0.98724399 -2.7945047e-2
vn -3.4782030e-18 0.90476753 0.42590576
vn 0.0000000e+0 0.90905027 0.41668646
vn 3.4786038e-18 0.91617247 0.40078424
vn 0.0000000e+0 0.92598589 0.37755811
vn 0.0000000e+0 0.93829077 0.34584742
vn 3.4801899e-18 0.95262136 0.30415876
vn 0.0000000e+0 0.96807227 0.25067124
vn -3.4822940e-18 0.98309618 0.18308985
vn -3.4837556e-18 0.99506887 9.9186368e-2
vn 0.0000000e+0 0.99961041 -2.7911215e-2
vn 0.14184111 0.89347539 0.42612536
vn 0.14252835 0.89771197 0.41689193
vn 0.14365232 0.90474231 0.40100544
vn 0.14518704 0.91444750 0.37776514
vn 0.14712184 0.92661535 0.34603347
vn 0.14937001 0.94077687 0.30434762
vn 0.15179327 0.95605934 0.25081734
vn 0.15415141 0.97091289 0.18320892
vn 0.15602713 0.98275316 9.9255997e-2
vn 0.15674303 0.98724399 -2.7945047e-2
vn 0.28067027 0.85981144 0.42655420
vn 0.28201907 0.86390494 0.41729307
vn 0.28423362 0.87066819 0.40143263
vn 0.28728180 0.88003004 0.37817497
vn 0.29111329 0.89177198 0.34640408
vn 0.29557688 0.90542591 0.30469368
vn 0.30039665 0.92016942 0.25109778
vn 0.30507572 0.93449523 0.18343248
vn 0.30880513 0.94591847 9.9386324e-2
vn 0.31021809 0.95025340 -2.7986052e-2
vn 0.41193130 0.80499237 0.42696591
vn 0.41390474 0.80884302 0.41767912
vn 0.41715683 0.81517906 0.40182494
vn 0.42164648 0.82395580 0.37856449
vn 0.42727832 0.83497657 0.34676701
vn 0.43383586 0.84779484 0.30500877
vn 0.44091719 0.86162983 0.25136839
vn 0.44779680 0.87507428 0.18363830
vn 0.45328855 0.88579419 9.9489402e-2
vn 0.45537513 0.88985898 -2.8008518e-2
vn 0.53230554 0.73083342 0.42723919
vn 0.53485947 0.73433671 0.41794132
vn 0.53905757 0.74009905 0.40208250
vn 0.54487224 0.74807310 0.37881510
vn 0.55217063 0.75808399 0.34701046
vn 0.56066677 0.76973741 0.30521648
vn 0.56982824 0.78231275 0.25156019
vn 0.57871845 0.79454486 0.18380269
vn 0.58581526 0.80430746 9.9548981e-2
vn 0.58851429 0.80800014 -2.8048197e-2
vn 0.63929243 0.63929243 0.42732935
vn 0.64235804 0.64235804 0.41803385
vn 0.64740132 0.64740132 0.40217291
vn 0.65438509 0.65438509 0.37889355
vn 0.66314765 0.66314765 0.34708844
vn 0.67335106 0.67335106 0.30528133
vn 0.68435456 0.68435456 0.25163005
vn 0.69505030 0.69505030 0.18387542
vn 0.70359278 0.70359278 9.9571092e-2
vn 0.70683209 0.70682347 -2.8088727e-2
vn 0.73083342 0.53230554 0.42723919
vn 0.73433671 0.53485947 0.41794132
vn 0.74009905 0.53905757 0.40208250
vn 0.74807310 0.54487224 0.37881510
vn 0.75808399 0.55217063 0.34701046
vn 0.76973741 0.56066677 0.30521648
vn 0.78231275 0.56982824 0.25156019
vn 0.79454486 0.57871845 0.18380269
vn 0.80430746 0.58581526 9.9548981e-2
vn 0.80799901 0.58851436 -2.8079284e-2
vn 0.80499237 0.41193130 0.42696591
vn 0.80884302 0.41390474 0.41767912
vn 0.81517906 0.41715683 0.40182494
vn 0.82395913 0.42164446 0.37855951
vn 0.83497932 0.42727266 0.34676738
vn 0.84779463 0.43383241 0.30501427
vn 0.86162983 0.44091719 0.25136839
vn 0.87507428 0.44779680 0.18363830
vn 0.88579419 0.45328855 9.9489402e-2
vn 0.88985548 0.45538097 -2.8024980e-2
vn 0.85981144 0.28067027 0.42655420
vn 0.86390494 0.28201907 0.41729307
vn 0.87066819 0.28423362 0.40143263
vn 0.88003363 0.28728169 0.37816668
vn 0.89177273 0.29111087 0.34640418
vn 0.90542369 0.29557477 0.30470232
vn 0.92016942 0.30039665 0.25109778
vn 0.93449523 0.30507572 0.18343248
vn 0.94591847 0.30880513 9.9386324e-2
vn 0.95025340 0.31021809 -2.7986052e-2
vn 0.89347539 0.14184111 0.42612536
vn 0.89771197 0.14252835 0.41689193
vn 0.90474231 0.14365232 0.40100544
vn 0.91444841 0.14518919 0.37776211
vn 0.92661467 0.14712553 0.34603372
vn 0.94077553 0.14937159 0.30435099
vn 0.95605934 0.15179327 0.25081734
vn 0.97091289 0.15415141 0.18320892
vn 0.98275316 0.15602713 9.9255997e-2
vn 0.98724399 0.15674303 -2.7945047e-2
vn 0.96516313 -0.15323809 -0.21208071
vn 0.97727869 0.0000000e+0 -0.21195841
vn 0.90613517 -0.14386097 -0.39777263
vn 0.91757649 -3.4926339e-18 -0.39755928
vn 0.83037272 -0.13183299 -0.54138823
vn 0.84093268 0.0000000e+0 -0.54113975
vn 0.75575998 -0.11998496 -0.64376274
vn 0.76542232 -1.7404579e-18 -0.64352830
vn 0.69332710 -0.11006572 -0.71216787
vn 0.70223012 -1.7386404e-18 -0.71195004
vn 0.64942775 -0.10309020 -0.75340296
vn 0.65779234 0.0000000e+0 -0.75319934
vn 0.63141757 -0.10023055 -0.76893803
vn 0.63957138 -1.7369110e-18 -0.76873171
vn 0.65753581 -0.10438339 -0.74615733
vn 0.66600729 0.0000000e+0 -0.74594523
vn 0.79122771 -0.12561431 -0.59848121
vn 0.80130999 3.5235476e-18 -0.59824937
vn 0.93850858 -0.14900198 -0.31144833
vn 0.95031546 0.0000000e+0 -0.31128848
vn 0.92895278 -0.30325839 -0.21232305
vn 0.87201447 -0.28466552 -0.39819130
vn 0.79897265 -0.26081765 -0.54186424
vn 0.72708448 -0.23734420 -0.64421727
vn 0.66694311 -0.21770703 -0.71259423
vn 0.62466900 -0.20390453 -0.75379811
vn 0.60731117 -0.19823577 -0.76933460
vn 0.63246335 -0.20644887 -0.74657148
vn 0.76126916 -0.24850404 -0.59892822
vn 0.90323924 -0.29486305 -0.31179264
vn 0.86986753 -0.44514203 -0.21255365
vn 0.81644445 -0.41779655 -0.39857810
vn 0.74794509 -0.38273513 -0.54230246
vn 0.68054701 -0.34824404 -0.64465638
vn 0.62418774 -0.31940474 -0.71300089
vn 0.58457782 -0.29913628 -0.75417920
vn 0.56831317 -0.29081982 -0.76970382
vn 0.59189285 -0.30288356 -0.74694337
vn 0.71259627 -0.36464448 -0.59936713
vn 0.84569258 -0.43277590 -0.31226443
vn 0.78982117 -0.57527598 -0.21269713
vn 0.74124853 -0.53989170 -0.39883275
vn 0.67898360 -0.49454238 -0.54259479
vn 0.61773656 -0.44993148 -0.64495210
vn 0.56653325 -0.41263820 -0.71328101
vn 0.53055731 -0.38643853 -0.75443635
vn 0.51578771 -0.37568019 -0.76995287
vn 0.53722511 -0.39129846 -0.74717782
vn 0.64686389 -0.47115772 -0.59964783
vn 0.76782210 -0.55925239 -0.31254758
vn 0.69091151 -0.69092921 -0.21273954
vn 0.64840625 -0.64841528 -0.39890721
vn 0.59391906 -0.59391906 -0.54269724
vn 0.54032883 -0.54032883 -0.64505001
vn 0.49551493 -0.49551995 -0.71338975
vn 0.46405154 -0.46406342 -0.75452058
vn 0.45113303 -0.45113988 -0.77003364
vn 0.46987455 -0.46988051 -0.74728188
vn 0.56583288 -0.56585225 -0.59970358
vn 0.67168535 -0.67169869 -0.31250544
vn 0.57527720 -0.78982052 -0.21269624
vn 0.53989973 -0.74125846 -0.39880343
vn 0.49454238 -0.67898360 -0.54259479
vn 0.44993148 -0.61773656 -0.64495210
vn 0.41262932 -0.56652267 -0.71329455
vn 0.38643825 -0.53055971 -0.75443481
vn 0.37568945 -0.51580158 -0.76993907
vn 0.39127614 -0.53719308 -0.74721254
vn 0.47118208 -0.64689492 -0.59959520
vn 0.55927459 -0.76785156 -0.31243546
vn 0.44515444 -0.86986118 -0.21255363
vn 0.41780588 -0.81644705 -0.39856299
vn 0.38273513 -0.74794509 -0.54230246
vn 0.34824404 -0.68054701 -0.64465638
vn 0.31940434 -0.62418073 -0.71300721
vn 0.29914235 -0.58457492 -0.75417904
vn 0.29082176 -0.56831277 -0.76970339
vn 0.30287452 -0.59187697 -0.74695962
vn 0.36466744 -0.71261542 -0.59933040
vn 0.43279410 -0.84570501 -0.31220556
vn 0.30325839 -0.92895278 -0.21232305
vn 0.28466552 -0.87201447 -0.39819130
vn 0.26081765 -0.79897265 -0.54186424
vn 0.23734420 -0.72708448 -0.64421727
vn 0.21770703 -0.66694311 -0.71259423
vn 0.20390453 -0.62466900 -0.75379811
vn 0.19823145 -0.60730179 -0.76934312
vn 0.20644862 -0.63246915 -0.74656664
vn 0.24850706 -0.76128115 -0.59891173
vn 0.29486305 -0.90323924 -0.31179264
vn 0.15323809 -0.96516313 -0.21208071
vn 0.14386097 -0.90613517 -0.39777263
vn 0.13183299 -0.83037272 -0.54138823
vn 0.11998496 -0.75575998 -0.64376274
vn 0.11006572 -0.69332710 -0.71216787
vn 0.10309020 -0.64942775 -0.75340296
vn 0.10023108 -0.63141340 -0.76894138
vn 0.10438689 -0.65753704 -0.74615576
vn 0.12561713 -0.79123189 -0.59847509
vn 0.14900198 -0.93850858 -0.31144833
vn 0.0000000e+0 -0.97727869 -0.21195841
vn 3.4926339e-18 -0.91757649 -0.39755928
vn 0.0000000e+0 -0.84093268 -0.54113975
vn 1.7404579e-18 -0.76542232 -0.64352830
vn 1.7386404e-18 -0.70223012 -0.71195004
vn -1.7374636e-18 -0.65779234 -0.75319934
vn 0.0000000e+0 -0.63957138 -0.76873171
vn 0.0000000e+0 -0.66600729 -0.74594523
vn -3.5235476e-18 -0.80130999 -0.59824937
vn 0.0000000e+0 -0.95031546 -0.31128848
vn -0.15323809 -0.96516313 -0.21208071
vn -0.14386097 -0.90613517 -0.39777263
vn -0.13183299 -0.83037272 -0.54138823
vn -0.11998496 -0.75575998 -0.64376274
vn -0.11006572 -0.69332710 -0.71216787
vn -0.10309020 -0.64942775 -0.75340296
vn -0.10023055 -0.63141757 -0.76893803
vn -0.10438339 -0.65753581 -0.74615733
vn -0.12561431 -0.79122771 -0.59848121
vn -0.14900198 -0.93850858 -0.31144833
vn -0.30325839 -0.92895278 -0.21232305
vn -0.28466552 -0.87201447 -0.39819130
vn -0.26081765 -0.79897265 -0.54186424
vn -0.23734420 -0.72708448 -0.64421727
vn -0.21770703 -0.66694311 -0.71259423
vn -0.20390453 -0.62466900 -0.75379811
vn -0.19823577 -0.60731117 -0.76933460
vn -0.20644887 -0.63246335 -0.74657148
vn -0.24850404 -0.76126916 -0.59892822
vn -0.29486305 -0.90323924 -0.31179264
vn -0.44514203 -0.86986753 -0.21255365
vn -0.41779655 -0.81644445 -0.39857810
vn -0.38273513 -0.74794509 -0.54230246
vn -0.34824404 -0.68054701 -0.64465638
vn -0.31940474 -0.62418774 -0.71300089
vn -0.29913628 -0.58457782 -0.75417920
vn -0.29081982 -0.56831317 -0.76970382
vn -0.30288356 -0.59189285 -0.74694337
vn -0.36464448 -0.71259627 -0.59936713
vn -0.43277590 -0.84569258 -0.31226443
vn -0.57527598 -0.78982117 -0.21269713
vn -0.53989170 -0.74124853 -0.39883275
vn -0.49454238 -0.67898360 -0.54259479
vn -0.44993148 -0.61773656 -0.64495210
vn -0.41263820 -0.56653325 -0.71328101
vn -0.38643853 -0.53055731 -0.75443635
vn -0.37568019 -0.51578771 -0.76995287
vn -0.39129846 -0.53722511 -0.74717782
vn -0.47115772 -0.64686389 -0.59964783
vn -0.55925239 -0.76782210 -0.31254758
vn -0.69092921 -0.69091151 -0.21273954
vn -0.64841528 -0.64840625 -0.39890721
vn -0.59391906 -0.59391906 -0.54269724
vn -0.54032883 -0.54032883 -0.64505001
vn -0.49551995 -0.49551493 -0.71338975
vn -0.46406342 -0.46405154 -0.75452058
vn -0.45113988 -0.45113303 -0.77003364
vn -0.46988051 -0.46987455 -0.74728188
vn -0.56585225 -0.56583288 -0.59970358
vn -0.67169869 -0.67168535 -0.31250544
vn -0.78982052 -0.57527720 -0.21269624
vn -0.74125846 -0.53989973 -0.39880343
vn -0.67898360 -0.49454238 -0.54259479
vn -0.61773656 -0.44993148 -0.64495210
vn -0.56652267 -0.41262932 -0.71329455
vn -0.53055971 -0.38643825 -0.75443481
vn -0.51580158 -0.37568945 -0.76993907
vn -0.53719308 -0.39127614 -0.74721254
vn -0.64689492 -0.47118208 -0.59959520
vn -0.76785156 -0.55927459 -0.31243546
vn -0.86986118 -0.44515444 -0.21255363
vn -0.81644705 -0.41780588 -0.39856299
vn -0.74794509 -0.38273513 -0.54230246
vn -0.68054701 -0.34824404 -0.64465638
vn -0.62418073 -0.31940434 -0.71300721
vn -0.58457492 -0.29914235 -0.75417904
vn -0.56831277 -0.29082176 -0.76970339
vn -0.59187697 -0.30287452 -0.74695962
vn -0.71261542 -0.36466744 -0.59933040
vn -0.84570501 -0.43279410 -0.31220556
vn -0.92895278 -0.30325839 -0.21232305
vn -0.87201447 -0.28466552 -0.39819130
vn -0.79897265 -0.26081765 -0.54186424
vn -0.72708448 -0.23734420 -0.64421727
vn -0.66694311 -0.21770703 -0.71259423
vn -0.62466900 -0.20390453 -0.75379811
vn -0.60730179 -0.19823145 -0.76934312
vn -0.63246915 -0.20644862 -0.74656664
vn -0.76128115 -0.24850706 -0.59891173
vn -0.90323924 -0.29486305 -0.31179264
vn -0.96516313 -0.15323809 -0.21208071
vn -0.90613517 -0.14386097 -0.39777263
vn -0.83037272 -0.13183299 -0.54138823
vn -0.75575998 -0.11998496 -0.64376274
vn -0.69332710 -0.11006572 -0.71216787
vn -0.64942775 -0.10309020 -0.75340296
vn -0.63141340 -0.10023108 -0.76894138
vn -0.65753704 -0.10438689 -0.74615576
vn -0.79123189 -0.12561713 -0.59847509
vn -0.93850858 -0.14900198 -0.31144833
vn -0.97727869 0.0000000e+0 -0.21195841
vn -0.91757649 -3.4926339e-18 -0.39755928
vn -0.84093268 0.0000000e+0 -0.54113975
vn -0.76542232 -1.7404579e-18 -0.64352830
vn -0.70223012 -1.7386404e-18 -0.71195004
vn -0.65779234 0.0000000e+0 -0.75319934
vn -0.63957138 1.7369110e-18 -0.76873171
vn -0.66600729 0.0000000e+0 -0.74594523
vn -0.80130999 3.5235476e-18 -0.59824937
vn -0.95031546 0.0000000e+0 -0.31128848
vn -0.96516313 0.15323809 -0.21208071
vn -0.90613517 0.14386097 -0.39777263
vn -0.83037272 0.13183299 -0.54138823
vn -0.75575998 0.11998496 -0.64376274
vn -0.69332710 0.11006572 -0.71216787
vn -0.64942775 0.10309020 -0.75340296
vn -0.63141757 0.10023055 -0.76893803
vn -0.65753581 0.10438339 -0.74615733
vn -0.79122771 0.12561431 -0.59848121
vn -0.93850858 0.14900198 -0.31144833
vn -0.92895278 0.30325839 -0.21232305
vn -0.87201447 0.28466552 -0.39819130
vn -0.79897265 0.26081765 -0.54186424
vn -0.72708448 0.23734420 -0.64421727
vn -0.66694311 0.21770703 -0.71259423
vn -0.62466900 0.20390453 -0.75379811
vn -0.60731117 0.19823577 -0.76933460
vn -0.63246335 0.20644887 -0.74657148
vn -0.76126916 0.24850404 -0.59892822
vn -0.90323924 0.29486305 -0.31179264
vn -0.86986753 0.44514203 -0.21255365
vn -0.81644445 0.41779655 -0.39857810
vn -0.74794509 0.38273513 -0.54230246
vn -0.68054701 0.34824404 -0.64465638
vn -0.62418774 0.31940474 -0.71300089
vn -0.58457782 0.29913628 -0.75417920
vn -0.56831317 0.29081982 -0.76970382
vn -0.59189285 0.30288356 -0.74694337
vn -0.71259627 0.36464448 -0.59936713
vn -0.84569258 0.43277590 -0.31226443
vn -0.78982117 0.57527598 -0.21269713
vn -0.74124853 0.53989170 -0.39883275
vn -0.67898360 0.49454238 -0.54259479
vn -0.61773656 0.44993148 -0.64495210
vn -0.56653325 0.41263820 -0.71328101
vn -0.53055731 0.38643853 -0.75443635
vn -0.51578771 0.37568019 -0.76995287
vn -0.53722511 0.39129846 -0.74717782
vn -0.64686389 0.47115772 -0.59964783
vn -0.76782210 0.55925239 -0.31254758
vn -0.69091151 0.69092921 -0.21273954
vn -0.64840625 0.64841528 -0.39890721
vn -0.59391906 0.59391906 -0.54269724
vn -0.54032883 0.54032883 -0.64505001
vn -0.49551493 0.49551995 -0.71338975
vn -0.46405154 0.46406342 -0.75452058
vn -0.45113303 0.45113988 -0.77003364
vn -0.46987455 0.46988051 -0.74728188
vn -0.56583288 0.56585225 -0.59970358
vn -0.67168535 0.67169869 -0.31250544
vn -0.57527720 0.78982052 -0.21269624
vn -0.53989973 0.74125846 -0.39880343
vn -0.49454238 0.67898360 -0.54259479
vn -0.44993148 0.61773656 -0.64495210
vn -0.41262932 0.56652267 -0.71329455
vn -0.38643825 0.53055971 -0.75443481
vn -0.37568945 0.51580158 -0.76993907
vn -0.39127614 0.53719308 -0.74721254
vn -0.47118208 0.64689492 -0.59959520
vn -0.55927459 0.76785156 -0.31243546
vn -0.44515444 0.86986118 -0.21255363
vn -0.41780588 0.81644705 -0.39856299
vn -0.38273513 0.74794509 -0.54230246
vn -0.34824404 0.68054701 -0.64465638
vn -0.31940434 0.62418073 -0.71300721
vn -0.29914235 0.58457492 -0.75417904
vn -0.29082176 0.56831277 -0.76970339
vn -0.30287452 0.59187697 -0.74695962
vn -0.36466744 0.71261542 -0.59933040
vn -0.43279410 0.84570501 -0.31220556
vn -0.30325839 0.92895278 -0.21232305
vn -0.28466552 0.87201447 -0.39819130
vn -0.26081765 0.79897265 -0.54186424
vn -0.23734420 0.72708448 -0.64421727
vn -0.21770703 0.66694311 -0.71259423
vn -0.20390453 0.62466900 -0.75379811
vn -0.19823145 0.60730179 -0.76934312
vn -0.20644862 0.63246915 -0.74656664
vn -0.24850706 0.76128115 -0.59891173
vn -0.29486305 0.90323924 -0.31179264
vn -0.15323809 0.96516313 -0.21208071
vn -0.14386097 0.90613517 -0.39777263
vn -0.13183299 0.83037272 -0.54138823
vn -0.11998496 0.75575998 -0.64376274
vn -0.11006572 0.69332710 -0.71216787
vn -0.10309020 0.64942775 -0.75340296
vn -0.10023108 0.63141340 -0.76894138
vn -0.10438689 0.65753704 -0.74615576
vn -0.12561713 0.79123189 -0.59847509
vn -0.14900198 0.93850858 -0.31144833
vn 0.0000000e+0 0.97727869 -0.21195841
vn -3.4926339e-18 0.91757649 -0.39755928
vn 0.0000000e+0 0.84093268 -0.54113975
vn -1.7404579e-18 0.76542232 -0.64352830
vn -1.7386404e-18 0.70223012 -0.71195004
vn 0.0000000e+0 0.65779234 -0.75319934
vn 0.0000000e+0 0.63957138 -0.76873171
vn -1.7382586e-18 0.66600729 -0.74594523
vn 3.5235476e-18 0.80130999 -0.59824937
vn 0.0000000e+0 0.95031546 -0.31128848
vn 0.15323809 0.96516313 -0.21208071
vn 0.14386097 0.90613517 -0.39777263
vn 0.13183299 0.83037272 -0.54138823
vn 0.11998496 0.75575998 -0.64376274
vn 0.11006572 0.69332710 -0.71216787
vn 0.10309020 0.64942775 -0.75340296
vn 0.10023055 0.63141757 -0.76893803
vn 0.10438339 0.65753581 -0.74615733
vn 0.12561431 0.79122771 -0.59848121
vn 0.14900198 0.93850858 -0.31144833
vn 0.30325839 0.92895278 -0.21232305
vn 0.28466552 0.87201447 -0.39819130
vn 0.26081765 0.79897265 -0.54186424
vn 0.23734420 0.72708448 -0.64421727
vn 0.21770703 0.66694311 -0.71259423
vn 0.20390453 0.62466900 -0.75379811
vn 0.19823577 0.60731117 -0.76933460
vn 0.20644887 0.63246335 -0.74657148
vn 0.24850404 0.76126916 -0.59892822
vn 0.29486305 0.90323924 -0.31179264
vn 0.44514203 0.86986753 -0.21255365
vn 0.41779655 0.81644445 -0.39857810
vn 0.38273513 0.74794509 -0.54230246
vn 0.34824404 0.68054701 -0.64465638
vn 0.31940474 0.62418774 -0.71300089
vn 0.29913628 0.58457782 -0.75417920
vn 0.29081982 0.56831317 -0.76970382
vn 0.30288356 0.59189285 -0.74694337
vn 0.36464448 0.71259627 -0.59936713
vn 0.43277590 0.84569258 -0.31226443
vn 0.57527598 0.78982117 -0.21269713
vn 0.53989170 0.74124853 -0.39883275
vn 0.49454238 0.67898360 -0.54259479
vn 0.44993148 0.61773656 -0.64495210
vn 0.41263820 0.56653325 -0.71328101
vn 0.38643853 0.53055731 -0.75443635
vn 0.37568019 0.51578771 -0.76995287
vn 0.39129846 0.53722511 -0.74717782
vn 0.47115772 0.64686389 -0.59964783
vn 0.55925239 0.76782210 -0.31254758
vn 0.69092921 0.69091151 -0.21273954
vn 0.64841528 0.64840625 -0.39890721
vn 0.59391906 0.59391906 -0.54269724
vn 0.54032883 0.54032883 -0.64505001
vn 0.49551995 0.49551493 -0.71338975
vn 0.46406342 0.46405154 -0.75452058
vn 0.45113988 0.45113303 -0.77003364
vn 0.46988051 0.46987455 -0.74728188
vn 0.56585225 0.56583288 -0.59970358
vn 0.67169869 0.67168535 -0.31250544
vn 0.78982052 0.57527720 -0.21269624
vn 0.74125846 0.53989973 -0.39880343
vn 0.67898360 0.49454238 -0.54259479
vn 0.61773656 0.44993148 -0.64495210
vn 0.56652267 0.41262932 -0.71329455
vn 0.53055971 0.38643825 -0.75443481
vn 0.51580158 0.37568945 -0.76993907
vn 0.53719308 0.39127614 -0.74721254
vn 0.64689492 0.47118208 -0.59959520
vn 0.76785156 0.55927459 -0.31243546
vn 0.86986118 0.44515444 -0.21255363
vn 0.81644705 0.41780588 -0.39856299
vn 0.74794509 0.38273513 -0.54230246
vn 0.68054701 0.34824404 -0.64465638
vn 0.62418073 0.31940434 -0.71300721
vn 0.58457492 0.29914235 -0.75417904
vn 0.56831277 0.29082176 -0.76970339
vn 0.59187697 0.30287452 -0.74695962
vn 0.71261542 0.36466744 -0.59933040
vn 0.84570501 0.43279410 -0.31220556
vn 0.92895278 0.30325839 -0.21232305
vn 0.87201447 0.28466552 -0.39819130
vn 0.79897265 0.26081765 -0.54186424
vn 0.72708448 0.23734420 -0.64421727
vn 0.66694311 0.21770703 -0.71259423
vn 0.62466900 0.20390453 -0.75379811
vn 0.60730179 0.19823145 -0.76934312
vn 0.63246915 0.20644862 -0.74656664
vn 0.76128115 0.24850706 -0.59891173
vn 0.90323924 0.29486305 -0.31179264
vn 0.96516313 0.15323809 -0.21208071
vn 0.90613517 0.14386097 -0.39777263
vn 0.83037272 0.13183299 -0.54138823
vn 0.75575998 0.11998496 -0.64376274
vn 0.69332710 0.11006572 -0.71216787
vn 0.64942775 0.10309020 -0.75340296
vn 0.63141340 0.10023108 -0.76894138
vn 0.65753704 0.10438689 -0.74615576
vn 0.79123189 0.12561713 -0.59847509
vn 0.93850858 0.14900198 -0.31144833
vn 0.91418281 -0.14513584 -0.37842487
vn 0.92571216 0.0000000e+0 -0.37822877
vn 0.66827175 -0.10608361 -0.73631456
vn 0.67685612 0.0000000e+0 -0.73611534
vn 0.40243165 -6.3876070e-2 -0.91321882
vn 0.40766648 0.0000000e+0 -0.91313090
vn 0.23679092 -3.7585722e-2 -0.97083334
vn 0.23991179 -8.6916544e-19 -0.97079469
vn 0.14346718 -2.2775779e-2 -0.98939296
vn 0.14535530 0.0000000e+0 -0.98937952
vn 8.8080330e-2 -1.3981901e-2 -0.99601524
vn 8.9238501e-2 0.0000000e+0 -0.99601029
vn 5.2864856e-2 -8.3903090e-3 -0.99856643
vn 5.3560221e-2 1.0843218e-19 -0.99856462
vn 2.9176641e-2 -4.6306291e-3 -0.99956355
vn 2.9560848e-2 -1.0842577e-19 -0.99956298
vn 1.2516209e-2 -1.9869818e-3 -0.99991969
vn 1.2681158e-2 1.3552874e-20 -0.99991959
vn -6.5053157e-20 2.1819913e-19 -1.00000000
vn 0.87981026 -0.28721229 -0.37873871
vn 0.64288291 -0.20984624 -0.73665875
vn 0.38695809 -0.12629888 -0.91340682
vn 0.22764311 -7.4303126e-2 -0.97090559
vn 0.13792423 -4.5020696e-2 -0.98941904
vn 8.4679174e-2 -2.7641734e-2 -0.99602478
vn 5.0822629e-2 -1.6589100e-2 -0.99856991
vn 2.8049068e-2 -9.1547573e-3 -0.99956463
vn 1.2032425e-2 -3.9272917e-3 -0.99991990
vn 0.82377344 -0.42157728 -0.37903814
vn 0.60175485 -0.30794270 -0.73692767
vn 0.36199105 -0.18523326 -0.91359243
vn 0.21294755 -0.10896399 -0.97096869
vn 0.12901130 -6.6011270e-2 -0.98944358
vn 7.9206320e-2 -4.0527820e-2 -0.99603406
vn 4.7537066e-2 -2.4325143e-2 -0.99857324
vn 2.6235311e-2 -1.3425628e-2 -0.99956564
vn 1.1254282e-2 -5.7591658e-3 -0.99992008
vn 0.74790551 -0.54474237 -0.37933244
vn 0.54618747 -0.39782515 -0.73716647
vn 0.32849553 -0.23926488 -0.91369744
vn 0.19321467 -0.14072854 -0.97101162
vn 0.11705474 -8.5258188e-2 -0.98945906
vn 7.1863456e-2 -5.2340199e-2 -0.99604023
vn 4.3130539e-2 -3.1412865e-2 -0.99857548
vn 2.3804298e-2 -1.7337002e-2 -0.99956630
vn 1.0211707e-2 -7.4369810e-3 -0.99992020
vn 0.65422042 -0.65422042 -0.37946184
vn 0.47769980 -0.47769980 -0.73729628
vn 0.28732392 -0.28732392 -0.91372311
vn 0.16897315 -0.16897315 -0.97102840
vn 0.10237353 -0.10237353 -0.98946416
vn 6.2848316e-2 -6.2848316e-2 -0.99604226
vn 3.7719050e-2 -3.7719050e-2 -0.99857626
vn 2.0817473e-2 -2.0817473e-2 -0.99956654
vn 8.9301316e-3 -8.9301316e-3 -0.99992025
vn 0.54474237 -0.74790551 -0.37933244
vn 0.39782515 -0.54618747 -0.73716647
vn 0.23926488 -0.32849553 -0.91369744
vn 0.14072854 -0.19321467 -0.97101162
vn 8.5258188e-2 -0.11705474 -0.98945906
vn 5.2340199e-2 -7.1863456e-2 -0.99604023
vn 3.1412865e-2 -4.3130539e-2 -0.99857548
vn 1.7337002e-2 -2.3804298e-2 -0.99956630
vn 7.4369810e-3 -1.0211707e-2 -0.99992020
vn 0.42157728 -0.82377344 -0.37903814
vn 0.30794270 -0.60175485 -0.73692767
vn 0.18523326 -0.36199105 -0.91359243
vn 0.10896399 -0.21294755 -0.97096869
vn 6.6011270e-2 -0.12901130 -0.98944358
vn 4.0527820e-2 -7.9206320e-2 -0.99603406
vn 2.4325143e-2 -4.7537066e-2 -0.99857324
vn 1.3425628e-2 -2.6235311e-2 -0.99956564
vn 5.7591658e-3 -1.1254282e-2 -0.99992008
vn 0.28721229 -0.87981026 -0.37873871
vn 0.20984624 -0.64288291 -0.73665875
vn 0.12629888 -0.38695809 -0.91340682
vn 7.4303126e-2 -0.22764311 -0.97090559
vn 4.5020696e-2 -0.13792423 -0.98941904
vn 2.7641734e-2 -8.4679174e-2 -0.99602478
vn 1.6589100e-2 -5.0822629e-2 -0.99856991
vn 9.1547573e-3 -2.8049068e-2 -0.99956463
vn 3.9272917e-3 -1.2032425e-2 -0.99991990
vn 0.14513584 -0.91418281 -0.37842487
vn 0.10608361 -0.66827175 -0.73631456
vn 6.3876070e-2 -0.40243165 -0.91321882
vn 3.7585722e-2 -0.23679092 -0.97083334
vn 2.2775779e-2 -0.14346718 -0.98939296
vn 1.3981901e-2 -8.8080330e-2 -0.99601524
vn 8.3903090e-3 -5.2864856e-2 -0.99856643
vn 4.6306291e-3 -2.9176641e-2 -0.99956355
vn 1.9869818e-3 -1.2516209e-2 -0.99991969
vn 0.0000000e+0 -0.92571216 -0.37822877
vn 0.0000000e+0 -0.67685612 -0.73611534
vn 0.0000000e+0 -0.40766648 -0.91313090
vn 8.6916544e-19 -0.23991179 -0.97079469
vn 0.0000000e+0 -0.14535530 -0.98937952
vn 4.3379300e-19 -8.9238501e-2 -0.99601029
vn 3.2529654e-19 -5.3560221e-2 -0.99856462
vn 1.0842577e-19 -2.9560848e-2 -0.99956298
vn -1.3552874e-20 -1.2681158e-2 -0.99991959
vn -0.14513584 -0.91418281 -0.37842487
vn -0.10608361 -0.66827175 -0.73631456
vn -6.3876070e-2 -0.40243165 -0.91321882
vn -3.7585722e-2 -0.23679092 -0.97083334
vn -2.2775779e-2 -0.14346718 -0.98939296
vn -1.3981901e-2 -8.8080330e-2 -0.99601524
vn -8.3903090e-3 -5.2864856e-2 -0.99856643
vn -4.6306291e-3 -2.9176641e-2 -0.99956355
vn -1.9869818e-3 -1.2516209e-2 -0.99991969
vn -0.28721229 -0.87981026 -0.37873871
vn -0.20984624 -0.64288291 -0.73665875
vn -0.12629888 -0.38695809 -0.91340682
vn -7.4303126e-2 -0.22764311 -0.97090559
vn -4.5020696e-2 -0.13792423 -0.98941904
vn -2.7641734e-2 -8.4679174e-2 -0.99602478
vn -1.6589100e-2 -5.0822629e-2 -0.99856991
vn -9.1547573e-3 -2.8049068e-2 -0.99956463
vn -3.9272917e-3 -1.2032425e-2 -0.99991990
vn -0.42157728 -0.82377344 -0.37903814
vn -0.30794270 -0.60175485 -0.73692767
vn -0.18523326 -0.36199105 -0.91359243
vn -0.10896399 -0.21294755 -0.97096869
vn -6.6011270e-2 -0.12901130 -0.98944358
vn -4.0527820e-2 -7.9206320e-2 -0.99603406
vn -2.4325143e-2 -4.7537066e-2 -0.99857324
vn -1.3425628e-2 -2.6235311e-2 -0.99956564
vn -5.7591658e-3 -1.1254282e-2 -0.99992008
vn -0.54474237 -0.74790551 -0.37933244
vn -0.39782515 -0.54618747 -0.73716647
vn -0.23926488 -0.32849553 -0.91369744
vn -0.14072854 -0.19321467 -0.97101162
vn -8.5258188e-2 -0.11705474 -0.98945906
vn -5.2340199e-2 -7.1863456e-2 -0.99604023
vn -3.1412865e-2 -4.3130539e-2 -0.99857548
vn -1.7337002e-2 -2.3804298e-2 -0.99956630
vn -7.4369810e-3 -1.0211707e-2 -0.99992020
vn -0.65422042 -0.65422042 -0.37946184
vn -0.47769980 -0.47769980 -0.73729628
vn -0.28732392 -0.28732392 -0.91372311
vn -0.16897315 -0.16897315 -0.97102840
vn -0.10237353 -0.10237353 -0.98946416
vn -6.2848316e-2 -6.2848316e-2 -0.99604226
vn -3.7719050e-2 -3.7719050e-2 -0.99857626
vn -2.0817473e-2 -2.0817473e-2 -0.99956654
vn -8.9301316e-3 -8.9301316e-3 -0.99992025
vn -0.74790551 -0.54474237 -0.37933244
vn -0.54618747 -0.39782515 -0.73716647
vn -0.32849553 -0.23926488 -0.91369744
vn -0.19321467 -0.14072854 -0.97101162
vn -0.11705474 -8.5258188e-2 -0.98945906
vn -7.1863456e-2 -5.2340199e-2 -0.99604023
vn -4.3130539e-2 -3.1412865e-2 -0.99857548
vn -2.3804298e-2 -1.7337002e-2 -0.99956630
vn -1.0211707e-2 -7.4369810e-3 -0.99992020
vn -0.82377344 -0.42157728 -0.37903814
vn -0.60175485 -0.30794270 -0.73692767
vn -0.36199105 -0.18523326 -0.91359243
vn -0.21294755 -0.10896399 -0.97096869
vn -0.12901130 -6.6011270e-2 -0.98944358
vn -7.9206320e-2 -4.0527820e-2 -0.99603406
vn -4.7537066e-2 -2.4325143e-2 -0.99857324
vn -2.6235311e-2 -1.3425628e-2 -0.99956564
vn -1.1254282e-2 -5.7591658e-3 -0.99992008
vn -0.87981026 -0.28721229 -0.37873871
vn -0.64288291 -0.20984624 -0.73665875
vn -0.38695809 -0.12629888 -0.91340682
vn -0.22764311 -7.4303126e-2 -0.97090559
vn -0.13792423 -4.5020696e-2 -0.98941904
vn -8.4679174e-2 -2.7641734e-2 -0.99602478
vn -5.0822629e-2 -1.6589100e-2 -0.99856991
vn -2.8049068e-2 -9.1547573e-3 -0.99956463
vn -1.2032425e-2 -3.9272917e-3 -0.99991990
vn -0.91418281 -0.14513584 -0.37842487
vn -0.66827175 -0.10608361 -0.73631456
vn -0.40243165 -6.3876070e-2 -0.91321882
vn -0.23679092 -3.7585722e-2 -0.97083334
vn -0.14346718 -2.2775779e-2 -0.98939296
vn -8.8080330e-2 -1.3981901e-2 -0.99601524
vn -5.2864856e-2 -8.3903090e-3 -0.99856643
vn -2.9176641e-2 -4.6306291e-3 -0.99956355
vn -1.2516209e-2 -1.9869818e-3 -0.99991969
vn -0.92571216 0.0000000e+0 -0.37822877
vn -0.67685612 0.0000000e+0 -0.73611534
vn -0.40766648 0.0000000e+0 -0.91313090
vn -0.23991179 -8.6916544e-19 -0.97079469
vn -0.14535530 0.0000000e+0 -0.98937952
vn -8.9238501e-2 0.0000000e+0 -0.99601029
vn -5.3560221e-2 -1.0843218e-19 -0.99856462
vn -2.9560848e-2 -5.4212883e-20 -0.99956298
vn -1.2681158e-2 -5.4211498e-20 -0.99991959
vn -0.91418281 0.14513584 -0.37842487
vn -0.66827175 0.10608361 -0.73631456
vn -0.40243165 6.3876070e-2 -0.91321882
vn -0.23679092 3.7585722e-2 -0.97083334
vn -0.14346718 2.2775779e-2 -0.98939296
vn -8.8080330e-2 1.3981901e-2 -0.99601524
vn -5.2864856e-2 8.3903090e-3 -0.99856643
vn -2.9176641e-2 4.6306291e-3 -0.99956355
vn -1.2516209e-2 1.9869818e-3 -0.99991969
vn -0.87981026 0.28721229 -0.37873871
vn -0.64288291 0.20984624 -0.73665875
vn -0.38695809 0.12629888 -0.91340682
vn -0.22764311 7.4303126e-2 -0.97090559
vn -0.13792423 4.5020696e-2 -0.98941904
vn -8.4679174e-2 2.7641734e-2 -0.99602478
vn -5.0822629e-2 1.6589100e-2 -0.99856991
vn -2.8049068e-2 9.1547573e-3 -0.99956463
vn -1.2032425e-2 3.9272917e-3 -0.99991990
vn -0.82377344 0.42157728 -0.37903814
vn -0.60175485 0.30794270 -0.73692767
vn -0.36199105 0.18523326 -0.91359243
vn -0.21294755 0.10896399 -0.97096869
vn -0.12901130 6.6011270e-2 -0.98944358
vn -7.9206320e-2 4.0527820e-2 -0.99603406
vn -4.7537066e-2 2.4325143e-2 -0.99857324
vn -2.6235311e-2 1.3425628e-2 -0.99956564
vn -1.1254282e-2 5.7591658e-3 -0.99992008
vn -0.74790551 0.54474237 -0.37933244
vn -0.54618747 0.39782515 -0.73716647
vn -0.32849553 0.23926488 -0.91369744
vn -0.19321467 0.14072854 -0.97101162
vn -0.11705474 8.5258188e-2 -0.98945906
vn -7.1863456e-2 5.2340199e-2 -0.99604023
vn -4.3130539e-2 3.1412865e-2 -0.99857548
vn -2.3804298e-2 1.7337002e-2 -0.99956630
vn -1.0211707e-2 7.4369810e-3 -0.99992020
vn -0.65422042 0.65422042 -0.37946184
vn -0.47769980 0.47769980 -0.73729628
vn -0.28732392 0.28732392 -0.91372311
vn -0.16897315 0.16897315 -0.97102840
vn -0.10237353 0.10237353 -0.98946416
vn -6.2848316e-2 6.2848316e-2 -0.99604226
vn -3.7719050e-2 3.7719050e-2 -0.99857626
vn -2.0817473e-2 2.0817473e-2 -0.99956654
vn -8.9301316e-3 8.9301316e-3 -0.99992025
vn -0.54474237 0.74790551 -0.37933244
vn -0.39782515 0.54618747 -0.73716647
vn -0.23926488 0.32849553 -0.91369744
vn -0.14072854 0.19321467 -0.97101162
vn -8.5258188e-2 0.11705474 -0.98945906
vn -5.2340199e-2 7.1863456e-2 -0.99604023
vn -3.1412865e-2 4.3130539e-2 -0.99857548
vn -1.7337002e-2 2.3804298e-2 -0.99956630
vn -7.4369810e-3 1.0211707e-2 -0.99992020
vn -0.42157728 0.82377344 -0.37903814
vn -0.30794270 0.60175485 -0.73692767
vn -0.18523326 0.36199105 -0.91359243
vn -0.10896399 0.21294755 -0.97096869
vn -6.6011270e-2 0.12901130 -0.98944358
vn -4.0527820e-2 7.9206320e-2 -0.99603406
vn -2.4325143e-2 4.7537066e-2 -0.99857324
vn -1.3425628e-2 2.6235311e-2 -0.99956564
vn -5.7591658e-3 1.1254282e-2 -0.99992008
vn -0.28721229 0.87981026 -0.37873871
vn -0.20984624 0.64288291 -0.73665875
vn -0.12629888 0.38695809 -0.91340682
vn -7.4303126e-2 0.22764311 -0.97090559
vn -4.5020696e-2 0.13792423 -0.98941904
vn -2.7641734e-2 8.4679174e-2 -0.99602478
vn -1.6589100e-2 5.0822629e-2 -0.99856991
vn -9.1547573e-3 2.8049068e-2 -0.99956463
vn -3.9272917e-3 1.2032425e-2 -0.99991990
vn -0.14513584 0.91418281 -0.37842487
vn -0.10608361 0.66827175 -0.73631456
vn -6.3876070e-2 0.40243165 -0.91321882
vn -3.7585722e-2 0.23679092 -0.97083334
vn -2.2775779e-2 0.14346718 -0.98939296
vn -1.3981901e-2 8.8080330e-2 -0.99601524
vn -8.3903090e-3 5.2864856e-2 -0.99856643
vn -4.6306291e-3 2.9176641e-2 -0.99956355
vn -1.9869818e-3 1.2516209e-2 -0.99991969
vn 0.0000000e+0 0.92571216 -0.37822877
vn 0.0000000e+0 0.67685612 -0.73611534
vn 0.0000000e+0 0.40766648 -0.91313090
vn -8.6916544e-19 0.23991179 -0.97079469
vn 4.3397564e-19 0.14535530 -0.98937952
vn 6.5068950e-19 8.9238501e-2 -0.99601029
vn 4.3372872e-19 5.3560221e-2 -0.99856462
vn 4.3370306e-19 2.9560848e-2 -0.99956298
vn 2.7105749e-20 1.2681158e-2 -0.99991959
vn 0.14513584 0.91418281 -0.37842487
vn 0.10608361 0.66827175 -0.73631456
vn 6.3876070e-2 0.40243165 -0.91321882
vn 3.7585722e-2 0.23679092 -0.97083334
vn 2.2775779e-2 0.14346718 -0.98939296
vn 1.3981901e-2 8.8080330e-2 -0.99601524
vn 8.3903090e-3 5.2864856e-2 -0.99856643
vn 4.6306291e-3 2.9176641e-2 -0.99956355
vn 1.9869818e-3 1.2516209e-2 -0.99991969
vn 0.28721229 0.87981026 -0.37873871
vn 0.20984624 0.64288291 -0.73665875
vn 0.12629888 0.38695809 -0.91340682
vn 7.4303126e-2 0.22764311 -0.97090559
vn 4.5020696e-2 0.13792423 -0.98941904
vn 2.7641734e-2 8.4679174e-2 -0.99602478
vn 1.6589100e-2 5.0822629e-2 -0.99856991
vn 9.1547573e-3 2.8049068e-2 -0.99956463
vn 3.9272917e-3 1.2032425e-2 -0.99991990
vn 0.42157728 0.82377344 -0.37903814
vn 0.30794270 0.60175485 -0.73692767
vn 0.18523326 0.36199105 -0.91359243
vn 0.10896399 0.21294755 -0.97096869
vn 6.6011270e-2 0.12901130 -0.98944358
vn 4.0527820e-2 7.9206320e-2 -0.99603406
vn 2.4325143e-2 4.7537066e-2 -0.99857324
vn 1.3425628e-2 2.6235311e-2 -0.99956564
vn 5.7591658e-3 1.1254282e-2 -0.99992008
vn 0.54474237 0.74790551 -0.37933244
vn 0.39782515 0.54618747 -0.73716647
vn 0.23926488 0.32849553 -0.91369744
vn 0.14072854 0.19321467 -0.97101162
vn 8.5258188e-2 0.11705474 -0.98945906
vn 5.2340199e-2 7.1863456e-2 -0.99604023
vn 3.1412865e-2 4.3130539e-2 -0.99857548
vn 1.7337002e-2 2.3804298e-2 -0.99956630
vn 7.4369810e-3 1.0211707e-2 -0.99992020
vn 0.65422042 0.65422042 -0.37946184
vn 0.47769980 0.47769980 -0.73729628
vn 0.28732392 0.28732392 -0.91372311
vn 0.16897315 0.16897315 -0.97102840
vn 0.10237353 0.10237353 -0.98946416
vn 6.2848316e-2 6.2848316e-2 -0.99604226
vn 3.7719050e-2 3.7719050e-2 -0.99857626
vn 2.0817473e-2 2.0817473e-2 -0.99956654
vn 8.9301316e-3 8.9301316e-3 -0.99992025
vn 0.74790551 0.54474237 -0.37933244
vn 0.54618747 0.39782515 -0.73716647
vn 0.32849553 0.23926488 -0.91369744
vn 0.19321467 0.14072854 -0.97101162
vn 0.11705474 8.5258188e-2 -0.98945906
vn 7.1863456e-2 5.2340199e-2 -0.99604023
vn 4.3130539e-2 3.1412865e-2 -0.99857548
vn 2.3804298e-2 1.7337002e-2 -0.99956630
vn 1.0211707e-2 7.4369810e-3 -0.99992020
vn 0.82377344 0.42157728 -0.37903814
vn 0.60175485 0.30794270 -0.73692767
vn 0.36199105 0.18523326 -0.91359243
vn 0.21294755 0.10896399 -0.97096869
vn 0.12901130 6.6011270e-2 -0.98944358
vn 7.9206320e-2 4.0527820e-2 -0.99603406
vn 4.7537066e-2 2.4325143e-2 -0.99857324
vn 2.6235311e-2 1.3425628e-2 -0.99956564
vn 1.1254282e-2 5.7591658e-3 -0.99992008
vn 0.87981026 0.28721229 -0.37873871
vn 0.64288291 0.20984624 -0.73665875
vn 0.38695809 0.12629888 -0.91340682
vn 0.22764311 7.4303126e-2 -0.97090559
vn 0.13792423 4.5020696e-2 -0.98941904
vn 8.4679174e-2 2.7641734e-2 -0.99602478
vn 5.0822629e-2 1.6589100e-2 -0.99856991
vn 2.8049068e-2 9.1547573e-3 -0.99956463
vn 1.2032425e-2 3.9272917e-3 -0.99991990
vn 0.91418281 0.14513584 -0.37842487
vn 0.66827175 0.10608361 -0.73631456
vn 0.40243165 6.3876070e-2 -0.91321882
vn 0.23679092 3.7585722e-2 -0.97083334
vn 0.14346718 2.2775779e-2 -0.98939296
vn 8.8080330e-2 1.3981901e-2 -0.99601524
vn 5.2864856e-2 8.3903090e-3 -0.99856643
vn 2.9176641e-2 4.6306291e-3 -0.99956355
vn 1.2516209e-2 1.9869818e-3 -0.99991969
vn 1.1381624e-3 0.0000000e+0 -0.99999935
vn 1.1333194e-3 -0.17038612 -0.98537672
vn 4.9279270e-3 -0.17016484 -0.98540329
vn 4.9329463e-3 0.0000000e+0 -0.99998783
vn 1.7566703e-2 -0.16966288 -0.98534558
vn 1.7564362e-2 0.0000000e+0 -0.99984573
vn 4.2502482e-2 -0.16926002 -0.98465455
vn 4.2454639e-2 0.0000000e+0 -0.99909840
vn 8.5388510e-2 -0.16963845 -0.98180018
vn 8.5285943e-2 0.0000000e+0 -0.99635652
vn 0.15566199 -0.17202458 -0.97271624
vn 0.15553696 0.0000000e+0 -0.98783007
vn 0.26888633 -0.17843706 -0.94649900
vn 0.26917780 0.0000000e+0 -0.96309050
vn 0.44530336 -0.19135820 -0.87469249
vn 0.44790580 3.5074459e-18 -0.89408075
vn 0.68368138 -0.20992892 -0.69893463
vn 0.69372474 -3.5440856e-18 -0.72024023
vn 0.89749737 -0.22383711 -0.37999396
vn 0.91868583 3.5695880e-18 -0.39498905
vn 0.97307551 -0.22470603 -5.1295796e-2
vn 0.99853097 0.0000000e+0 -5.4184003e-2
vn 1.0985053e-3 -0.37786721 -0.92585915
vn 4.7966841e-3 -0.37744576 -0.92601927
vn 1.7172199e-2 -0.37652932 -0.92624553
vn 4.1638356e-2 -0.37595230 -0.92570304
vn 8.3611950e-2 -0.37718263 -0.92235693
vn 0.15210634 -0.38273157 -0.91125200
vn 0.26088464 -0.39625937 -0.88029411
vn 0.42511293 -0.42143194 -0.80104564
vn 0.63558510 -0.45428118 -0.62422767
vn 0.81465831 -0.47608806 -0.33116762
vn 0.87807875 -0.47659846 -4.2797413e-2
vn 9.7003135e-4 -0.62782285 -0.77835566
vn 4.2368648e-3 -0.62729380 -0.77877117
vn 1.5217629e-2 -0.62627089 -0.77945698
vn 3.6934809e-2 -0.62603861 -0.77891687
vn 7.4071514e-2 -0.62833074 -0.77441197
vn 0.13395828 -0.63594862 -0.76001614
vn 0.22627813 -0.65263187 -0.72309740
vn 0.35797047 -0.68032582 -0.63954196
vn 0.51385108 -0.71169999 -0.47899916
vn 0.63854036 -0.72928182 -0.24579309
vn 0.68407478 -0.72879764 -2.9928111e-2
vn 6.1971534e-4 -0.88055944 -0.47393532
vn 2.7131063e-3 -0.88030158 -0.47440675
vn 9.7491846e-3 -0.87982720 -0.47519370
vn 2.3647357e-2 -0.87986625 -0.47463268
vn 4.7306868e-2 -0.88138716 -0.47001993
vn 8.4717982e-2 -0.88570669 -0.45644992
vn 0.14006219 -0.89426651 -0.42505294
vn 0.21382497 -0.90692631 -0.36299249
vn 0.29457085 -0.91934987 -0.26081379
vn 0.35651922 -0.92521368 -0.12989878
vn 0.38032426 -0.92473352 -1.4878390e-2
vn -1.2582270e-5 -1.00000000 2.9668036e-6
vn -3.8518918e-5 -1.00000000 -1.4849054e-6
vn -1.4858296e-4 -0.99999999 -4.6839983e-5
vn -3.7383122e-4 -0.99999991 -2.0771212e-4
vn -7.1656151e-4 -0.99999958 -5.6578667e-4
vn -1.1721816e-3 -0.99999857 -1.2203675e-3
vn -1.5780643e-3 -0.99999648 -2.1316703e-3
vn -1.6413915e-3 -0.99999434 -2.9372801e-3
vn -1.1677385e-3 -0.99999495 -2.9547060e-3
vn -4.3008987e-4 -0.99999827 -1.8076441e-3
vn -4.1097941e-5 -0.99999990 -4.5161016e-4
vn -7.0133519e-4 -0.88055183 0.47394935
vn -3.0525938e-3 -0.88030697 0.47439468
vn -1.1007031e-2 -0.87998334 0.47487701
vn -2.6752153e-2 -0.88049432 0.47330126
vn -5.3467629e-2 -0.88295851 0.46639627
vn -9.5159495e-2 -0.88880109 0.44830490
vn -0.15488666 -0.89898678 0.40967412
vn -0.23021317 -0.91193964 0.33965863
vn -0.30662776 -0.92229561 0.23526629
vn -0.36094960 -0.92565216 0.11350539
vn -0.38075413 -0.92461363 1.0767138e-2
vn -1.1696814e-3 -0.62786578 0.77832075
vn -5.1693148e-3 -0.62737933 0.77869664
vn -1.8621057e-2 -0.62678272 0.77897155
vn -4.5333147e-2 -0.62803455 0.77686390
vn -9.1139526e-2 -0.63360928 0.76826614
vn -0.16391802 -0.64667673 0.74494301
vn -0.27145748 -0.66969522 0.69124464
vn -0.41165468 -0.69968721 0.58393341
vn -0.55506367 -0.72395224 0.40963092
vn -0.65287629 -0.73120505 0.19771625
vn -0.68504749 -0.72828335 1.7700312e-2
vn -1.4119640e-3 -0.37785052 0.92586553
vn -6.2995922e-3 -0.37747969 0.92599644
vn -2.2723334e-2 -0.37707294 0.92590477
vn -5.5435632e-2 -0.37828694 0.92402699
vn -0.11195300 -0.38357574 0.91669852
vn -0.20317011 -0.39608850 0.89545285
vn -0.34141525 -0.41840886 0.84164699
vn -0.52657082 -0.44821234 0.72237724
vn -0.71720092 -0.47255318 0.51216826
vn -0.84218180 -0.47923280 0.24711485
vn -0.87927861 -0.47584612 2.0966638e-2
vn -1.5396784e-3 -0.17029672 0.98539163
vn -6.7995916e-3 -0.17010626 0.98540227
vn -2.4585638e-2 -0.16993039 0.98514933
vn -6.0081960e-2 -0.17064934 0.98349833
vn -0.12158535 -0.17356494 0.97728820
vn -0.22174432 -0.18038446 0.95827496
vn -0.37547338 -0.19261025 0.90659861
vn -0.58404990 -0.20916399 0.78430615
vn -0.79891868 -0.22272598 0.55867887
vn -0.93614504 -0.22622655 0.26917283
vn -0.97430381 -0.22416292 2.1978725e-2
vn -1.5855100e-3 0.0000000e+0 0.99999874
vn -6.9346595e-3 -3.4798988e-18 0.99997595
vn -2.5091542e-2 0.0000000e+0 0.99968516
vn -6.1354671e-2 3.4808865e-18 0.99811603
vn -0.12423939 5.1489282e-6 0.99225227
vn -0.22690101 1.3748952e-5 0.97391783
vn -0.38497613 8.6226156e-6 0.92292653
vn -0.60008000 0.0000000e+0 0.79994000
vn -0.82143288 3.5405784e-18 0.57030520
vn -0.96157304 3.5305703e-18 0.27454926
vn -0.99975582 0.0000000e+0 2.2097305e-2
vn -1.5396784e-3 0.17029672 0.98539163
vn -6.7995916e-3 0.17010626 0.98540227
vn -2.4585638e-2 0.16993039 0.98514933
vn -6.0081960e-2 0.17064934 0.98349833
vn -0.12159019 0.17356461 0.97728765
vn -0.22173938 0.18038116 0.95827673
vn -0.37546398 0.19260766 0.90660305
vn -0.58404990 0.20916399 0.78430615
vn -0.79891868 0.22272598 0.55867887
vn -0.93614504 0.22622655 0.26917283
vn -0.97430381 0.22416292 2.1978725e-2
vn -1.4119640e-3 0.37785052 0.92586553
vn -6.2995922e-3 0.37747969 0.92599644
vn -2.2723334e-2 0.37707294 0.92590477
vn -5.5435632e-2 0.37828694 0.92402699
vn -0.11195568 0.38357068 0.91670031
vn -0.20316639 0.39606082 0.89546594
vn -0.34142035 0.41837351 0.84166249
vn -0.52658090 0.44819807 0.72237874
vn -0.71720092 0.47255318 0.51216826
vn -0.84218180 0.47923280 0.24711485
vn -0.87927861 0.47584612 2.0966638e-2
vn -1.1696814e-3 0.62786578 0.77832075
vn -5.1693148e-3 0.62737933 0.77869664
vn -1.8621057e-2 0.62678272 0.77897155
vn -4.5333147e-2 0.62803455 0.77686390
vn -9.1139526e-2 0.63360928 0.76826614
vn -0.16391118 0.64667292 0.74494782
vn -0.27146373 0.66969506 0.69124234
vn -0.41166702 0.69968836 0.58392334
vn -0.55506367 0.72395224 0.40963092
vn -0.65287629 0.73120505 0.19771625
vn -0.68504749 0.72828335 1.7700312e-2
vn -7.0132748e-4 0.88055180 0.47394939
vn -3.0526251e-3 0.88030686 0.47439489
vn -1.1006972e-2 0.87998291 0.47487780
vn -2.6752435e-2 0.88049339 0.47330296
vn -5.3467999e-2 0.88295791 0.46639737
vn -9.5154308e-2 0.88880481 0.44829865
vn -0.15488073 0.89899527 0.40965774
vn -0.23021902 0.91194121 0.33965045
vn -0.30664101 0.92228839 0.23527733
vn -0.36096685 0.92564473 0.11351105
vn -0.38076456 0.92460938 1.0763494e-2
vn -1.2582299e-5 1.00000000 3.0727263e-6
vn -3.8523193e-5 1.00000000 -1.0212988e-6
vn -1.4862849e-4 0.99999999 -4.5168245e-5
vn -3.7407866e-4 0.99999991 -2.0367322e-4
vn -7.1676751e-4 0.99999958 -5.6301069e-4
vn -1.1721816e-3 0.99999857 -1.2203675e-3
vn -1.5833733e-3 0.99999650 -2.1203630e-3
vn -1.6572368e-3 0.99999438 -2.9133491e-3
vn -1.1955814e-3 0.99999498 -2.9330710e-3
vn -4.6882897e-4 0.99999828 -1.7949588e-3
vn -6.2539220e-5 0.99999990 -4.4792040e-4
vn 6.1970762e-4 0.88055947 -0.47393527
vn 2.7131337e-3 0.88030169 -0.47440655
vn 9.7490848e-3 0.87982757 -0.47519302
vn 2.3647417e-2 0.87986725 -0.47463083
vn 4.7307066e-2 0.88138787 -0.47001858
vn 8.4717982e-2 0.88570669 -0.45644992
vn 0.14005818 0.89426847 -0.42505013
vn 0.21381836 0.90693279 -0.36298019
vn 0.29455828 0.91935643 -0.26080485
vn 0.35650046 0.92522177 -0.12989269
vn 0.38031483 0.92473752 -1.4871110e-2
vn 9.7003135e-4 0.62782285 -0.77835566
vn 4.2368648e-3 0.62729380 -0.77877117
vn 1.5217629e-2 0.62627089 -0.77945698
vn 3.6934809e-2 0.62603861 -0.77891687
vn 7.4071514e-2 0.62833074 -0.77441197
vn 0.13395828 0.63594862 -0.76001614
vn 0.22627813 0.65263187 -0.72309740
vn 0.35797047 0.68032582 -0.63954196
vn 0.51385108 0.71169999 -0.47899916
vn 0.63854036 0.72928182 -0.24579309
vn 0.68407478 0.72879764 -2.9928111e-2
vn 1.0985053e-3 0.37786721 -0.92585915
vn 4.7966841e-3 0.37744576 -0.92601927
vn 1.7172199e-2 0.37652932 -0.92624553
vn 4.1638356e-2 0.37595230 -0.92570304
vn 8.3611950e-2 0.37718263 -0.92235693
vn 0.15210634 0.38273157 -0.91125200
vn 0.26088464 0.39625937 -0.88029411
vn 0.42511293 0.42143194 -0.80104564
vn 0.63558510 0.45428118 -0.62422767
vn 0.81465831 0.47608806 -0.33116762
vn 0.87807875 0.47659846 -4.2797413e-2
vn 1.1333194e-3 0.17038612 -0.98537672
vn 4.9279270e-3 0.17016484 -0.98540329
vn 1.7566703e-2 0.16966288 -0.98534558
vn 4.2502482e-2 0.16926002 -0.98465455
vn 8.5388510e-2 0.16963845 -0.98180018
vn 0.15566199 0.17202458 -0.97271624
vn 0.26888633 0.17843706 -0.94649900
vn 0.44530336 0.19135820 -0.87469249
vn 0.68368138 0.20992892 -0.69893463
vn 0.89749737 0.22383711 -0.37999396
vn 0.97307551 0.22470603 -5.1295796e-2
vn 0.96364303 -0.22370896 0.14610408
vn 0.98874294 3.4960643e-18 0.14962418
vn 0.93770265 -0.22299532 0.26643353
vn 0.96233068 0.0000000e+0 0.27188171
vn 0.90311417 -0.21916689 0.36925692
vn 0.92669895 0.0000000e+0 0.37580456
vn 0.86095764 -0.21155345 0.46259819
vn 0.88278301 0.0000000e+0 0.46978097
vn 0.81053155 -0.20066072 0.55024893
vn 0.83001606 -3.4887828e-18 0.55773949
vn 0.75055112 -0.18798134 0.63351087
vn 0.76737439 -3.4871156e-18 0.64119930
vn 0.67979519 -0.17590648 0.71199397
vn 0.69390819 -3.4857837e-18 0.72006349
vn 0.59775492 -0.16773265 0.78393547
vn 0.60922977 0.0000000e+0 0.79299375
vn 0.50496481 -0.16738111 0.84675504
vn 0.51390891 -3.4853925e-18 0.85784476
vn 0.45528866 -0.16939169 0.87408163
vn 0.86994898 -0.47498645 0.13257695
vn 0.84609976 -0.47388893 0.24401736
vn 0.81563024 -0.46752679 0.34083136
vn 0.78006401 -0.45447618 0.43005992
vn 0.73830647 -0.43530192 0.51518520
vn 0.68821463 -0.41234729 0.59693412
vn 0.62754047 -0.38993003 0.67390469
vn 0.55503795 -0.37434824 0.74282991
vn 0.47092366 -0.37321664 0.79933738
vn 0.42551508 -0.37676105 0.82279282
vn 0.67818216 -0.72748641 0.10407922
vn 0.65914783 -0.72658529 0.19390190
vn 0.63659267 -0.72092061 0.27390371
vn 0.61257358 -0.70883409 0.34972539
vn 0.58589979 -0.69032342 0.42447027
vn 0.55360525 -0.66712388 0.49846460
vn 0.51206597 -0.64337211 0.56908767
vn 0.45841114 -0.62607835 0.63078136
vn 0.39175034 -0.62414318 0.67600072
vn 0.35490351 -0.62765855 0.69288400
vn 0.37718253 -0.92430258 5.8293062e-2
vn 0.36627806 -0.92399337 0.10989374
vn 0.35438122 -0.92182731 0.15699796
vn 0.34319149 -0.91707682 0.20295246
vn 0.33209541 -0.90953720 0.24990943
vn 0.31892444 -0.89962953 0.29825142
vn 0.30047335 -0.88892875 0.34571873
vn 0.27336493 -0.88071308 0.38680239
vn 0.23569447 -0.87948655 0.41346285
vn 0.21409570 -0.88097590 0.42195319
vn 3.6722144e-5 -0.99999999 -1.1194579e-4
vn 2.4185622e-4 -0.99999982 -5.4666208e-4
vn 6.3811309e-4 -0.99999922 -1.0691109e-3
vn 1.1140385e-3 -0.99999827 -1.4886380e-3
vn 1.6223795e-3 -0.99999729 -1.6700201e-3
vn 2.0916615e-3 -0.99999668 -1.5030863e-3
vn 2.3231135e-3 -0.99999678 -1.0225517e-3
vn 2.0931160e-3 -0.99999773 -4.0001245e-4
vn 1.2739180e-3 -0.99999919 3.4585070e-5
vn 7.1313877e-4 -0.99999973 1.4841793e-4
vn -0.37687789 -0.92436067 -5.9333010e-2
vn -0.36429225 -0.92415685 -0.11500122
vn -0.34903430 -0.92212358 -0.16692260
vn -0.33346139 -0.91757149 -0.21648571
vn -0.31790994 -0.91038012 -0.26484205
vn -0.30128713 -0.90107403 -0.31191609
vn -0.28164015 -0.89116041 -0.35568519
vn -0.25691072 -0.88342267 -0.39186894
vn -0.22585434 -0.88152895 -0.41460407
vn -0.20864528 -0.88237982 -0.42174993
vn -0.67739477 -0.72777033 -0.10717588
vn -0.65367150 -0.72733721 -0.20903148
vn -0.62171744 -0.72219571 -0.30315141
vn -0.58569480 -0.71084498 -0.38943678
vn -0.54743205 -0.69358088 -0.46825603
vn -0.50710498 -0.67237736 -0.53921538
vn -0.46402843 -0.65105020 -0.60067566
vn -0.41755863 -0.63511237 -0.64982849
vn -0.36760778 -0.63090832 -0.68324170
vn -0.34166765 -0.63230901 -0.69530463
vn -0.86888138 -0.47537831 -0.13806015
vn -0.83733404 -0.47497848 -0.27067904
vn -0.79109473 -0.46946113 -0.39214204
vn -0.73579867 -0.45741978 -0.49936707
vn -0.67584657 -0.43980636 -0.59144043
vn -0.61423719 -0.41924109 -0.66854289
vn -0.55280678 -0.39954775 -0.73127715
vn -0.49262266 -0.38535763 -0.78027073
vn -0.43434854 -0.38141100 -0.81600674
vn -0.40558348 -0.38240324 -0.83022274
vn -0.96247356 -0.22388051 -0.15336936
vn -0.92679757 -0.22368347 -0.30168191
vn -0.87203884 -0.22054061 -0.43693261
vn -0.80486251 -0.21364845 -0.55367019
vn -0.73189465 -0.20376693 -0.65023785
vn -0.65830923 -0.19254894 -0.72770451
vn -0.58750220 -0.18208015 -0.78847193
vn -0.52126727 -0.17463788 -0.83533349
vn -0.46030422 -0.17248239 -0.87084433
vn -0.43099138 -0.17292204 -0.88563220
vn -0.98751543 3.4990401e-18 -0.15752228
vn -0.95067431 0.0000000e+0 -0.31019082
vn -0.89337723 0.0000000e+0 -0.44930739
vn -0.82262127 0.0000000e+0 -0.56858970
vn -0.74581544 3.4906486e-18 -0.66615263
vn -0.66883881 3.4874887e-18 -0.74340745
vn -0.59552861 -3.4848555e-18 -0.80333410
vn -0.52783383 0.0000000e+0 -0.84934766
vn -0.46641573 3.4820758e-18 -0.88456564
vn -0.43710693 0.0000000e+0 -0.89940955
vn -0.96247356 0.22388051 -0.15336936
vn -0.92679757 0.22368347 -0.30168191
vn -0.87203884 0.22054061 -0.43693261
vn -0.80486251 0.21364845 -0.55367019
vn -0.73189465 0.20376693 -0.65023785
vn -0.65830923 0.19254894 -0.72770451
vn -0.58750220 0.18208015 -0.78847193
vn -0.52126727 0.17463788 -0.83533349
vn -0.46030422 0.17248239 -0.87084433
vn -0.43099138 0.17292204 -0.88563220
vn -0.86888138 0.47537831 -0.13806015
vn -0.83733404 0.47497848 -0.27067904
vn -0.79109473 0.46946113 -0.39214204
vn -0.73579867 0.45741978 -0.49936707
vn -0.67584657 0.43980636 -0.59144043
vn -0.61423719 0.41924109 -0.66854289
vn -0.55280678 0.39954775 -0.73127715
vn -0.49262266 0.38535763 -0.78027073
vn -0.43434854 0.38141100 -0.81600674
vn -0.40558348 0.38240324 -0.83022274
vn -0.67739477 0.72777033 -0.10717588
vn -0.65367150 0.72733721 -0.20903148
vn -0.62171744 0.72219571 -0.30315141
vn -0.58571391 0.71082686 -0.38944112
vn -0.54745865 0.69354583 -0.46827685
vn -0.50711176 0.67235953 -0.53923124
vn -0.46402843 0.65105020 -0.60067566
vn -0.41755863 0.63511237 -0.64982849
vn -0.36760778 0.63090832 -0.68324170
vn -0.34166765 0.63230901 -0.69530463
vn -0.37687789 0.92436067 -5.9333010e-2
vn -0.36429225 0.92415685 -0.11500122
vn -0.34903430 0.92212358 -0.16692260
vn -0.33347931 0.91756516 -0.21648493
vn -0.31792966 0.91036884 -0.26485715
vn -0.30128858 0.90106815 -0.31193171
vn -0.28164015 0.89116041 -0.35568519
vn -0.25691072 0.88342267 -0.39186894
vn -0.22585434 0.88152895 -0.41460407
vn -0.20864528 0.88237982 -0.42174993
vn 3.6722144e-5 0.99999999 -1.1194579e-4
vn 2.4185622e-4 0.99999982 -5.4666208e-4
vn 6.3811309e-4 0.99999922 -1.0691109e-3
vn 1.1203054e-3 0.99999828 -1.4802123e-3
vn 1.6386173e-3 0.99999729 -1.6563979e-3
vn 2.1016500e-3 0.99999667 -1.4978941e-3
vn 2.3231135e-3 0.99999678 -1.0225517e-3
vn 2.0931160e-3 0.99999773 -4.0001245e-4
vn 1.2739180e-3 0.99999919 3.4585070e-5
vn 7.1313877e-4 0.99999973 1.4841793e-4
vn 0.37718253 0.92430258 5.8293062e-2
vn 0.36627806 0.92399337 0.10989374
vn 0.35438122 0.92182731 0.15699796
vn 0.34319149 0.91707682 0.20295246
vn 0.33209541 0.90953720 0.24990943
vn 0.31892444 0.89962953 0.29825142
vn 0.30047335 0.88892875 0.34571873
vn 0.27336493 0.88071308 0.38680239
vn 0.23569447 0.87948655 0.41346285
vn 0.21409570 0.88097590 0.42195319
vn 0.67818216 0.72748641 0.10407922
vn 0.65914783 0.72658529 0.19390190
vn 0.63659267 0.72092061 0.27390371
vn 0.61257358 0.70883409 0.34972539
vn 0.58589979 0.69032342 0.42447027
vn 0.55360525 0.66712388 0.49846460
vn 0.51206597 0.64337211 0.56908767
vn 0.45841114 0.62607835 0.63078136
vn 0.39175034 0.62414318 0.67600072
vn 0.35490351 0.62765855 0.69288400
vn 0.86994898 0.47498645 0.13257695
vn 0.84609976 0.47388893 0.24401736
vn 0.81563024 0.46752679 0.34083136
vn 0.78006401 0.45447618 0.43005992
vn 0.73830647 0.43530192 0.51518520
vn 0.68821463 0.41234729 0.59693412
vn 0.62754047 0.38993003 0.67390469
vn 0.55503795 0.37434824 0.74282991
vn 0.47092366 0.37321664 0.79933738
vn 0.42551508 0.37676105 0.82279282
vn 0.96364303 0.22370896 0.14610408
vn 0.93770265 0.22299532 0.26643353
vn 0.90311417 0.21916689 0.36925692
vn 0.86095764 0.21155345 0.46259819
vn 0.81053155 0.20066072 0.55024893
vn 0.75055112 0.18798134 0.63351087
vn 0.67979519 0.17590648 0.71199397
vn 0.59775492 0.16773265 0.78393547
vn 0.50496481 0.16738111 0.84675504
vn 0.45528866 0.16939169 0.87408163
vn -8.4132863e-2 0.0000000e+0 0.99645455
vn -8.4307166e-2 -0.26493937 0.96057245
vn -0.18370551 -0.25977909 0.94803329
vn -0.18983516 0.0000000e+0 0.98181598
vn -0.40342361 -0.24770456 0.88084723
vn -0.42189403 3.5257059e-18 0.90664515
vn -0.63013644 -0.23316319 0.74065038
vn -0.65716591 0.0000000e+0 0.75374596
vn -0.79777355 -0.21769699 0.56228586
vn -0.82677155 3.5086820e-18 0.56253782
vn -0.88403226 -0.21157833 0.41679920
vn -0.91266782 0.0000000e+0 0.40870216
vn -0.91072346 -0.22303140 0.34762016
vn -0.94198734 -3.4880391e-18 0.33564841
vn -0.89700214 -0.25231494 0.36293847
vn -0.93601834 0.0000000e+0 0.35195123
vn -0.84130325 -0.28996615 0.45621100
vn -0.89071252 0.0000000e+0 0.45456705
vn -0.72929536 -0.31407364 0.60785362
vn -0.78113724 0.0000000e+0 0.62435936
vn -0.58951180 -0.30326939 0.74866782
vn -0.63059575 0.0000000e+0 0.77611146
vn -7.9625943e-2 -0.54178190 0.83673896
vn -0.15922155 -0.53355083 0.83064554
vn -0.33909433 -0.51549829 0.78694126
vn -0.53493770 -0.49478248 0.68485908
vn -0.69127502 -0.47227587 0.54689519
vn -0.77591316 -0.46311420 0.42835033
vn -0.79527327 -0.48046446 0.36972197
vn -0.76432380 -0.52203887 0.37852945
vn -0.69157972 -0.57018554 0.44340267
vn -0.58533919 -0.59755023 0.54800707
vn -0.47727223 -0.57915577 0.66090075
vn -6.1143864e-2 -0.78408696 0.61763183
vn -0.10848371 -0.77717214 0.61986672
vn -0.22015017 -0.76370710 0.60686520
vn -0.35334407 -0.75050607 0.55846989
vn -0.47380548 -0.73634400 0.48301747
vn -0.54735486 -0.72960845 0.40996849
vn -0.56346637 -0.73967451 0.36795008
vn -0.53173496 -0.76421804 0.36500510
vn -0.46930270 -0.79073357 0.39305903
vn -0.39419398 -0.80540558 0.44264316
vn -0.32866991 -0.78899672 0.51909563
vn -2.4107786e-2 -0.94474231 0.32692626
vn -3.1423809e-2 -0.94169639 0.33499321
vn -5.4485972e-2 -0.93601780 0.34770959
vn -9.4528486e-2 -0.93153864 0.35114117
vn -0.14609208 -0.92809755 0.34247926
vn -0.19434952 -0.92542562 0.32529323
vn -0.22419756 -0.92439066 0.30860551
vn -0.23024376 -0.92599088 0.29921348
vn -0.21687082 -0.92998906 0.29679521
vn -0.19230561 -0.93605303 0.29465790
vn -0.16772678 -0.93028612 0.32624449
vn 2.9972822e-2 -0.99954766 2.4707149e-3
vn 6.3896558e-2 -0.99787172 1.3010322e-2
vn 0.13291463 -0.99012553 4.4554893e-2
vn 0.19194788 -0.97707770 9.2060681e-2
vn 0.21820635 -0.96559474 0.14146657
vn 0.20121988 -0.96349457 0.17660343
vn 0.15127586 -0.97017531 0.18940826
vn 9.1265196e-2 -0.97916169 0.18141952
vn 4.1757972e-2 -0.98699679 0.15522117
vn 1.2231088e-2 -0.99486711 0.10044814
vn 1.7682066e-3 -0.99732942 7.3013053e-2
vn 9.4780750e-2 -0.94256445 -0.32029497
vn 0.16488582 -0.93737216 -0.30683236
vn 0.31096977 -0.91574439 -0.25438164
vn 0.44438767 -0.88083616 -0.16323990
vn 0.52342075 -0.84968330 -6.3788777e-2
vn 0.53205896 -0.84664716 1.0092340e-2
vn 0.48051677 -0.87600289 4.1503836e-2
vn 0.39241319 -0.91933248 2.8977160e-2
vn 0.29727612 -0.95443699 -2.6018170e-2
vn 0.21880906 -0.96584001 -0.13883681
vn 0.17359935 -0.95675792 -0.23340424
vn 0.15995740 -0.77946484 -0.60567995
vn 0.25646646 -0.76917566 -0.58531510
vn 0.45383530 -0.73447460 -0.50455979
vn 0.62722177 -0.68587987 -0.36900089
vn 0.72894090 -0.64545591 -0.22810487
vn 0.75467944 -0.64284483 -0.13118484
vn 0.72114239 -0.68579936 -9.8147301e-2
vn 0.64184222 -0.75564895 -0.13051144
vn 0.53170680 -0.81602603 -0.22669231
vn 0.41029229 -0.82237624 -0.39415423
vn 0.32052674 -0.78237161 -0.53400119
vn 0.21276097 -0.53620662 -0.81683244
vn 0.32435193 -0.52478137 -0.78701991
vn 0.54792523 -0.49074004 -0.67746008
vn 0.73679349 -0.44808429 -0.50631593
vn 0.84500722 -0.41484969 -0.33743524
vn 0.88105969 -0.41343729 -0.22978998
vn 0.86873250 -0.45106241 -0.20456430
vn 0.81439650 -0.51666135 -0.26423358
vn 0.71016523 -0.57621151 -0.40453140
vn 0.55223678 -0.57255233 -0.60598544
vn 0.41322799 -0.51643643 -0.75002403
vn 0.24410963 -0.26131352 -0.93387672
vn 0.36177678 -0.25432514 -0.89690372
vn 0.59482191 -0.23482448 -0.76879409
vn 0.78783955 -0.21192284 -0.57827118
vn 0.89742952 -0.19473495 -0.39585169
vn 0.93871252 -0.19422675 -0.28477143
vn 0.93948345 -0.21437716 -0.26723262
vn 0.90364647 -0.25070615 -0.34723116
vn 0.80748824 -0.28419715 -0.51690881
vn 0.62548842 -0.27816623 -0.72896350
vn 0.45291666 -0.24127707 -0.85828426
vn 0.25352759 0.0000000e+0 -0.96732815
vn 0.37239231 3.5213819e-18 -0.92807541
vn 0.60716138 -3.5272943e-18 -0.79457854
vn 0.80077310 0.0000000e+0 -0.59896782
vn 0.91062507 3.4963860e-18 -0.41323357
vn 0.95340533 0.0000000e+0 -0.30169235
vn 0.95793572 -3.4874783e-18 -0.28698285
vn 0.92756862 0.0000000e+0 -0.37365285
vn 0.83379555 0.0000000e+0 -0.55207334
vn 0.64427512 -7.0837947e-18 -0.76479381
vn 0.46169310 0.0000000e+0 -0.88703973
vn 0.24410963 0.26131352 -0.93387672
vn 0.36177678 0.25432514 -0.89690372
vn 0.59482191 0.23482448 -0.76879409
vn 0.78783955 0.21192284 -0.57827118
vn 0.89742952 0.19473495 -0.39585169
vn 0.93871252 0.19422675 -0.28477143
vn 0.93948345 0.21437716 -0.26723262
vn 0.90364647 0.25070615 -0.34723116
vn 0.80748824 0.28419715 -0.51690881
vn 0.62548842 0.27816623 -0.72896350
vn 0.45291666 0.24127707 -0.85828426
vn 0.21276097 0.53620662 -0.81683244
vn 0.32435193 0.52478137 -0.78701991
vn 0.54792523 0.49074004 -0.67746008
vn 0.73679349 0.44808429 -0.50631593
vn 0.84500919 0.41483860 -0.33744394
vn 0.88107065 0.41340964 -0.22979770
vn 0.86874147 0.45104566 -0.20456312
vn 0.81439650 0.51666135 -0.26423358
vn 0.71016523 0.57621151 -0.40453140
vn 0.55223678 0.57255233 -0.60598544
vn 0.41322799 0.51643643 -0.75002403
vn 0.15995740 0.77946484 -0.60567995
vn 0.25646646 0.76917566 -0.58531510
vn 0.45383530 0.73447460 -0.50455979
vn 0.62722177 0.68587987 -0.36900089
vn 0.72892592 0.64547080 -0.22811060
vn 0.75466482 0.64286443 -0.13117291
vn 0.72114104 0.68580330 -9.8129737e-2
vn 0.64184222 0.75564895 -0.13051144
vn 0.53170680 0.81602603 -0.22669231
vn 0.41029229 0.82237624 -0.39415423
vn 0.32052674 0.78237161 -0.53400119
vn 9.4780750e-2 0.94256445 -0.32029497
vn 0.16488582 0.93737216 -0.30683236
vn 0.31096977 0.91574439 -0.25438164
vn 0.44438767 0.88083616 -0.16323990
vn 0.52339206 0.84970141 -6.3782906e-2
vn 0.53200840 0.84667862 1.0117967e-2
vn 0.48049414 0.87601436 4.1523808e-2
vn 0.39241319 0.91933248 2.8977160e-2
vn 0.29727612 0.95443699 -2.6018170e-2
vn 0.21880906 0.96584001 -0.13883681
vn 0.17359935 0.95675792 -0.23340424
vn 2.9972822e-2 0.99954766 2.4707149e-3
vn 6.3896558e-2 0.99787172 1.3010322e-2
vn 0.13291463 0.99012553 4.4554893e-2
vn 0.19194788 0.97707770 9.2060681e-2
vn 0.21820333 0.96559536 0.14146698
vn 0.20121351 0.96349535 0.17660643
vn 0.15127252 0.97017532 0.18941084
vn 9.1265196e-2 0.97916169 0.18141952
vn 4.1757972e-2 0.98699679 0.15522117
vn 1.2231088e-2 0.99486711 0.10044814
vn 1.7622048e-3 0.99732668 7.3050522e-2
vn -2.4107786e-2 0.94474231 0.32692626
vn -3.1423809e-2 0.94169639 0.33499321
vn -5.4485972e-2 0.93601780 0.34770959
vn -9.4528486e-2 0.93153864 0.35114117
vn -0.14610730 0.92808816 0.34249822
vn -0.19440722 0.92540754 0.32531018
vn -0.22424971 0.92437623 0.30861084
vn -0.23026862 0.92598226 0.29922101
vn -0.21688566 0.92998561 0.29679517
vn -0.19230561 0.93605303 0.29465790
vn -0.16771594 0.93026648 0.32630604
vn -6.1143864e-2 0.78408696 0.61763183
vn -0.10848371 0.77717214 0.61986672
vn -0.22015017 0.76370710 0.60686520
vn -0.35334407 0.75050607 0.55846989
vn -0.47380035 0.73632956 0.48304452
vn -0.54739242 0.72957684 0.40997461
vn -0.56350176 0.73965404 0.36793705
vn -0.53173356 0.76421960 0.36500387
vn -0.46930740 0.79073611 0.39304829
vn -0.39419398 0.80540558 0.44264316
vn -0.32865316 0.78898731 0.51912053
vn -7.9625943e-2 0.54178190 0.83673896
vn -0.15922155 0.53355083 0.83064554
vn -0.33909433 0.51549829 0.78694126
vn -0.53493770 0.49478248 0.68485908
vn -0.69124828 0.47229250 0.54691463
vn -0.77589422 0.46314480 0.42835155
vn -0.79526654 0.48048749 0.36970652
vn -0.76430769 0.52206377 0.37852765
vn -0.69157362 0.57019861 0.44339539
vn -0.58533919 0.59755023 0.54800707
vn -0.47727223 0.57915577 0.66090075
vn -8.4307166e-2 0.26493937 0.96057245
vn -0.18370551 0.25977909 0.94803329
vn -0.40342361 0.24770456 0.88084723
vn -0.63013644 0.23316319 0.74065038
vn -0.79776496 0.21770909 0.56229336
vn -0.88402574 0.21159973 0.41680216
vn -0.91072338 0.22304026 0.34761468
vn -0.89700214 0.25231494 0.36293847
vn -0.84130325 0.28996615 0.45621100
vn -0.72929536 0.31407364 0.60785362
vn -0.58951180 0.30326939 0.74866782
vn -0.48640156 -0.27209409 0.83028810
vn -0.51826502 0.0000000e+0 0.85522007
vn -0.40837703 -0.23502221 0.88203898
vn -0.43555027 0.0000000e+0 0.90016441
vn -0.31735054 -0.18410402 0.93026574
vn -0.33838296 3.4899579e-18 0.94100849
vn -0.19458987 -0.10706016 0.97502457
vn -0.20600009 -8.7164205e-19 0.97855197
vn 1.6025190e-2 3.1742795e-2 0.99936759
vn 2.8116008e-2 0.0000000e+0 0.99960467
vn 0.43959054 0.30171779 0.84600622
vn 0.53862388 0.0000000e+0 0.84254633
vn 0.81823725 0.53640268 0.20678481
vn 0.99065722 -1.6170309e-17 0.13637545
vn 0.76584627 0.49498828 -0.41044622
vn 0.86533011 7.3109076e-18 -0.50120236
vn 0.63955446 0.40081682 -0.65598473
vn 0.69818100 -7.1101066e-18 -0.71592129
vn 0.58829635 0.35959347 -0.72429272
vn 0.63594644 0.0000000e+0 -0.77173319
vn -0.39939101 -0.52538519 0.75130368
vn -0.33599795 -0.45351307 0.82548850
vn -0.26256953 -0.35490893 0.89727192
vn -0.16499640 -0.20797871 0.96411672
vn -8.2944895e-3 3.8588176e-2 0.99922077
vn 0.25639354 0.44358021 0.85877759
vn 0.49790106 0.79298135 0.35110556
vn 0.53506333 0.82195447 -0.19518730
vn 0.48841096 0.72095854 -0.49160300
vn 0.46201391 0.66451099 -0.58734002
vn -0.28194615 -0.72985007 0.62275616
vn -0.24013150 -0.63392954 0.73516678
vn -0.19116186 -0.49796853 0.84586316
vn -0.12606503 -0.29573846 0.94691413
vn -2.7407679e-2 1.8799885e-2 0.99944754
vn 0.11697774 0.45822313 0.88110599
vn 0.25203976 0.83348381 0.49171201
vn 0.30815008 0.95061227 3.7146173e-2
vn 0.31150127 0.90890507 -0.27723372
vn 0.30584686 0.86667001 -0.39413297
vn -0.14919373 -0.88467437 0.44169275
vn -0.13160410 -0.78382930 0.60687065
vn -0.11043441 -0.62382651 0.77372135
vn -8.0936639e-2 -0.37682324 0.92274238
vn -3.5635518e-2 -1.5436356e-2 0.99924563
vn 2.7594341e-2 0.42475264 0.90488881
vn 9.0079689e-2 0.78884084 0.60796034
vn 0.12939191 0.96046908 0.24648910
vn 0.14640821 0.98813392 -4.6432573e-2
vn 0.15011493 0.97438789 -0.16743283
vn 1.1860550e-4 -0.98216684 0.18801142
vn -3.4012501e-3 -0.90993247 0.41474249
vn -1.1772462e-2 -0.74861785 0.66289722
vn -2.3611077e-2 -0.46217622 0.88647372
vn -3.2890924e-2 -5.6689216e-2 0.99784995
vn -3.2557356e-2 0.37468458 0.92658053
vn -2.3122933e-2 0.70921333 0.70461463
vn -1.1418038e-2 0.90032894 0.43506025
vn -3.0316829e-3 0.98075162 0.19523591
vn -1.4051856e-4 0.99609929 8.8239385e-2
vn 0.16309873 -0.97575954 -0.14591823
vn 0.15656593 -0.98051028 0.11868737
vn 0.12731093 -0.87237067 0.47197599
vn 6.2724275e-2 -0.56125848 0.82526031
vn -1.7393820e-2 -0.10177204 0.99465567
vn -7.6948365e-2 0.31570660 0.94573162
vn -0.10956153 0.60554372 0.78823415
vn -0.12619795 0.78514236 0.60632133
vn -0.13699338 0.88821345 0.43853128
vn -0.14163168 0.92206774 0.36018265
vn 0.30735113 -0.81231447 -0.49566167
vn 0.33005185 -0.90322382 -0.27432192
vn 0.32826035 -0.93414775 0.14004685
vn 0.21436116 -0.67136011 0.70945394
vn 1.8155315e-2 -0.14646464 0.98904929
vn -0.11193589 0.24748868 0.96240309
vn -0.17858477 0.47727013 0.86041891
vn -0.21827846 0.62021560 0.75345015
vn -0.24791224 0.71235762 0.65657151
vn -0.26129397 0.74738465 0.61085321
vn 0.39339635 -0.53263641 -0.74935824
vn 0.45090083 -0.63436730 -0.62790649
vn 0.54092138 -0.78185236 -0.31001767
vn 0.47758820 -0.72089176 0.50221966
vn 8.8936700e-2 -0.17485724 0.98056882
vn -0.13921422 0.16934053 0.97567576
vn -0.23107145 0.32548470 0.91687823
vn -0.28472615 0.41782653 0.86275838
vn -0.32506218 0.47795117 0.81602528
vn -0.34327182 0.50137251 0.79422293
vn 0.42466094 -0.24490876 -0.87159784
vn 0.49337013 -0.29685870 -0.81759453
vn 0.64381090 -0.40294338 -0.65049532
vn 0.81787277 -0.51942874 0.24754376
vn 0.19739273 -0.13617378 0.97082069
vn -0.15706612 8.4164173e-2 0.98399524
vn -0.26378782 0.16033349 0.95116200
vn -0.32262065 0.20256622 0.92459875
vn -0.36545425 0.22911421 0.90219171
vn -0.38439409 0.23914129 0.89165724
vn 0.43006786 0.0000000e+0 -0.90279656
vn 0.49847751 -7.0106282e-18 -0.86690263
vn 0.65624745 7.1348660e-18 -0.75454575
vn 0.99218030 -1.0497435e-17 0.12481286
vn 0.25977110 -1.8645630e-18 0.96567022
vn -0.16318580 3.4836032e-18 0.98659536
vn -0.27454597 0.0000000e+0 0.96157398
vn -0.33409651 0.0000000e+0 0.94253887
vn -0.37660935 3.4900618e-18 0.92637217
vn -0.39523219 0.0000000e+0 0.91858125
vn 0.42466094 0.24490876 -0.87159784
vn 0.49337013 0.29685870 -0.81759453
vn 0.64381090 0.40294338 -0.65049532
vn 0.81787277 0.51942874 0.24754376
vn 0.19739273 0.13617378 0.97082069
vn -0.15706612 -8.4164173e-2 0.98399524
vn -0.26378782 -0.16033349 0.95116200
vn -0.32262065 -0.20256622 0.92459875
vn -0.36545425 -0.22911421 0.90219171
vn -0.38439409 -0.23914129 0.89165724
vn 0.39339635 0.53263641 -0.74935824
vn 0.45090083 0.63436730 -0.62790649
vn 0.54092138 0.78185236 -0.31001767
vn 0.47758820 0.72089176 0.50221966
vn 8.8936700e-2 0.17485724 0.98056882
vn -0.13921422 -0.16934053 0.97567576
vn -0.23107145 -0.32548470 0.91687823
vn -0.28472615 -0.41782653 0.86275838
vn -0.32506218 -0.47795117 0.81602528
vn -0.34327182 -0.50137251 0.79422293
vn 0.30735113 0.81231447 -0.49566167
vn 0.33005185 0.90322382 -0.27432192
vn 0.32826035 0.93414775 0.14004685
vn 0.21436116 0.67136011 0.70945394
vn 1.8155315e-2 0.14646464 0.98904929
vn -0.11193589 -0.24748868 0.96240309
vn -0.17858477 -0.47727013 0.86041891
vn -0.21827846 -0.62021560 0.75345015
vn -0.24791224 -0.71235762 0.65657151
vn -0.26129397 -0.74738465 0.61085321
vn 0.16309873 0.97575954 -0.14591823
vn 0.15656593 0.98051028 0.11868737
vn 0.12731093 0.87237067 0.47197599
vn 6.2724275e-2 0.56125848 0.82526031
vn -1.7393820e-2 0.10177204 0.99465567
vn -7.6948365e-2 -0.31570660 0.94573162
vn -0.10956153 -0.60554372 0.78823415
vn -0.12619795 -0.78514236 0.60632133
vn -0.13699338 -0.88821345 0.43853128
vn -0.14163168 -0.92206774 0.36018265
vn 1.0038241e-4 0.98216615 0.18801499
vn -3.4134196e-3 0.90994718 0.41471011
vn -1.1772462e-2 0.74861785 0.66289722
vn -2.3611077e-2 0.46217622 0.88647372
vn -3.2890924e-2 5.6689216e-2 0.99784995
vn -3.2557356e-2 -0.37468458 0.92658053
vn -2.3122933e-2 -0.70921333 0.70461463
vn -1.1418038e-2 -0.90032894 0.43506025
vn -3.0316829e-3 -0.98075162 0.19523591
vn -1.4051856e-4 -0.99609929 8.8239385e-2
vn -0.14918757 0.88470549 0.44163250
vn -0.13161377 0.78390951 0.60676495
vn -0.11043441 0.62382651 0.77372135
vn -8.0936639e-2 0.37682324 0.92274238
vn -3.5635518e-2 1.5436356e-2 0.99924563
vn 2.7594341e-2 -0.42475264 0.90488881
vn 9.0079689e-2 -0.78884084 0.60796034
vn 0.12939191 -0.96046908 0.24648910
vn 0.14640821 -0.98813392 -4.6432573e-2
vn 0.15011493 -0.97438789 -0.16743283
vn -0.28192622 0.72990208 0.62270424
vn -0.24013270 0.63400242 0.73510354
vn -0.19116186 0.49796853 0.84586316
vn -0.12606503 0.29573846 0.94691413
vn -2.7407679e-2 -1.8799885e-2 0.99944754
vn 0.11697774 -0.45822313 0.88110599
vn 0.25203976 -0.83348381 0.49171201
vn 0.30815008 -0.95061227 3.7146173e-2
vn 0.31150127 -0.90890507 -0.27723372
vn 0.30584686 -0.86667001 -0.39413297
vn -0.39939101 0.52538519 0.75130368
vn -0.33599795 0.45351307 0.82548850
vn -0.26256953 0.35490893 0.89727192
vn -0.16499640 0.20797871 0.96411672
vn -8.2944895e-3 -3.8588176e-2 0.99922077
vn 0.25639354 -0.44358021 0.85877759
vn 0.49790106 -0.79298135 0.35110556
vn 0.53506333 -0.82195447 -0.19518730
vn 0.48841096 -0.72095854 -0.49160300
vn 0.46201391 -0.66451099 -0.58734002
vn -0.48640156 0.27209409 0.83028810
vn -0.40837703 0.23502221 0.88203898
vn -0.31735054 0.18410402 0.93026574
vn -0.19458987 0.10706016 0.97502457
vn 1.6025190e-2 -3.1742795e-2 0.99936759
vn 0.43959054 -0.30171779 0.84600622
vn 0.81823725 -0.53640268 0.20678481
vn 0.76584627 -0.49498828 -0.41044622
vn 0.63955446 -0.40081682 -0.65598473
vn 0.58829635 -0.35959347 -0.72429272
vn 0.12296720 -1.9380712e-2 0.99222147
vn 0.12458046 0.0000000e+0 0.99220951
vn 2.4309511e-18 2.6480003e-18 1.00000000
vn 0.40322018 -6.3512670e-2 0.91289628
vn 0.40842563 -3.9333303e-5 0.91279160
vn 0.88055394 -0.13876979 0.45317514
vn 0.89151982 -4.3260938e-5 0.45298169
vn 0.95012369 -0.14979155 -0.27354609
vn 0.96190757 -1.8101515e-7 -0.27337488
vn 0.79136197 -0.12480382 -0.59847326
vn 0.80139389 1.7441531e-18 -0.59813697
vn 0.73684424 -0.11628318 -0.66598708
vn 0.74624017 0.0000000e+0 -0.66567681
vn 0.77537020 -0.12244812 -0.61952200
vn 0.78523913 3.4831690e-18 -0.61919263
vn 0.90697766 -0.14347720 -0.39598713
vn 0.91839349 -3.5463657e-18 -0.39566830
vn 0.97021154 -0.15376245 0.18720756
vn 0.98232128 -3.7737141e-18 0.18720281
vn 0.65792505 -0.10438237 0.74581429
vn 0.66633838 0.0000000e+0 0.74564949
vn 0.11822361 -3.8366177e-2 0.99224554
vn 0.38776660 -0.12589988 0.91311899
vn 0.84764384 -0.27526312 0.45357485
vn 0.91474321 -0.29704509 -0.27387786
vn 0.76147423 -0.24733543 -0.59915122
vn 0.70889562 -0.23042725 -0.66661104
vn 0.74597867 -0.24266151 -0.62018644
vn 0.87283153 -0.28427787 -0.39667519
vn 0.93391422 -0.30458655 0.18716642
vn 0.63291656 -0.20656400 0.74615544
vn 0.11056717 -5.6370361e-2 0.99226876
vn 0.36280265 -0.18495965 0.91332588
vn 0.79384158 -0.40471226 0.45389815
vn 0.85673490 -0.43680577 -0.27423718
vn 0.71280893 -0.36349039 -0.59981511
vn 0.66341611 -0.33853133 -0.66728975
vn 0.69814137 -0.35658153 -0.62084478
vn 0.81712391 -0.41765593 -0.39733115
vn 0.87456988 -0.44736654 0.18705803
vn 0.59235897 -0.30314672 0.74646696
vn 0.10027388 -7.2902974e-2 0.99228540
vn 0.32911862 -0.23921539 0.91348614
vn 0.72068608 -0.52387083 0.45406049
vn 0.77775140 -0.56543633 -0.27456241
vn 0.64693537 -0.47031424 -0.60023257
vn 0.60208305 -0.43771164 -0.66776083
vn 0.63366084 -0.46090793 -0.62131942
vn 0.74184874 -0.53987072 -0.39774371
vn 0.79423224 -0.57812541 0.18699243
vn 0.53776572 -0.39154156 0.74666140
vn 8.7626615e-2 -8.7626615e-2 0.99229187
vn 0.28761732 -0.28761732 0.91353848
vn 0.63000722 -0.63000722 0.45407247
vn 0.67990553 -0.67990553 -0.27469425
vn 0.56549192 -0.56549192 -0.60036471
vn 0.52627936 -0.52621808 -0.66792557
vn 0.55400596 -0.55387721 -0.62152830
vn 0.64875425 -0.64868569 -0.39790050
vn 0.69463517 -0.69463517 0.18698656
vn 0.47032618 -0.47032618 0.74671720
vn 7.2902974e-2 -0.10027388 0.99228540
vn 0.23921539 -0.32911862 0.91348614
vn 0.52387083 -0.72068608 0.45406049
vn 0.56543633 -0.77775140 -0.27456241
vn 0.47031424 -0.64693537 -0.60023257
vn 0.43772645 -0.60210287 -0.66773325
vn 0.46090602 -0.63365705 -0.62132470
vn 0.53986105 -0.74183482 -0.39778279
vn 0.57812541 -0.79423224 0.18699243
vn 0.39154156 -0.53776572 0.74666140
vn 5.6370361e-2 -0.11056717 0.99226876
vn 0.18493508 -0.36284610 0.91331360
vn 0.40467789 -0.79387507 0.45387021
vn 0.43680562 -0.85673505 -0.27423696
vn 0.36349039 -0.71280893 -0.59981511
vn 0.33850012 -0.66344949 -0.66727239
vn 0.35650272 -0.69818562 -0.62084028
vn 0.41760981 -0.81713935 -0.39734787
vn 0.44736654 -0.87456988 0.18705803
vn 0.30314672 -0.59235897 0.74646696
vn 3.8366177e-2 -0.11822361 0.99224554
vn 0.12594921 -0.38778977 0.91310234
vn 0.27530989 -0.84764624 0.45354197
vn 0.29704528 -0.91474322 -0.27387762
vn 0.24733543 -0.76147423 -0.59915122
vn 0.23042725 -0.70889562 -0.66661104
vn 0.24266151 -0.74597867 -0.62018644
vn 0.28427787 -0.87283153 -0.39667519
vn 0.30458655 -0.93391422 0.18716642
vn 0.20656400 -0.63291656 0.74615544
vn 1.9380712e-2 -0.12296720 0.99222147
vn 6.3582783e-2 -0.40314296 0.91292551
vn 0.13885326 -0.88050916 0.45323657
vn 0.14979191 -0.95012351 -0.27354653
vn 0.12480382 -0.79136197 -0.59847326
vn 0.11628318 -0.73684424 -0.66598708
vn 0.12244812 -0.77537020 -0.61952200
vn 0.14349599 -0.90697861 -0.39597816
vn 0.15373302 -0.97020994 0.18724005
vn 0.10433384 -0.65791301 0.74583170
vn 0.0000000e+0 -0.12458046 0.99220951
vn -3.9333213e-5 -0.40836079 0.91282061
vn -4.3263042e-5 -0.89148882 0.45304270
vn -1.8101518e-7 -0.96190745 -0.27337531
vn -1.7441531e-18 -0.80139389 -0.59813697
vn 1.7376558e-18 -0.74624017 -0.66567681
vn 3.4831690e-18 -0.78523913 -0.61919263
vn 0.0000000e+0 -0.91840030 -0.39565248
vn 0.0000000e+0 -0.98230923 0.18726606
vn 0.0000000e+0 -0.66630766 0.74567695
vn -1.9380712e-2 -0.12296720 0.99222147
vn -6.3547279e-2 -0.40318683 0.91290860
vn -0.13881037 -0.88053317 0.45320306
vn -0.14979172 -0.95012360 -0.27354630
vn -0.12480382 -0.79136197 -0.59847326
vn -0.11628318 -0.73684424 -0.66598708
vn -0.12244812 -0.77537020 -0.61952200
vn -0.14349599 -0.90697861 -0.39597816
vn -0.15373302 -0.97020994 0.18724005
vn -0.10433384 -0.65791301 0.74583170
vn -3.8366177e-2 -0.11822361 0.99224554
vn -0.12589988 -0.38776660 0.91311899
vn -0.27526312 -0.84764384 0.45357485
vn -0.29704509 -0.91474321 -0.27387786
vn -0.24733543 -0.76147423 -0.59915122
vn -0.23042725 -0.70889562 -0.66661104
vn -0.24266151 -0.74597867 -0.62018644
vn -0.28427787 -0.87283153 -0.39667519
vn -0.30458655 -0.93391422 0.18716642
vn -0.20656400 -0.63291656 0.74615544
vn -5.6370361e-2 -0.11056717 0.99226876
vn -0.18495965 -0.36280265 0.91332588
vn -0.40471226 -0.79384158 0.45389815
vn -0.43680577 -0.85673490 -0.27423718
vn -0.36349039 -0.71280893 -0.59981511
vn -0.33853133 -0.66341611 -0.66728975
vn -0.35658153 -0.69814137 -0.62084478
vn -0.41765593 -0.81712391 -0.39733115
vn -0.44736654 -0.87456988 0.18705803
vn -0.30314672 -0.59235897 0.74646696
vn -7.2902974e-2 -0.10027388 0.99228540
vn -0.23921539 -0.32911862 0.91348614
vn -0.52387083 -0.72068608 0.45406049
vn -0.56543633 -0.77775140 -0.27456241
vn -0.47031424 -0.64693537 -0.60023257
vn -0.43771164 -0.60208305 -0.66776083
vn -0.46090793 -0.63366084 -0.62131942
vn -0.53987072 -0.74184874 -0.39774371
vn -0.57812541 -0.79423224 0.18699243
vn -0.39154156 -0.53776572 0.74666140
vn -8.7626615e-2 -8.7626615e-2 0.99229187
vn -0.28761732 -0.28761732 0.91353848
vn -0.63000722 -0.63000722 0.45407247
vn -0.67990553 -0.67990553 -0.27469425
vn -0.56549192 -0.56549192 -0.60036471
vn -0.52621808 -0.52627936 -0.66792557
vn -0.55387721 -0.55400596 -0.62152830
vn -0.64868569 -0.64875425 -0.39790050
vn -0.69463517 -0.69463517 0.18698656
vn -0.47032618 -0.47032618 0.74671720
vn -0.10027388 -7.2902974e-2 0.99228540
vn -0.32911862 -0.23921539 0.91348614
vn -0.72068608 -0.52387083 0.45406049
vn -0.77775140 -0.56543633 -0.27456241
vn -0.64693537 -0.47031424 -0.60023257
vn -0.60210287 -0.43772645 -0.66773325
vn -0.63365705 -0.46090602 -0.62132470
vn -0.74183482 -0.53986105 -0.39778279
vn -0.79423224 -0.57812541 0.18699243
vn -0.53776572 -0.39154156 0.74666140
vn -0.11056717 -5.6370361e-2 0.99226876
vn -0.36284610 -0.18493508 0.91331360
vn -0.79387507 -0.40467789 0.45387021
vn -0.85673505 -0.43680562 -0.27423696
vn -0.71280893 -0.36349039 -0.59981511
vn -0.66344949 -0.33850012 -0.66727239
vn -0.69818562 -0.35650272 -0.62084028
vn -0.81713935 -0.41760981 -0.39734787
vn -0.87456988 -0.44736654 0.18705803
vn -0.59235897 -0.30314672 0.74646696
vn -0.11822361 -3.8366177e-2 0.99224554
vn -0.38778977 -0.12594921 0.91310234
vn -0.84764624 -0.27530989 0.45354197
vn -0.91474322 -0.29704528 -0.27387762
vn -0.76147423 -0.24733543 -0.59915122
vn -0.70889562 -0.23042725 -0.66661104
vn -0.74597867 -0.24266151 -0.62018644
vn -0.87283153 -0.28427787 -0.39667519
vn -0.93391422 -0.30458655 0.18716642
vn -0.63291656 -0.20656400 0.74615544
vn -0.12296720 -1.9380712e-2 0.99222147
vn -0.40314296 -6.3582783e-2 0.91292551
vn -0.88050916 -0.13885326 0.45323657
vn -0.95012351 -0.14979191 -0.27354653
vn -0.79136197 -0.12480382 -0.59847326
vn -0.73684424 -0.11628318 -0.66598708
vn -0.77537020 -0.12244812 -0.61952200
vn -0.90697861 -0.14349599 -0.39597816
vn -0.97020994 -0.15373302 0.18724005
vn -0.65791301 -0.10433384 0.74583170
vn -0.12458046 0.0000000e+0 0.99220951
vn -0.40836079 3.9333213e-5 0.91282061
vn -0.89148882 4.3263042e-5 0.45304270
vn -0.96190745 1.8101518e-7 -0.27337531
vn -0.80139389 1.7441531e-18 -0.59813697
vn -0.74624017 0.0000000e+0 -0.66567681
vn -0.78523913 3.4831690e-18 -0.61919263
vn -0.91840030 0.0000000e+0 -0.39565248
vn -0.98230923 0.0000000e+0 0.18726606
vn -0.66630766 0.0000000e+0 0.74567695
vn -0.12296720 1.9380712e-2 0.99222147
vn -0.40318683 6.3547279e-2 0.91290860
vn -0.88053317 0.13881037 0.45320306
vn -0.95012360 0.14979172 -0.27354630
vn -0.79136197 0.12480382 -0.59847326
vn -0.73684424 0.11628318 -0.66598708
vn -0.77537020 0.12244812 -0.61952200
vn -0.90697861 0.14349599 -0.39597816
vn -0.97020994 0.15373302 0.18724005
vn -0.65791301 0.10433384 0.74583170
vn -0.11822361 3.8366177e-2 0.99224554
vn -0.38776660 0.12589988 0.91311899
vn -0.84764384 0.27526312 0.45357485
vn -0.91474321 0.29704509 -0.27387786
vn -0.76147423 0.24733543 -0.59915122
vn -0.70889562 0.23042725 -0.66661104
vn -0.74597867 0.24266151 -0.62018644
vn -0.87283153 0.28427787 -0.39667519
vn -0.93391422 0.30458655 0.18716642
vn -0.63291656 0.20656400 0.74615544
vn -0.11056717 5.6370361e-2 0.99226876
vn -0.36280265 0.18495965 0.91332588
vn -0.79384158 0.40471226 0.45389815
vn -0.85673490 0.43680577 -0.27423718
vn -0.71280893 0.36349039 -0.59981511
vn -0.66341611 0.33853133 -0.66728975
vn -0.69814137 0.35658153 -0.62084478
vn -0.81712391 0.41765593 -0.39733115
vn -0.87456988 0.44736654 0.18705803
vn -0.59235897 0.30314672 0.74646696
vn -0.10027388 7.2902974e-2 0.99228540
vn -0.32911862 0.23921539 0.91348614
vn -0.72068608 0.52387083 0.45406049
vn -0.77775140 0.56543633 -0.27456241
vn -0.64693537 0.47031424 -0.60023257
vn -0.60208305 0.43771164 -0.66776083
vn -0.63366084 0.46090793 -0.62131942
vn -0.74184874 0.53987072 -0.39774371
vn -0.79423224 0.57812541 0.18699243
vn -0.53776572 0.39154156 0.74666140
vn -8.7626615e-2 8.7626615e-2 0.99229187
vn -0.28761732 0.28761732 0.91353848
vn -0.63000722 0.63000722 0.45407247
vn -0.67990553 0.67990553 -0.27469425
vn -0.56549192 0.56549192 -0.60036471
vn -0.52627936 0.52621808 -0.66792557
vn -0.55400596 0.55387721 -0.62152830
vn -0.64875425 0.64868569 -0.39790050
vn -0.69463517 0.69463517 0.18698656
vn -0.47032618 0.47032618 0.74671720
vn -7.2902974e-2 0.10027388 0.99228540
vn -0.23921539 0.32911862 0.91348614
vn -0.52387083 0.72068608 0.45406049
vn -0.56543633 0.77775140 -0.27456241
vn -0.47031424 0.64693537 -0.60023257
vn -0.43772645 0.60210287 -0.66773325
vn -0.46090602 0.63365705 -0.62132470
vn -0.53986105 0.74183482 -0.39778279
vn -0.57812541 0.79423224 0.18699243
vn -0.39154156 0.53776572 0.74666140
vn -5.6370361e-2 0.11056717 0.99226876
vn -0.18493508 0.36284610 0.91331360
vn -0.40467789 0.79387507 0.45387021
vn -0.43680562 0.85673505 -0.27423696
vn -0.36349039 0.71280893 -0.59981511
vn -0.33850012 0.66344949 -0.66727239
vn -0.35650272 0.69818562 -0.62084028
vn -0.41760981 0.81713935 -0.39734787
vn -0.44736654 0.87456988 0.18705803
vn -0.30314672 0.59235897 0.74646696
vn -3.8366177e-2 0.11822361 0.99224554
vn -0.12594921 0.38778977 0.91310234
vn -0.27530989 0.84764624 0.45354197
vn -0.29704528 0.91474322 -0.27387762
vn -0.24733543 0.76147423 -0.59915122
vn -0.23042725 0.70889562 -0.66661104
vn -0.24266151 0.74597867 -0.62018644
vn -0.28427787 0.87283153 -0.39667519
vn -0.30458655 0.93391422 0.18716642
vn -0.20656400 0.63291656 0.74615544
vn -1.9380712e-2 0.12296720 0.99222147
vn -6.3582783e-2 0.40314296 0.91292551
vn -0.13885326 0.88050916 0.45323657
vn -0.14979191 0.95012351 -0.27354653
vn -0.12480382 0.79136197 -0.59847326
vn -0.11628318 0.73684424 -0.66598708
vn -0.12244812 0.77537020 -0.61952200
vn -0.14349599 0.90697861 -0.39597816
vn -0.15373302 0.97020994 0.18724005
vn -0.10433384 0.65791301 0.74583170
vn 0.0000000e+0 0.12458046 0.99220951
vn 3.9333213e-5 0.40836079 0.91282061
vn 4.3263042e-5 0.89148882 0.45304270
vn 1.8101518e-7 0.96190745 -0.27337531
vn 1.7441531e-18 0.80139389 -0.59813697
vn 3.4753116e-18 0.74624017 -0.66567681
vn 0.0000000e+0 0.78523913 -0.61919263
vn 0.0000000e+0 0.91840030 -0.39565248
vn 0.0000000e+0 0.98230923 0.18726606
vn 0.0000000e+0 0.66630766 0.74567695
vn 1.9380712e-2 0.12296720 0.99222147
vn 6.3547279e-2 0.40318683 0.91290860
vn 0.13881037 0.88053317 0.45320306
vn 0.14979172 0.95012360 -0.27354630
vn 0.12480382 0.79136197 -0.59847326
vn 0.11628318 0.73684424 -0.66598708
vn 0.12244812 0.77537020 -0.61952200
vn 0.14349599 0.90697861 -0.39597816
vn 0.15373302 0.97020994 0.18724005
vn 0.10433384 0.65791301 0.74583170
vn 3.8366177e-2 0.11822361 0.99224554
vn 0.12589988 0.38776660 0.91311899
vn 0.27526312 0.84764384 0.45357485
vn 0.29704509 0.91474321 -0.27387786
vn 0.24733543 0.76147423 -0.59915122
vn 0.23042725 0.70889562 -0.66661104
vn 0.24266151 0.74597867 -0.62018644
vn 0.28427787 0.87283153 -0.39667519
vn 0.30458655 0.93391422 0.18716642
vn 0.20656400 0.63291656 0.74615544
vn 5.6370361e-2 0.11056717 0.99226876
vn 0.18495965 0.36280265 0.91332588
vn 0.40471226 0.79384158 0.45389815
vn 0.43680577 0.85673490 -0.27423718
vn 0.36349039 0.71280893 -0.59981511
vn 0.33853133 0.66341611 -0.66728975
vn 0.35658153 0.69814137 -0.62084478
vn 0.41765593 0.81712391 -0.39733115
vn 0.44736654 0.87456988 0.18705803
vn 0.30314672 0.59235897 0.74646696
vn 7.2902974e-2 0.10027388 0.99228540
vn 0.23921539 0.32911862 0.91348614
vn 0.52387083 0.72068608 0.45406049
vn 0.56543633 0.77775140 -0.27456241
vn 0.47031424 0.64693537 -0.60023257
vn 0.43771164 0.60208305 -0.66776083
vn 0.46090793 0.63366084 -0.62131942
vn 0.53987072 0.74184874 -0.39774371
vn 0.57812541 0.79423224 0.18699243
vn 0.39154156 0.53776572 0.74666140
vn 8.7626615e-2 8.7626615e-2 0.99229187
vn 0.28761732 0.28761732 0.91353848
vn 0.63000722 0.63000722 0.45407247
vn 0.67990553 0.67990553 -0.27469425
vn 0.56549192 0.56549192 -0.60036471
vn 0.52621808 0.52627936 -0.66792557
vn 0.55387721 0.55400596 -0.62152830
vn 0.64868569 0.64875425 -0.39790050
vn 0.69463517 0.69463517 0.18698656
vn 0.47032618 0.47032618 0.74671720
vn 0.10027388 7.2902974e-2 0.99228540
vn 0.32911862 0.23921539 0.91348614
vn 0.72068608 0.52387083 0.45406049
vn 0.77775140 0.56543633 -0.27456241
vn 0.64693537 0.47031424 -0.60023257
vn 0.60210287 0.43772645 -0.66773325
vn 0.63365705 0.46090602 -0.62132470
vn 0.74183482 0.53986105 -0.39778279
vn 0.79423224 0.57812541 0.18699243
vn 0.53776572 0.39154156 0.74666140
vn 0.11056717 5.6370361e-2 0.99226876
vn 0.36284610 0.18493508 0.91331360
vn 0.79387507 0.40467789 0.45387021
vn 0.85673505 0.43680562 -0.27423696
vn 0.71280893 0.36349039 -0.59981511
vn 0.66344949 0.33850012 -0.66727239
vn 0.69818562 0.35650272 -0.62084028
vn 0.81713935 0.41760981 -0.39734787
vn 0.87456988 0.44736654 0.18705803
vn 0.59235897 0.30314672 0.74646696
vn 0.11822361 3.8366177e-2 0.99224554
vn 0.38778977 0.12594921 0.91310234
vn 0.84764624 0.27530989 0.45354197
vn 0.91474322 0.29704528 -0.27387762
vn 0.76147423 0.24733543 -0.59915122
vn 0.70889562 0.23042725 -0.66661104
vn 0.74597867 0.24266151 -0.62018644
vn 0.87283153 0.28427787 -0.39667519
vn 0.93391422 0.30458655 0.18716642
vn 0.63291656 0.20656400 0.74615544
vn 0.12296720 1.9380712e-2 0.99222147
vn 0.40317632 6.3548175e-2 0.91291319
vn 0.88052993 0.13881268 0.45320865
vn 0.95012360 0.14979174 -0.27354632
vn 0.79136197 0.12480382 -0.59847326
vn 0.73684424 0.11628318 -0.66598708
vn 0.77537020 0.12244812 -0.61952200
vn 0.90697766 0.14347720 -0.39598713
vn 0.97021154 0.15376245 0.18720756
vn 0.65792505 0.10438237 0.74581429
vn 0.36915784 -5.8599688e-2 0.92751742
vn 0.37397137 0.0000000e+0 0.92744025
vn 0.24346665 -3.8654600e-2 0.96913870
vn 0.24666207 0.0000000e+0 0.96910155
vn 0.18226378 -2.8933861e-2 0.98282386
vn 0.18465977 4.3382087e-19 0.98280251
vn 0.15451872 -2.4525405e-2 0.98768541
vn 0.15655005 0.0000000e+0 0.98767003
vn 0.14994513 -2.3799036e-2 0.98840784
vn 0.15191579 0.0000000e+0 0.98839344
vn 0.16837564 -2.6727670e-2 0.98536048
vn 0.17058741 0.0000000e+0 0.98534255
vn 0.22051454 -3.5003095e-2 0.97475542
vn 0.22341371 -8.6812578e-19 0.97472371
vn 0.34400296 -5.4603660e-2 0.93737954
vn 0.34849594 1.7428833e-18 0.93731029
vn 0.65919017 -0.10465382 0.74465824
vn 0.66763924 0.0000000e+0 0.74448495
vn 0.83825296 -0.13309359 0.52878925
vn 0.84890159 0.0000000e+0 0.52855094
vn 0.35496460 -0.11585538 0.92767326
vn 0.23407853 -7.6403373e-2 0.96921090
vn 0.17522449 -5.7190405e-2 0.98286603
vn 0.14855251 -4.8484350e-2 0.98771525
vn 0.14415501 -4.7051161e-2 0.98843590
vn 0.16187566 -5.2834662e-2 0.98539574
vn 0.21200182 -6.9193964e-2 0.97481661
vn 0.33076773 -0.10795727 0.93751690
vn 0.63414813 -0.20699396 0.74498970
vn 0.80658755 -0.26329180 0.52923904
vn 0.33207802 -0.16990153 0.92782415
vn 0.21897533 -0.11202324 0.96927839
vn 0.16390699 -8.3861783e-2 0.98290473
vn 0.13895524 -7.1099899e-2 0.98774301
vn 0.13483975 -6.8996222e-2 0.98846232
vn 0.15141377 -7.7476885e-2 0.98542945
vn 0.19830951 -0.10147357 0.97487253
vn 0.30942767 -0.15833435 0.93764852
vn 0.59352303 -0.30371104 0.74531202
vn 0.75508887 -0.38638888 0.52966445
vn 0.30132847 -0.21942874 0.92792897
vn 0.19869169 -0.14467962 0.96932421
vn 0.14872395 -0.10830683 0.98292971
vn 0.12607820 -9.1819580e-2 0.98776184
vn 0.12234641 -8.9104133e-2 0.98847954
vn 0.13738016 -0.10005950 0.98545157
vn 0.17993556 -0.13105926 0.97490854
vn 0.28076610 -0.20450863 0.93773483
vn 0.53870019 -0.39238853 0.74554232
vn 0.68544791 -0.49927717 0.52998441
vn 0.26351473 -0.26351473 0.92796551
vn 0.17375157 -0.17375157 0.96934039
vn 0.13006255 -0.13006255 0.98293818
vn 0.11025718 -0.11025718 0.98776855
vn 0.10699645 -0.10699645 0.98848547
vn 0.12014629 -0.12014629 0.98545915
vn 0.15736938 -0.15736938 0.97492038
vn 0.24556168 -0.24556168 0.93776272
vn 0.47118808 -0.47118808 0.74562966
vn 0.59957284 -0.59957284 0.53011774
vn 0.21942874 -0.30132847 0.92792897
vn 0.14467962 -0.19869169 0.96932421
vn 0.10830683 -0.14872395 0.98292971
vn 9.1819580e-2 -0.12607820 0.98776184
vn 8.9104133e-2 -0.12234641 0.98847954
vn 0.10005950 -0.13738016 0.98545157
vn 0.13105926 -0.17993556 0.97490854
vn 0.20450863 -0.28076610 0.93773483
vn 0.39238853 -0.53870019 0.74554232
vn 0.49927717 -0.68544791 0.52998441
vn 0.16990153 -0.33207802 0.92782415
vn 0.11202324 -0.21897533 0.96927839
vn 8.3861783e-2 -0.16390699 0.98290473
vn 7.1099899e-2 -0.13895524 0.98774301
vn 6.8996222e-2 -0.13483975 0.98846232
vn 7.7476885e-2 -0.15141377 0.98542945
vn 0.10147357 -0.19830951 0.97487253
vn 0.15833435 -0.30942767 0.93764852
vn 0.30371104 -0.59352303 0.74531202
vn 0.38638888 -0.75508887 0.52966445
vn 0.11585538 -0.35496460 0.92767326
vn 7.6403373e-2 -0.23407853 0.96921090
vn 5.7190405e-2 -0.17522449 0.98286603
vn 4.8484350e-2 -0.14855251 0.98771525
vn 4.7051161e-2 -0.14415501 0.98843590
vn 5.2834662e-2 -0.16187566 0.98539574
vn 6.9193964e-2 -0.21200182 0.97481661
vn 0.10795727 -0.33076773 0.93751690
vn 0.20699396 -0.63414813 0.74498970
vn 0.26329180 -0.80658755 0.52923904
vn 5.8599688e-2 -0.36915784 0.92751742
vn 3.8654600e-2 -0.24346665 0.96913870
vn 2.8933861e-2 -0.18226378 0.98282386
vn 2.4525405e-2 -0.15451872 0.98768541
vn 2.3799036e-2 -0.14994513 0.98840784
vn 2.6727670e-2 -0.16837564 0.98536048
vn 3.5003095e-2 -0.22051454 0.97475542
vn 5.4603660e-2 -0.34400296 0.93737954
vn 0.10465382 -0.65919017 0.74465824
vn 0.13309359 -0.83825296 0.52878925
vn 0.0000000e+0 -0.37397137 0.92744025
vn 0.0000000e+0 -0.24666207 0.96910155
vn -4.3382087e-19 -0.18465977 0.98280251
vn 4.3372667e-19 -0.15655005 0.98767003
vn 1.3011411e-18 -0.15191579 0.98839344
vn 0.0000000e+0 -0.17058741 0.98534255
vn 1.7362516e-18 -0.22341371 0.97472371
vn 0.0000000e+0 -0.34849594 0.93731029
vn 0.0000000e+0 -0.66763924 0.74448495
vn 0.0000000e+0 -0.84890159 0.52855094
vn -5.8599688e-2 -0.36915784 0.92751742
vn -3.8654600e-2 -0.24346665 0.96913870
vn -2.8933861e-2 -0.18226378 0.98282386
vn -2.4525405e-2 -0.15451872 0.98768541
vn -2.3799036e-2 -0.14994513 0.98840784
vn -2.6727670e-2 -0.16837564 0.98536048
vn -3.5003095e-2 -0.22051454 0.97475542
vn -5.4603660e-2 -0.34400296 0.93737954
vn -0.10465382 -0.65919017 0.74465824
vn -0.13309359 -0.83825296 0.52878925
vn -0.11585538 -0.35496460 0.92767326
vn -7.6403373e-2 -0.23407853 0.96921090
vn -5.7190405e-2 -0.17522449 0.98286603
vn -4.8484350e-2 -0.14855251 0.98771525
vn -4.7051161e-2 -0.14415501 0.98843590
vn -5.2834662e-2 -0.16187566 0.98539574
vn -6.9193964e-2 -0.21200182 0.97481661
vn -0.10795727 -0.33076773 0.93751690
vn -0.20699396 -0.63414813 0.74498970
vn -0.26329180 -0.80658755 0.52923904
vn -0.16990153 -0.33207802 0.92782415
vn -0.11202324 -0.21897533 0.96927839
vn -8.3861783e-2 -0.16390699 0.98290473
vn -7.1099899e-2 -0.13895524 0.98774301
vn -6.8996222e-2 -0.13483975 0.98846232
vn -7.7476885e-2 -0.15141377 0.98542945
vn -0.10147357 -0.19830951 0.97487253
vn -0.15833435 -0.30942767 0.93764852
vn -0.30371104 -0.59352303 0.74531202
vn -0.38638888 -0.75508887 0.52966445
vn -0.21942874 -0.30132847 0.92792897
vn -0.14467962 -0.19869169 0.96932421
vn -0.10830683 -0.14872395 0.98292971
vn -9.1819580e-2 -0.12607820 0.98776184
vn -8.9104133e-2 -0.12234641 0.98847954
vn -0.10005950 -0.13738016 0.98545157
vn -0.13105926 -0.17993556 0.97490854
vn -0.20450863 -0.28076610 0.93773483
vn -0.39238853 -0.53870019 0.74554232
vn -0.49927717 -0.68544791 0.52998441
vn -0.26351473 -0.26351473 0.92796551
vn -0.17375157 -0.17375157 0.96934039
vn -0.13006255 -0.13006255 0.98293818
vn -0.11025718 -0.11025718 0.98776855
vn -0.10699645 -0.10699645 0.98848547
vn -0.12014629 -0.12014629 0.98545915
vn -0.15736938 -0.15736938 0.97492038
vn -0.24556168 -0.24556168 0.93776272
vn -0.47118808 -0.47118808 0.74562966
vn -0.59957284 -0.59957284 0.53011774
vn -0.30132847 -0.21942874 0.92792897
vn -0.19869169 -0.14467962 0.96932421
vn -0.14872395 -0.10830683 0.98292971
vn -0.12607820 -9.1819580e-2 0.98776184
vn -0.12234641 -8.9104133e-2 0.98847954
vn -0.13738016 -0.10005950 0.98545157
vn -0.17993556 -0.13105926 0.97490854
vn -0.28076610 -0.20450863 0.93773483
vn -0.53870019 -0.39238853 0.74554232
vn -0.68544791 -0.49927717 0.52998441
vn -0.33207802 -0.16990153 0.92782415
vn -0.21897533 -0.11202324 0.96927839
vn -0.16390699 -8.3861783e-2 0.98290473
vn -0.13895524 -7.1099899e-2 0.98774301
vn -0.13483975 -6.8996222e-2 0.98846232
vn -0.15141377 -7.7476885e-2 0.98542945
vn -0.19830951 -0.10147357 0.97487253
vn -0.30942767 -0.15833435 0.93764852
vn -0.59352303 -0.30371104 0.74531202
vn -0.75508887 -0.38638888 0.52966445
vn -0.35496460 -0.11585538 0.92767326
vn -0.23407853 -7.6403373e-2 0.96921090
vn -0.17522449 -5.7190405e-2 0.98286603
vn -0.14855251 -4.8484350e-2 0.98771525
vn -0.14415501 -4.7051161e-2 0.98843590
vn -0.16187566 -5.2834662e-2 0.98539574
vn -0.21200182 -6.9193964e-2 0.97481661
vn -0.33076773 -0.10795727 0.93751690
vn -0.63414813 -0.20699396 0.74498970
vn -0.80658755 -0.26329180 0.52923904
vn -0.36915784 -5.8599688e-2 0.92751742
vn -0.24346665 -3.8654600e-2 0.96913870
vn -0.18226378 -2.8933861e-2 0.98282386
vn -0.15451872 -2.4525405e-2 0.98768541
vn -0.14994513 -2.3799036e-2 0.98840784
vn -0.16837564 -2.6727670e-2 0.98536048
vn -0.22051454 -3.5003095e-2 0.97475542
vn -0.34400296 -5.4603660e-2 0.93737954
vn -0.65919017 -0.10465382 0.74465824
vn -0.83825296 -0.13309359 0.52878925
vn -0.37397137 0.0000000e+0 0.92744025
vn -0.24666207 0.0000000e+0 0.96910155
vn -0.18465977 4.3382087e-19 0.98280251
vn -0.15655005 0.0000000e+0 0.98767003
vn -0.15191579 0.0000000e+0 0.98839344
vn -0.17058741 0.0000000e+0 0.98534255
vn -0.22341371 -8.6812578e-19 0.97472371
vn -0.34849594 1.7428833e-18 0.93731029
vn -0.66763924 0.0000000e+0 0.74448495
vn -0.84890159 0.0000000e+0 0.52855094
vn -0.36915784 5.8599688e-2 0.92751742
vn -0.24346665 3.8654600e-2 0.96913870
vn -0.18226378 2.8933861e-2 0.98282386
vn -0.15451872 2.4525405e-2 0.98768541
vn -0.14994513 2.3799036e-2 0.98840784
vn -0.16837564 2.6727670e-2 0.98536048
vn -0.22051454 3.5003095e-2 0.97475542
vn -0.34400296 5.4603660e-2 0.93737954
vn -0.65919017 0.10465382 0.74465824
vn -0.83825296 0.13309359 0.52878925
vn -0.35496460 0.11585538 0.92767326
vn -0.23407853 7.6403373e-2 0.96921090
vn -0.17522449 5.7190405e-2 0.98286603
vn -0.14855251 4.8484350e-2 0.98771525
vn -0.14415501 4.7051161e-2 0.98843590
vn -0.16187566 5.2834662e-2 0.98539574
vn -0.21200182 6.9193964e-2 0.97481661
vn -0.33076773 0.10795727 0.93751690
vn -0.63414813 0.20699396 0.74498970
vn -0.80658755 0.26329180 0.52923904
vn -0.33207802 0.16990153 0.92782415
vn -0.21897533 0.11202324 0.96927839
vn -0.16390699 8.3861783e-2 0.98290473
vn -0.13895524 7.1099899e-2 0.98774301
vn -0.13483975 6.8996222e-2 0.98846232
vn -0.15141377 7.7476885e-2 0.98542945
vn -0.19830951 0.10147357 0.97487253
vn -0.30942767 0.15833435 0.93764852
vn -0.59352303 0.30371104 0.74531202
vn -0.75508887 0.38638888 0.52966445
vn -0.30132847 0.21942874 0.92792897
vn -0.19869169 0.14467962 0.96932421
vn -0.14872395 0.10830683 0.98292971
vn -0.12607820 9.1819580e-2 0.98776184
vn -0.12234641 8.9104133e-2 0.98847954
vn -0.13738016 0.10005950 0.98545157
vn -0.17993556 0.13105926 0.97490854
vn -0.28076610 0.20450863 0.93773483
vn -0.53870019 0.39238853 0.74554232
vn -0.68544791 0.49927717 0.52998441
vn -0.26351473 0.26351473 0.92796551
vn -0.17375157 0.17375157 0.96934039
vn -0.13006255 0.13006255 0.98293818
vn -0.11025718 0.11025718 0.98776855
vn -0.10699645 0.10699645 0.98848547
vn -0.12014629 0.12014629 0.98545915
vn -0.15736938 0.15736938 0.97492038
vn -0.24556168 0.24556168 0.93776272
vn -0.47118808 0.47118808 0.74562966
vn -0.59957284 0.59957284 0.53011774
vn -0.21942874 0.30132847 0.92792897
vn -0.14467962 0.19869169 0.96932421
vn -0.10830683 0.14872395 0.98292971
vn -9.1819580e-2 0.12607820 0.98776184
vn -8.9104133e-2 0.12234641 0.98847954
vn -0.10005950 0.13738016 0.98545157
vn -0.13105926 0.17993556 0.97490854
vn -0.20450863 0.28076610 0.93773483
vn -0.39238853 0.53870019 0.74554232
vn -0.49927717 0.68544791 0.52998441
vn -0.16990153 0.33207802 0.92782415
vn -0.11202324 0.21897533 0.96927839
vn -8.3861783e-2 0.16390699 0.98290473
vn -7.1099899e-2 0.13895524 0.98774301
vn -6.8996222e-2 0.13483975 0.98846232
vn -7.7476885e-2 0.15141377 0.98542945
vn -0.10147357 0.19830951 0.97487253
vn -0.15833435 0.30942767 0.93764852
vn -0.30371104 0.59352303 0.74531202
vn -0.38638888 0.75508887 0.52966445
vn -0.11585538 0.35496460 0.92767326
vn -7.6403373e-2 0.23407853 0.96921090
vn -5.7190405e-2 0.17522449 0.98286603
vn -4.8484350e-2 0.14855251 0.98771525
vn -4.7051161e-2 0.14415501 0.98843590
vn -5.2834662e-2 0.16187566 0.98539574
vn -6.9193964e-2 0.21200182 0.97481661
vn -0.10795727 0.33076773 0.93751690
vn -0.20699396 0.63414813 0.74498970
vn -0.26329180 0.80658755 0.52923904
vn -5.8599688e-2 0.36915784 0.92751742
vn -3.8654600e-2 0.24346665 0.96913870
vn -2.8933861e-2 0.18226378 0.98282386
vn -2.4525405e-2 0.15451872 0.98768541
vn -2.3799036e-2 0.14994513 0.98840784
vn -2.6727670e-2 0.16837564 0.98536048
vn -3.5003095e-2 0.22051454 0.97475542
vn -5.4603660e-2 0.34400296 0.93737954
vn -0.10465382 0.65919017 0.74465824
vn -0.13309359 0.83825296 0.52878925
vn 0.0000000e+0 0.37397137 0.92744025
vn 0.0000000e+0 0.24666207 0.96910155
vn 4.3382087e-19 0.18465977 0.98280251
vn 8.6745335e-19 0.15655005 0.98767003
vn 8.6742743e-19 0.15191579 0.98839344
vn 0.0000000e+0 0.17058741 0.98534255
vn 8.6812578e-19 0.22341371 0.97472371
vn 1.7428833e-18 0.34849594 0.93731029
vn 0.0000000e+0 0.66763924 0.74448495
vn 0.0000000e+0 0.84890159 0.52855094
vn 5.8599688e-2 0.36915784 0.92751742
vn 3.8654600e-2 0.24346665 0.96913870
vn 2.8933861e-2 0.18226378 0.98282386
vn 2.4525405e-2 0.15451872 0.98768541
vn 2.3799036e-2 0.14994513 0.98840784
vn 2.6727670e-2 0.16837564 0.98536048
vn 3.5003095e-2 0.22051454 0.97475542
vn 5.4603660e-2 0.34400296 0.93737954
vn 0.10465382 0.65919017 0.74465824
vn 0.13309359 0.83825296 0.52878925
vn 0.11585538 0.35496460 0.92767326
vn 7.6403373e-2 0.23407853 0.96921090
vn 5.7190405e-2 0.17522449 0.98286603
vn 4.8484350e-2 0.14855251 0.98771525
vn 4.7051161e-2 0.14415501 0.98843590
vn 5.2834662e-2 0.16187566 0.98539574
vn 6.9193964e-2 0.21200182 0.97481661
vn 0.10795727 0.33076773 0.93751690
vn 0.20699396 0.63414813 0.74498970
vn 0.26329180 0.80658755 0.52923904
vn 0.16990153 0.33207802 0.92782415
vn 0.11202324 0.21897533 0.96927839
vn 8.3861783e-2 0.16390699 0.98290473
vn 7.1099899e-2 0.13895524 0.98774301
vn 6.8996222e-2 0.13483975 0.98846232
vn 7.7476885e-2 0.15141377 0.98542945
vn 0.10147357 0.19830951 0.97487253
vn 0.15833435 0.30942767 0.93764852
vn 0.30371104 0.59352303 0.74531202
vn 0.38638888 0.75508887 0.52966445
vn 0.21942874 0.30132847 0.92792897
vn 0.14467962 0.19869169 0.96932421
vn 0.10830683 0.14872395 0.98292971
vn 9.1819580e-2 0.12607820 0.98776184
vn 8.9104133e-2 0.12234641 0.98847954
vn 0.10005950 0.13738016 0.98545157
vn 0.13105926 0.17993556 0.97490854
vn 0.20450863 0.28076610 0.93773483
vn 0.39238853 0.53870019 0.74554232
vn 0.49927717 0.68544791 0.52998441
vn 0.26351473 0.26351473 0.92796551
vn 0.17375157 0.17375157 0.96934039
vn 0.13006255 0.13006255 0.98293818
vn 0.11025718 0.11025718 0.98776855
vn 0.10699645 0.10699645 0.98848547
vn 0.12014629 0.12014629 0.98545915
vn 0.15736938 0.15736938 0.97492038
vn 0.24556168 0.24556168 0.93776272
vn 0.47118808 0.47118808 0.74562966
vn 0.59957284 0.59957284 0.53011774
vn 0.30132847 0.21942874 0.92792897
vn 0.19869169 0.14467962 0.96932421
vn 0.14872395 0.10830683 0.98292971
vn 0.12607820 9.1819580e-2 0.98776184
vn 0.12234641 8.9104133e-2 0.98847954
vn 0.13738016 0.10005950 0.98545157
vn 0.17993556 0.13105926 0.97490854
vn 0.28076610 0.20450863 0.93773483
vn 0.53870019 0.39238853 0.74554232
vn 0.68544791 0.49927717 0.52998441
vn 0.33207802 0.16990153 0.92782415
vn 0.21897533 0.11202324 0.96927839
vn 0.16390699 8.3861783e-2 0.98290473
vn 0.13895524 7.1099899e-2 0.98774301
vn 0.13483975 6.8996222e-2 0.98846232
vn 0.15141377 7.7476885e-2 0.98542945
vn 0.19830951 0.10147357 0.97487253
vn 0.30942767 0.15833435 0.93764852
vn 0.59352303 0.30371104 0.74531202
vn 0.75508887 0.38638888 0.52966445
vn 0.35496460 0.11585538 0.92767326
vn 0.23407853 7.6403373e-2 0.96921090
vn 0.17522449 5.7190405e-2 0.98286603
vn 0.14855251 4.8484350e-2 0.98771525
vn 0.14415501 4.7051161e-2 0.98843590
vn 0.16187566 5.2834662e-2 0.98539574
vn 0.21200182 6.9193964e-2 0.97481661
vn 0.33076773 0.10795727 0.93751690
vn 0.63414813 0.20699396 0.74498970
vn 0.80658755 0.26329180 0.52923904
vn 0.36915784 5.8599688e-2 0.92751742
vn 0.24346665 3.8654600e-2 0.96913870
vn 0.18226378 2.8933861e-2 0.98282386
vn 0.15451872 2.4525405e-2 0.98768541
vn 0.14994513 2.3799036e-2 0.98840784
vn 0.16837564 2.6727670e-2 0.98536048
vn 0.22051454 3.5003095e-2 0.97475542
vn 0.34400296 5.4603660e-2 0.93737954
vn 0.65919017 0.10465382 0.74465824
vn 0.83825296 0.13309359 0.52878925
vn 0.46293687 0.0000000e+0 0.88639125
g Teapot001_default
usemtl default
s 1
f 2/1520/2 3/1519/3 4/1559/4 1/1560/1
f 2/1520/2 23/1479/23 24/1478/24 3/1519/3
f 3/1519/3 5/1518/5 6/1558/6 4/1559/4
f 3/1519/3 24/1478/24 25/1477/25 5/1518/5
f 4/70/4 431/178/431 430/179/430 1/71/1
f 5/1518/5 7/1517/7 8/1557/8 6/1558/6
f 5/1518/5 25/1477/25 26/1476/26 7/1517/7
f 6/69/6 432/177/432 431/178/431 4/70/4
f 7/1517/7 9/1516/9 10/1556/10 8/1557/8
f 7/1517/7 26/1476/26 27/1475/27 9/1516/9
f 8/68/8 433/176/433 432/177/432 6/69/6
f 9/1516/9 11/1515/11 12/1555/12 10/1556/10
f 9/1516/9 27/1475/27 28/1474/28 11/1515/11
f 10/67/10 434/175/434 433/176/433 8/68/8
f 11/1515/11 13/1514/13 14/1554/14 12/1555/12
f 11/1515/11 28/1474/28 29/1473/29 13/1514/13
f 12/66/12 435/174/435 434/175/434 10/67/10
f 13/1514/13 15/1513/15 16/1553/16 14/1554/14
f 13/1514/13 29/1473/29 30/1472/30 15/1513/15
f 14/65/14 436/173/436 435/174/435 12/66/12
f 15/1513/15 17/1512/17 18/1552/18 16/1553/16
f 15/1513/15 30/1472/30 31/1471/31 17/1512/17
f 16/64/16 437/172/437 436/173/436 14/65/14
f 17/1512/17 19/1511/19 20/1551/20 18/1552/18
f 17/1512/17 31/1471/31 32/1470/32 19/1511/19
f 18/63/18 438/171/438 437/172/437 16/64/16
f 19/1511/19 21/1510/21 22/1550/22 20/1551/20
f 19/1511/19 32/1470/32 33/1469/33 21/1510/21
f 20/62/20 439/170/439 438/171/438 18/63/18
f 21/1510/21 441/1509/441 442/1549/442 22/1550/22
f 22/61/22 440/169/440 439/170/439 20/62/20
f 22/61/22 442/60/442 831/168/831 440/169/440
f 23/1479/23 34/1438/34 35/1437/35 24/1478/24
f 24/1478/24 35/1437/35 36/1436/36 25/1477/25
f 25/1477/25 36/1436/36 37/1435/37 26/1476/26
f 26/1476/26 37/1435/37 38/1434/38 27/1475/27
f 27/1475/27 38/1434/38 39/1433/39 28/1474/28
f 28/1474/28 39/1433/39 40/1432/40 29/1473/29
f 29/1473/29 40/1432/40 41/1431/41 30/1472/30
f 30/1472/30 41/1431/41 42/1430/42 31/1471/31
f 31/1471/31 42/1430/42 43/1429/43 32/1470/32
f 32/1470/32 43/1429/43 44/1428/44 33/1469/33
f 33/1469/33 461/1468/461 441/1509/441 21/1510/21
f 34/1438/34 45/1397/45 46/1396/46 35/1437/35
f 35/1437/35 46/1396/46 47/1395/47 36/1436/36
f 36/1436/36 47/1395/47 48/1394/48 37/1435/37
f 37/1435/37 48/1394/48 49/1393/49 38/1434/38
f 38/1434/38 49/1393/49 50/1392/50 39/1433/39
f 39/1433/39 50/1392/50 51/1391/51 40/1432/40
f 40/1432/40 51/1391/51 52/1390/52 41/1431/41
f 41/1431/41 52/1390/52 53/1389/53 42/1430/42
f 42/1430/42 53/1389/53 54/1388/54 43/1429/43
f 43/1429/43 54/1388/54 55/1387/55 44/1428/44
f 44/1428/44 471/1427/471 461/1468/461 33/1469/33
f 45/1397/45 56/1356/56 57/1355/57 46/1396/46
f 46/1396/46 57/1355/57 58/1354/58 47/1395/47
f 47/1395/47 58/1354/58 59/1353/59 48/1394/48
f 48/1394/48 59/1353/59 60/1352/60 49/1393/49
f 49/1393/49 60/1352/60 61/1351/61 50/1392/50
f 50/1392/50 61/1351/61 62/1350/62 51/1391/51
f 51/1391/51 62/1350/62 63/1349/63 52/1390/52
f 52/1390/52 63/1349/63 64/1348/64 53/1389/53
f 53/1389/53 64/1348/64 65/1347/65 54/1388/54
f 54/1388/54 65/1347/65 66/1346/66 55/1387/55
f 55/1387/55 481/1386/481 471/1427/471 44/1428/44
f 56/1356/56 67/1315/67 68/1314/68 57/1355/57
f 57/1355/57 68/1314/68 69/1313/69 58/1354/58
f 58/1354/58 69/1313/69 70/1312/70 59/1353/59
f 59/1353/59 70/1312/70 71/1311/71 60/1352/60
f 60/1352/60 71/1311/71 72/1310/72 61/1351/61
f 61/1351/61 72/1310/72 73/1309/73 62/1350/62
f 62/1350/62 73/1309/73 74/1308/74 63/1349/63
f 63/1349/63 74/1308/74 75/1307/75 64/1348/64
f 64/1348/64 75/1307/75 76/1306/76 65/1347/65
f 65/1347/65 76/1306/76 77/1305/77 66/1346/66
f 66/1346/66 491/1345/491 481/1386/481 55/1387/55
f 67/1315/67 78/1274/78 79/1273/79 68/1314/68
f 68/1314/68 79/1273/79 80/1272/80 69/1313/69
f 69/1313/69 80/1272/80 81/1271/81 70/1312/70
f 70/1312/70 81/1271/81 82/1270/82 71/1311/71
f 71/1311/71 82/1270/82 83/1269/83 72/1310/72
f 72/1310/72 83/1269/83 84/1268/84 73/1309/73
f 73/1309/73 84/1268/84 85/1267/85 74/1308/74
f 74/1308/74 85/1267/85 86/1266/86 75/1307/75
f 75/1307/75 86/1266/86 87/1265/87 76/1306/76
f 76/1306/76 87/1265/87 88/1264/88 77/1305/77
f 77/1305/77 501/1304/501 491/1345/491 66/1346/66
f 78/1274/78 89/1233/89 90/1232/90 79/1273/79
f 79/1273/79 90/1232/90 91/1231/91 80/1272/80
f 80/1272/80 91/1231/91 92/1230/92 81/1271/81
f 81/1271/81 92/1230/92 93/1229/93 82/1270/82
f 82/1270/82 93/1229/93 94/1228/94 83/1269/83
f 83/1269/83 94/1228/94 95/1227/95 84/1268/84
f 84/1268/84 95/1227/95 96/1226/96 85/1267/85
f 85/1267/85 96/1226/96 97/1225/97 86/1266/86
f 86/1266/86 97/1225/97 98/1224/98 87/1265/87
f 87/1265/87 98/1224/98 99/1223/99 88/1264/88
f 88/1264/88 511/1263/511 501/1304/501 77/1305/77
f 89/1233/89 100/1192/100 101/1191/101 90/1232/90
f 90/1232/90 101/1191/101 102/1190/102 91/1231/91
f 91/1231/91 102/1190/102 103/1189/103 92/1230/92
f 92/1230/92 103/1189/103 104/1188/104 93/1229/93
f 93/1229/93 104/1188/104 105/1187/105 94/1228/94
f 94/1228/94 105/1187/105 106/1186/106 95/1227/95
f 95/1227/95 106/1186/106 107/1185/107 96/1226/96
f 96/1226/96 107/1185/107 108/1184/108 97/1225/97
f 97/1225/97 108/1184/108 109/1183/109 98/1224/98
f 98/1224/98 109/1183/109 110/1182/110 99/1223/99
f 99/1223/99 521/1222/521 511/1263/511 88/1264/88
f 100/1192/100 111/1151/111 112/1150/112 101/1191/101
f 101/1191/101 112/1150/112 113/1149/113 102/1190/102
f 102/1190/102 113/1149/113 114/1148/114 103/1189/103
f 103/1189/103 114/1148/114 115/1147/115 104/1188/104
f 104/1188/104 115/1147/115 116/1146/116 105/1187/105
f 105/1187/105 116/1146/116 117/1145/117 106/1186/106
f 106/1186/106 117/1145/117 118/1144/118 107/1185/107
f 107/1185/107 118/1144/118 119/1143/119 108/1184/108
f 108/1184/108 119/1143/119 120/1142/120 109/1183/109
f 109/1183/109 120/1142/120 121/1141/121 110/1182/110
f 110/1182/110 531/1181/531 521/1222/521 99/1223/99
f 111/1151/111 122/1043/122 123/1042/123 112/1150/112
f 112/1150/112 123/1042/123 124/1041/124 113/1149/113
f 113/1149/113 124/1041/124 125/1040/125 114/1148/114
f 114/1148/114 125/1040/125 126/1039/126 115/1147/115
f 115/1147/115 126/1039/126 127/1038/127 116/1146/116
f 116/1146/116 127/1038/127 128/1037/128 117/1145/117
f 117/1145/117 128/1037/128 129/1036/129 118/1144/118
f 118/1144/118 129/1036/129 130/1035/130 119/1143/119
f 119/1143/119 130/1035/130 131/1034/131 120/1142/120
f 120/1142/120 131/1034/131 132/1033/132 121/1141/121
f 121/1141/121 541/1140/541 531/1181/531 110/1182/110
f 122/1043/122 133/935/133 134/934/134 123/1042/123
f 123/1042/123 134/934/134 135/933/135 124/1041/124
f 124/1041/124 135/933/135 136/932/136 125/1040/125
f 125/1040/125 136/932/136 137/931/137 126/1039/126
f 126/1039/126 137/931/137 138/930/138 127/1038/127
f 127/1038/127 138/930/138 139/929/139 128/1037/128
f 128/1037/128 139/929/139 140/928/140 129/1036/129
f 129/1036/129 140/928/140 141/927/141 130/1035/130
f 130/1035/130 141/927/141 142/926/142 131/1034/131
f 131/1034/131 142/926/142 143/925/143 132/1033/132
f 132/1033/132 551/1032/551 541/1140/541 121/1141/121
f 133/935/133 144/827/144 145/826/145 134/934/134
f 134/934/134 145/826/145 146/825/146 135/933/135
f 135/933/135 146/825/146 147/824/147 136/932/136
f 136/932/136 147/824/147 148/823/148 137/931/137
f 137/931/137 148/823/148 149/822/149 138/930/138
f 138/930/138 149/822/149 150/821/150 139/929/139
f 139/929/139 150/821/150 151/820/151 140/928/140
f 140/928/140 151/820/151 152/819/152 141/927/141
f 141/927/141 152/819/152 153/818/153 142/926/142
f 142/926/142 153/818/153 154/817/154 143/925/143
f 143/925/143 561/924/561 551/1032/551 132/1033/132
f 144/827/144 155/719/155 156/718/156 145/826/145
f 145/826/145 156/718/156 157/717/157 146/825/146
f 146/825/146 157/717/157 158/716/158 147/824/147
f 147/824/147 158/716/158 159/715/159 148/823/148
f 148/823/148 159/715/159 160/714/160 149/822/149
f 149/822/149 160/714/160 161/713/161 150/821/150
f 150/821/150 161/713/161 162/712/162 151/820/151
f 151/820/151 162/712/162 163/711/163 152/819/152
f 152/819/152 163/711/163 164/710/164 153/818/153
f 153/818/153 164/710/164 165/709/165 154/817/154
f 154/817/154 571/816/571 561/924/561 143/925/143
f 155/719/155 166/611/166 167/610/167 156/718/156
f 156/718/156 167/610/167 168/609/168 157/717/157
f 157/717/157 168/609/168 169/608/169 158/716/158
f 158/716/158 169/608/169 170/607/170 159/715/159
f 159/715/159 170/607/170 171/606/171 160/714/160
f 160/714/160 171/606/171 172/605/172 161/713/161
f 161/713/161 172/605/172 173/604/173 162/712/162
f 162/712/162 173/604/173 174/603/174 163/711/163
f 163/711/163 174/603/174 175/602/175 164/710/164
f 164/710/164 175/602/175 176/601/176 165/709/165
f 165/709/165 581/708/581 571/816/571 154/817/154
f 166/611/166 177/503/177 178/502/178 167/610/167
f 167/610/167 178/502/178 179/501/179 168/609/168
f 168/609/168 179/501/179 180/500/180 169/608/169
f 169/608/169 180/500/180 181/499/181 170/607/170
f 170/607/170 181/499/181 182/498/182 171/606/171
f 171/606/171 182/498/182 183/497/183 172/605/172
f 172/605/172 183/497/183 184/496/184 173/604/173
f 173/604/173 184/496/184 185/495/185 174/603/174
f 174/603/174 185/495/185 186/494/186 175/602/175
f 175/602/175 186/494/186 187/493/187 176/601/176
f 176/601/176 591/600/591 581/708/581 165/709/165
f 177/503/177 188/395/188 189/394/189 178/502/178
f 178/502/178 189/394/189 190/393/190 179/501/179
f 179/501/179 190/393/190 191/392/191 180/500/180
f 180/500/180 191/392/191 192/391/192 181/499/181
f 181/499/181 192/391/192 193/390/193 182/498/182
f 182/498/182 193/390/193 194/389/194 183/497/183
f 183/497/183 194/389/194 195/388/195 184/496/184
f 184/496/184 195/388/195 196/387/196 185/495/185
f 185/495/185 196/387/196 197/386/197 186/494/186
f 186/494/186 197/386/197 198/385/198 187/493/187
f 187/493/187 601/492/601 591/600/591 176/601/176
f 188/395/188 199/287/199 200/286/200 189/394/189
f 189/394/189 200/286/200 201/285/201 190/393/190
f 190/393/190 201/285/201 202/284/202 191/392/191
f 191/392/191 202/284/202 203/283/203 192/391/192
f 192/391/192 203/283/203 204/282/204 193/390/193
f 193/390/193 204/282/204 205/281/205 194/389/194
f 194/389/194 205/281/205 206/280/206 195/388/195
f 195/388/195 206/280/206 207/279/207 196/387/196
f 196/387/196 207/279/207 208/278/208 197/386/197
f 197/386/197 208/278/208 209/277/209 198/385/198
f 198/385/198 611/384/611 601/492/601 187/493/187
f 199/287/199 210/179/210 211/178/211 200/286/200
f 200/286/200 211/178/211 212/177/212 201/285/201
f 201/285/201 212/177/212 213/176/213 202/284/202
f 202/284/202 213/176/213 214/175/214 203/283/203
f 203/283/203 214/175/214 215/174/215 204/282/204
f 204/282/204 215/174/215 216/173/216 205/281/205
f 205/281/205 216/173/216 217/172/217 206/280/206
f 206/280/206 217/172/217 218/171/218 207/279/207
f 207/279/207 218/171/218 219/170/219 208/278/208
f 208/278/208 219/170/219 220/169/220 209/277/209
f 209/277/209 621/276/621 611/384/611 198/385/198
f 210/179/210 221/71/221 222/70/222 211/178/211
f 211/178/211 222/70/222 223/69/223 212/177/212
f 212/177/212 223/69/223 224/68/224 213/176/213
f 213/176/213 224/68/224 225/67/225 214/175/214
f 214/175/214 225/67/225 226/66/226 215/174/215
f 215/174/215 226/66/226 227/65/227 216/173/216
f 216/173/216 227/65/227 228/64/228 217/172/217
f 217/172/217 228/64/228 229/63/229 218/171/218
f 218/171/218 229/63/229 230/62/230 219/170/219
f 219/170/219 230/62/230 231/61/231 220/169/220
f 220/169/220 631/168/631 621/276/621 209/277/209
f 221/1560/221 232/1520/232 233/1519/233 222/1559/222
f 222/1559/222 233/1519/233 234/1518/234 223/1558/223
f 223/1558/223 234/1518/234 235/1517/235 224/1557/224
f 224/1557/224 235/1517/235 236/1516/236 225/1556/225
f 225/1556/225 236/1516/236 237/1515/237 226/1555/226
f 226/1555/226 237/1515/237 238/1514/238 227/1554/227
f 227/1554/227 238/1514/238 239/1513/239 228/1553/228
f 228/1553/228 239/1513/239 240/1512/240 229/1552/229
f 229/1552/229 240/1512/240 241/1511/241 230/1551/230
f 230/1551/230 241/1511/241 242/1510/242 231/1550/231
f 231/61/231 641/60/641 631/168/631 220/169/220
f 232/1520/232 243/1479/243 244/1478/244 233/1519/233
f 233/1519/233 244/1478/244 245/1477/245 234/1518/234
f 234/1518/234 245/1477/245 246/1476/246 235/1517/235
f 235/1517/235 246/1476/246 247/1475/247 236/1516/236
f 236/1516/236 247/1475/247 248/1474/248 237/1515/237
f 237/1515/237 248/1474/248 249/1473/249 238/1514/238
f 238/1514/238 249/1473/249 250/1472/250 239/1513/239
f 239/1513/239 250/1472/250 251/1471/251 240/1512/240
f 240/1512/240 251/1471/251 252/1470/252 241/1511/241
f 241/1511/241 252/1470/252 253/1469/253 242/1510/242
f 242/1510/242 651/1509/651 641/1549/641 231/1550/231
f 243/1479/243 254/1438/254 255/1437/255 244/1478/244
f 244/1478/244 255/1437/255 256/1436/256 245/1477/245
f 245/1477/245 256/1436/256 257/1435/257 246/1476/246
f 246/1476/246 257/1435/257 258/1434/258 247/1475/247
f 247/1475/247 258/1434/258 259/1433/259 248/1474/248
f 248/1474/248 259/1433/259 260/1432/260 249/1473/249
f 249/1473/249 260/1432/260 261/1431/261 250/1472/250
f 250/1472/250 261/1431/261 262/1430/262 251/1471/251
f 251/1471/251 262/1430/262 263/1429/263 252/1470/252
f 252/1470/252 263/1429/263 264/1428/264 253/1469/253
f 253/1469/253 661/1468/661 651/1509/651 242/1510/242
f 254/1438/254 265/1397/265 266/1396/266 255/1437/255
f 255/1437/255 266/1396/266 267/1395/267 256/1436/256
f 256/1436/256 267/1395/267 268/1394/268 257/1435/257
f 257/1435/257 268/1394/268 269/1393/269 258/1434/258
f 258/1434/258 269/1393/269 270/1392/270 259/1433/259
f 259/1433/259 270/1392/270 271/1391/271 260/1432/260
f 260/1432/260 271/1391/271 272/1390/272 261/1431/261
f 261/1431/261 272/1390/272 273/1389/273 262/1430/262
f 262/1430/262 273/1389/273 274/1388/274 263/1429/263
f 263/1429/263 274/1388/274 275/1387/275 264/1428/264
f 264/1428/264 671/1427/671 661/1468/661 253/1469/253
f 265/1397/265 276/1356/276 277/1355/277 266/1396/266
f 266/1396/266 277/1355/277 278/1354/278 267/1395/267
f 267/1395/267 278/1354/278 279/1353/279 268/1394/268
f 268/1394/268 279/1353/279 280/1352/280 269/1393/269
f 269/1393/269 280/1352/280 281/1351/281 270/1392/270
f 270/1392/270 281/1351/281 282/1350/282 271/1391/271
f 271/1391/271 282/1350/282 283/1349/283 272/1390/272
f 272/1390/272 283/1349/283 284/1348/284 273/1389/273
f 273/1389/273 284/1348/284 285/1347/285 274/1388/274
f 274/1388/274 285/1347/285 286/1346/286 275/1387/275
f 275/1387/275 681/1386/681 671/1427/671 264/1428/264
f 276/1356/276 287/1315/287 288/1314/288 277/1355/277
f 277/1355/277 288/1314/288 289/1313/289 278/1354/278
f 278/1354/278 289/1313/289 290/1312/290 279/1353/279
f 279/1353/279 290/1312/290 291/1311/291 280/1352/280
f 280/1352/280 291/1311/291 292/1310/292 281/1351/281
f 281/1351/281 292/1310/292 293/1309/293 282/1350/282
f 282/1350/282 293/1309/293 294/1308/294 283/1349/283
f 283/1349/283 294/1308/294 295/1307/295 284/1348/284
f 284/1348/284 295/1307/295 296/1306/296 285/1347/285
f 285/1347/285 296/1306/296 297/1305/297 286/1346/286
f 286/1346/286 691/1345/691 681/1386/681 275/1387/275
f 287/1315/287 298/1274/298 299/1273/299 288/1314/288
f 288/1314/288 299/1273/299 300/1272/300 289/1313/289
f 289/1313/289 300/1272/300 301/1271/301 290/1312/290
f 290/1312/290 301/1271/301 302/1270/302 291/1311/291
f 291/1311/291 302/1270/302 303/1269/303 292/1310/292
f 292/1310/292 303/1269/303 304/1268/304 293/1309/293
f 293/1309/293 304/1268/304 305/1267/305 294/1308/294
f 294/1308/294 305/1267/305 306/1266/306 295/1307/295
f 295/1307/295 306/1266/306 307/1265/307 296/1306/296
f 296/1306/296 307/1265/307 308/1264/308 297/1305/297
f 297/1305/297 701/1304/701 691/1345/691 286/1346/286
f 298/1274/298 309/1233/309 310/1232/310 299/1273/299
f 299/1273/299 310/1232/310 311/1231/311 300/1272/300
f 300/1272/300 311/1231/311 312/1230/312 301/1271/301
f 301/1271/301 312/1230/312 313/1229/313 302/1270/302
f 302/1270/302 313/1229/313 314/1228/314 303/1269/303
f 303/1269/303 314/1228/314 315/1227/315 304/1268/304
f 304/1268/304 315/1227/315 316/1226/316 305/1267/305
f 305/1267/305 316/1226/316 317/1225/317 306/1266/306
f 306/1266/306 317/1225/317 318/1224/318 307/1265/307
f 307/1265/307 318/1224/318 319/1223/319 308/1264/308
f 308/1264/308 711/1263/711 701/1304/701 297/1305/297
f 309/1233/309 320/1192/320 321/1191/321 310/1232/310
f 310/1232/310 321/1191/321 322/1190/322 311/1231/311
f 311/1231/311 322/1190/322 323/1189/323 312/1230/312
f 312/1230/312 323/1189/323 324/1188/324 313/1229/313
f 313/1229/313 324/1188/324 325/1187/325 314/1228/314
f 314/1228/314 325/1187/325 326/1186/326 315/1227/315
f 315/1227/315 326/1186/326 327/1185/327 316/1226/316
f 316/1226/316 327/1185/327 328/1184/328 317/1225/317
f 317/1225/317 328/1184/328 329/1183/329 318/1224/318
f 318/1224/318 329/1183/329 330/1182/330 319/1223/319
f 319/1223/319 721/1222/721 711/1263/711 308/1264/308
f 320/1192/320 331/1151/331 332/1150/332 321/1191/321
f 321/1191/321 332/1150/332 333/1149/333 322/1190/322
f 322/1190/322 333/1149/333 334/1148/334 323/1189/323
f 323/1189/323 334/1148/334 335/1147/335 324/1188/324
f 324/1188/324 335/1147/335 336/1146/336 325/1187/325
f 325/1187/325 336/1146/336 337/1145/337 326/1186/326
f 326/1186/326 337/1145/337 338/1144/338 327/1185/327
f 327/1185/327 338/1144/338 339/1143/339 328/1184/328
f 328/1184/328 339/1143/339 340/1142/340 329/1183/329
f 329/1183/329 340/1142/340 341/1141/341 330/1182/330
f 330/1182/330 731/1181/731 721/1222/721 319/1223/319
f 331/1151/331 342/1043/342 343/1042/343 332/1150/332
f 332/1150/332 343/1042/343 344/1041/344 333/1149/333
f 333/1149/333 344/1041/344 345/1040/345 334/1148/334
f 334/1148/334 345/1040/345 346/1039/346 335/1147/335
f 335/1147/335 346/1039/346 347/1038/347 336/1146/336
f 336/1146/336 347/1038/347 348/1037/348 337/1145/337
f 337/1145/337 348/1037/348 349/1036/349 338/1144/338
f 338/1144/338 349/1036/349 350/1035/350 339/1143/339
f 339/1143/339 350/1035/350 351/1034/351 340/1142/340
f 340/1142/340 351/1034/351 352/1033/352 341/1141/341
f 341/1141/341 741/1140/741 731/1181/731 330/1182/330
f 342/1043/342 353/935/353 354/934/354 343/1042/343
f 343/1042/343 354/934/354 355/933/355 344/1041/344
f 344/1041/344 355/933/355 356/932/356 345/1040/345
f 345/1040/345 356/932/356 357/931/357 346/1039/346
f 346/1039/346 357/931/357 358/930/358 347/1038/347
f 347/1038/347 358/930/358 359/929/359 348/1037/348
f 348/1037/348 359/929/359 360/928/360 349/1036/349
f 349/1036/349 360/928/360 361/927/361 350/1035/350
f 350/1035/350 361/927/361 362/926/362 351/1034/351
f 351/1034/351 362/926/362 363/925/363 352/1033/352
f 352/1033/352 751/1032/751 741/1140/741 341/1141/341
f 353/935/353 364/827/364 365/826/365 354/934/354
f 354/934/354 365/826/365 366/825/366 355/933/355
f 355/933/355 366/825/366 367/824/367 356/932/356
f 356/932/356 367/824/367 368/823/368 357/931/357
f 357/931/357 368/823/368 369/822/369 358/930/358
f 358/930/358 369/822/369 370/821/370 359/929/359
f 359/929/359 370/821/370 371/820/371 360/928/360
f 360/928/360 371/820/371 372/819/372 361/927/361
f 361/927/361 372/819/372 373/818/373 362/926/362
f 362/926/362 373/818/373 374/817/374 363/925/363
f 363/925/363 761/924/761 751/1032/751 352/1033/352
f 364/827/364 375/719/375 376/718/376 365/826/365
f 365/826/365 376/718/376 377/717/377 366/825/366
f 366/825/366 377/717/377 378/716/378 367/824/367
f 367/824/367 378/716/378 379/715/379 368/823/368
f 368/823/368 379/715/379 380/714/380 369/822/369
f 369/822/369 380/714/380 381/713/381 370/821/370
f 370/821/370 381/713/381 382/712/382 371/820/371
f 371/820/371 382/712/382 383/711/383 372/819/372
f 372/819/372 383/711/383 384/710/384 373/818/373
f 373/818/373 384/710/384 385/709/385 374/817/374
f 374/817/374 771/816/771 761/924/761 363/925/363
f 375/719/375 386/611/386 387/610/387 376/718/376
f 376/718/376 387/610/387 388/609/388 377/717/377
f 377/717/377 388/609/388 389/608/389 378/716/378
f 378/716/378 389/608/389 390/607/390 379/715/379
f 379/715/379 390/607/390 391/606/391 380/714/380
f 380/714/380 391/606/391 392/605/392 381/713/381
f 381/713/381 392/605/392 393/604/393 382/712/382
f 382/712/382 393/604/393 394/603/394 383/711/383
f 383/711/383 394/603/394 395/602/395 384/710/384
f 384/710/384 395/602/395 396/601/396 385/709/385
f 385/709/385 781/708/781 771/816/771 374/817/374
f 386/611/386 397/503/397 398/502/398 387/610/387
f 387/610/387 398/502/398 399/501/399 388/609/388
f 388/609/388 399/501/399 400/500/400 389/608/389
f 389/608/389 400/500/400 401/499/401 390/607/390
f 390/607/390 401/499/401 402/498/402 391/606/391
f 391/606/391 402/498/402 403/497/403 392/605/392
f 392/605/392 403/497/403 404/496/404 393/604/393
f 393/604/393 404/496/404 405/495/405 394/603/394
f 394/603/394 405/495/405 406/494/406 395/602/395
f 395/602/395 406/494/406 407/493/407 396/601/396
f 396/601/396 791/600/791 781/708/781 385/709/385
f 397/503/397 408/395/408 409/394/409 398/502/398
f 398/502/398 409/394/409 410/393/410 399/501/399
f 399/501/399 410/393/410 411/392/411 400/500/400
f 400/500/400 411/392/411 412/391/412 401/499/401
f 401/499/401 412/391/412 413/390/413 402/498/402
f 402/498/402 413/390/413 414/389/414 403/497/403
f 403/497/403 414/389/414 415/388/415 404/496/404
f 404/496/404 415/388/415 416/387/416 405/495/405
f 405/495/405 416/387/416 417/386/417 406/494/406
f 406/494/406 417/386/417 418/385/418 407/493/407
f 407/493/407 801/492/801 791/600/791 396/601/396
f 408/395/408 419/287/419 420/286/420 409/394/409
f 409/394/409 420/286/420 421/285/421 410/393/410
f 410/393/410 421/285/421 422/284/422 411/392/411
f 411/392/411 422/284/422 423/283/423 412/391/412
f 412/391/412 423/283/423 424/282/424 413/390/413
f 413/390/413 424/282/424 425/281/425 414/389/414
f 414/389/414 425/281/425 426/280/426 415/388/415
f 415/388/415 426/280/426 427/279/427 416/387/416
f 416/387/416 427/279/427 428/278/428 417/386/417
f 417/386/417 428/278/428 429/277/429 418/385/418
f 418/385/418 811/384/811 801/492/801 407/493/407
f 419/287/419 430/179/430 431/178/431 420/286/420
f 420/286/420 431/178/431 432/177/432 421/285/421
f 421/285/421 432/177/432 433/176/433 422/284/422
f 422/284/422 433/176/433 434/175/434 423/283/423
f 423/283/423 434/175/434 435/174/435 424/282/424
f 424/282/424 435/174/435 436/173/436 425/281/425
f 425/281/425 436/173/436 437/172/437 426/280/426
f 426/280/426 437/172/437 438/171/438 427/279/427
f 427/279/427 438/171/438 439/170/439 428/278/428
f 428/278/428 439/170/439 440/169/440 429/277/429
f 429/277/429 821/276/821 811/384/811 418/385/418
f 440/169/440 831/168/831 821/276/821 429/277/429
f 441/1509/441 443/1508/443 444/1548/444 442/1549/442
f 441/1509/441 461/1468/461 462/1467/462 443/1508/443
f 443/1508/443 445/1507/445 446/1547/446 444/1548/444
f 443/1508/443 462/1467/462 463/1466/463 445/1507/445
f 444/59/444 832/167/832 831/168/831 442/60/442
f 445/1507/445 447/1506/447 448/1546/448 446/1547/446
f 445/1507/445 463/1466/463 464/1465/464 447/1506/447
f 446/58/446 833/166/833 832/167/832 444/59/444
f 447/1506/447 449/1505/449 450/1545/450 448/1546/448
f 447/1506/447 464/1465/464 465/1464/465 449/1505/449
f 448/57/448 834/165/834 833/166/833 446/58/446
f 449/1505/449 451/1504/451 452/1544/452 450/1545/450
f 449/1505/449 465/1464/465 466/1463/466 451/1504/451
f 450/56/450 835/164/835 834/165/834 448/57/448
f 451/1504/451 453/1503/453 454/1543/454 452/1544/452
f 451/1504/451 466/1463/466 467/1462/467 453/1503/453
f 452/55/452 836/163/836 835/164/835 450/56/450
f 453/1503/453 455/1502/455 456/1542/456 454/1543/454
f 453/1503/453 467/1462/467 468/1461/468 455/1502/455
f 454/54/454 837/162/837 836/163/836 452/55/452
f 455/1502/455 457/1501/457 458/1541/458 456/1542/456
f 455/1502/455 468/1461/468 469/1460/469 457/1501/457
f 456/53/456 838/161/838 837/162/837 454/54/454
f 457/1501/457 459/1500/459 460/1540/460 458/1541/458
f 457/1501/457 469/1460/469 470/1459/470 459/1500/459
f 458/52/458 839/160/839 838/161/838 456/53/456
f 459/1500/459 841/1499/841 842/1539/842 460/1540/460
f 460/51/460 840/159/840 839/160/839 458/52/458
f 460/51/460 842/45/842 1231/153/1231 840/159/840
f 461/1468/461 471/1427/471 472/1426/472 462/1467/462
f 462/1467/462 472/1426/472 473/1425/473 463/1466/463
f 463/1466/463 473/1425/473 474/1424/474 464/1465/464
f 464/1465/464 474/1424/474 475/1423/475 465/1464/465
f 465/1464/465 475/1423/475 476/1422/476 466/1463/466
f 466/1463/466 476/1422/476 477/1421/477 467/1462/467
f 467/1462/467 477/1421/477 478/1420/478 468/1461/468
f 468/1461/468 478/1420/478 479/1419/479 469/1460/469
f 469/1460/469 479/1419/479 480/1418/480 470/1459/470
f 470/1459/470 861/1458/861 841/1499/841 459/1500/459
f 471/1427/471 481/1386/481 482/1385/482 472/1426/472
f 472/1426/472 482/1385/482 483/1384/483 473/1425/473
f 473/1425/473 483/1384/483 484/1383/484 474/1424/474
f 474/1424/474 484/1383/484 485/1382/485 475/1423/475
f 475/1423/475 485/1382/485 486/1381/486 476/1422/476
f 476/1422/476 486/1381/486 487/1380/487 477/1421/477
f 477/1421/477 487/1380/487 488/1379/488 478/1420/478
f 478/1420/478 488/1379/488 489/1378/489 479/1419/479
f 479/1419/479 489/1378/489 490/1377/490 480/1418/480
f 480/1418/480 871/1417/871 861/1458/861 470/1459/470
f 481/1386/481 491/1345/491 492/1344/492 482/1385/482
f 482/1385/482 492/1344/492 493/1343/493 483/1384/483
f 483/1384/483 493/1343/493 494/1342/494 484/1383/484
f 484/1383/484 494/1342/494 495/1341/495 485/1382/485
f 485/1382/485 495/1341/495 496/1340/496 486/1381/486
f 486/1381/486 496/1340/496 497/1339/497 487/1380/487
f 487/1380/487 497/1339/497 498/1338/498 488/1379/488
f 488/1379/488 498/1338/498 499/1337/499 489/1378/489
f 489/1378/489 499/1337/499 500/1336/500 490/1377/490
f 490/1377/490 881/1376/881 871/1417/871 480/1418/480
f 491/1345/491 501/1304/501 502/1303/502 492/1344/492
f 492/1344/492 502/1303/502 503/1302/503 493/1343/493
f 493/1343/493 503/1302/503 504/1301/504 494/1342/494
f 494/1342/494 504/1301/504 505/1300/505 495/1341/495
f 495/1341/495 505/1300/505 506/1299/506 496/1340/496
f 496/1340/496 506/1299/506 507/1298/507 497/1339/497
f 497/1339/497 507/1298/507 508/1297/508 498/1338/498
f 498/1338/498 508/1297/508 509/1296/509 499/1337/499
f 499/1337/499 509/1296/509 510/1295/510 500/1336/500
f 500/1336/500 891/1335/891 881/1376/881 490/1377/490
f 501/1304/501 511/1263/511 512/1262/512 502/1303/502
f 502/1303/502 512/1262/512 513/1261/513 503/1302/503
f 503/1302/503 513/1261/513 514/1260/514 504/1301/504
f 504/1301/504 514/1260/514 515/1259/515 505/1300/505
f 505/1300/505 515/1259/515 516/1258/516 506/1299/506
f 506/1299/506 516/1258/516 517/1257/517 507/1298/507
f 507/1298/507 517/1257/517 518/1256/518 508/1297/508
f 508/1297/508 518/1256/518 519/1255/519 509/1296/509
f 509/1296/509 519/1255/519 520/1254/520 510/1295/510
f 510/1295/510 901/1294/901 891/1335/891 500/1336/500
f 511/1263/511 521/1222/521 522/1221/522 512/1262/512
f 512/1262/512 522/1221/522 523/1220/523 513/1261/513
f 513/1261/513 523/1220/523 524/1219/524 514/1260/514
f 514/1260/514 524/1219/524 525/1218/525 515/1259/515
f 515/1259/515 525/1218/525 526/1217/526 516/1258/516
f 516/1258/516 526/1217/526 527/1216/527 517/1257/517
f 517/1257/517 527/1216/527 528/1215/528 518/1256/518
f 518/1256/518 528/1215/528 529/1214/529 519/1255/519
f 519/1255/519 529/1214/529 530/1213/530 520/1254/520
f 520/1254/520 911/1253/911 901/1294/901 510/1295/510
f 521/1222/521 531/1181/531 532/1180/532 522/1221/522
f 522/1221/522 532/1180/532 533/1179/533 523/1220/523
f 523/1220/523 533/1179/533 534/1178/534 524/1219/524
f 524/1219/524 534/1178/534 535/1177/535 525/1218/525
f 525/1218/525 535/1177/535 536/1176/536 526/1217/526
f 526/1217/526 536/1176/536 537/1175/537 527/1216/527
f 527/1216/527 537/1175/537 538/1174/538 528/1215/528
f 528/1215/528 538/1174/538 539/1173/539 529/1214/529
f 529/1214/529 539/1173/539 540/1172/540 530/1213/530
f 530/1213/530 921/1212/921 911/1253/911 520/1254/520
f 531/1181/531 541/1140/541 542/1139/542 532/1180/532
f 532/1180/532 542/1139/542 543/1138/543 533/1179/533
f 533/1179/533 543/1138/543 544/1137/544 534/1178/534
f 534/1178/534 544/1137/544 545/1136/545 535/1177/535
f 535/1177/535 545/1136/545 546/1135/546 536/1176/536
f 536/1176/536 546/1135/546 547/1134/547 537/1175/537
f 537/1175/537 547/1134/547 548/1133/548 538/1174/538
f 538/1174/538 548/1133/548 549/1132/549 539/1173/539
f 539/1173/539 549/1132/549 550/1131/550 540/1172/540
f 540/1172/540 931/1171/931 921/1212/921 530/1213/530
f 541/1140/541 551/1032/551 552/1031/552 542/1139/542
f 542/1139/542 552/1031/552 553/1030/553 543/1138/543
f 543/1138/543 553/1030/553 554/1029/554 544/1137/544
f 544/1137/544 554/1029/554 555/1028/555 545/1136/545
f 545/1136/545 555/1028/555 556/1027/556 546/1135/546
f 546/1135/546 556/1027/556 557/1026/557 547/1134/547
f 547/1134/547 557/1026/557 558/1025/558 548/1133/548
f 548/1133/548 558/1025/558 559/1024/559 549/1132/549
f 549/1132/549 559/1024/559 560/1023/560 550/1131/550
f 550/1131/550 941/1125/941 931/1171/931 540/1172/540
f 551/1032/551 561/924/561 562/923/562 552/1031/552
f 552/1031/552 562/923/562 563/922/563 553/1030/553
f 553/1030/553 563/922/563 564/921/564 554/1029/554
f 554/1029/554 564/921/564 565/920/565 555/1028/555
f 555/1028/555 565/920/565 566/919/566 556/1027/556
f 556/1027/556 566/919/566 567/918/567 557/1026/557
f 557/1026/557 567/918/567 568/917/568 558/1025/558
f 558/1025/558 568/917/568 569/916/569 559/1024/559
f 559/1024/559 569/916/569 570/915/570 560/1023/560
f 560/1023/560 951/1017/951 941/1125/941 550/1131/550
f 561/924/561 571/816/571 572/815/572 562/923/562
f 562/923/562 572/815/572 573/814/573 563/922/563
f 563/922/563 573/814/573 574/813/574 564/921/564
f 564/921/564 574/813/574 575/812/575 565/920/565
f 565/920/565 575/812/575 576/811/576 566/919/566
f 566/919/566 576/811/576 577/810/577 567/918/567
f 567/918/567 577/810/577 578/809/578 568/917/568
f 568/917/568 578/809/578 579/808/579 569/916/569
f 569/916/569 579/808/579 580/807/580 570/915/570
f 570/915/570 961/909/961 951/1017/951 560/1023/560
f 571/816/571 581/708/581 582/707/582 572/815/572
f 572/815/572 582/707/582 583/706/583 573/814/573
f 573/814/573 583/706/583 584/705/584 574/813/574
f 574/813/574 584/705/584 585/704/585 575/812/575
f 575/812/575 585/704/585 586/703/586 576/811/576
f 576/811/576 586/703/586 587/702/587 577/810/577
f 577/810/577 587/702/587 588/701/588 578/809/578
f 578/809/578 588/701/588 589/700/589 579/808/579
f 579/808/579 589/700/589 590/699/590 580/807/580
f 580/807/580 971/801/971 961/909/961 570/915/570
f 581/708/581 591/600/591 592/599/592 582/707/582
f 582/707/582 592/599/592 593/598/593 583/706/583
f 583/706/583 593/598/593 594/597/594 584/705/584
f 584/705/584 594/597/594 595/596/595 585/704/585
f 585/704/585 595/596/595 596/595/596 586/703/586
f 586/703/586 596/595/596 597/594/597 587/702/587
f 587/702/587 597/594/597 598/593/598 588/701/588
f 588/701/588 598/593/598 599/592/599 589/700/589
f 589/700/589 599/592/599 600/591/600 590/699/590
f 590/699/590 981/693/981 971/801/971 580/807/580
f 591/600/591 601/492/601 602/491/602 592/599/592
f 592/599/592 602/491/602 603/490/603 593/598/593
f 593/598/593 603/490/603 604/489/604 594/597/594
f 594/597/594 604/489/604 605/488/605 595/596/595
f 595/596/595 605/488/605 606/487/606 596/595/596
f 596/595/596 606/487/606 607/486/607 597/594/597
f 597/594/597 607/486/607 608/485/608 598/593/598
f 598/593/598 608/485/608 609/484/609 599/592/599
f 599/592/599 609/484/609 610/483/610 600/591/600
f 600/591/600 991/585/991 981/693/981 590/699/590
f 601/492/601 611/384/611 612/383/612 602/491/602
f 602/491/602 612/383/612 613/382/613 603/490/603
f 603/490/603 613/382/613 614/381/614 604/489/604
f 604/489/604 614/381/614 615/380/615 605/488/605
f 605/488/605 615/380/615 616/379/616 606/487/606
f 606/487/606 616/379/616 617/378/617 607/486/607
f 607/486/607 617/378/617 618/377/618 608/485/608
f 608/485/608 618/377/618 619/376/619 609/484/609
f 609/484/609 619/376/619 620/375/620 610/483/610
f 610/483/610 1001/477/1001 991/585/991 600/591/600
f 611/384/611 621/276/621 622/275/622 612/383/612
f 612/383/612 622/275/622 623/274/623 613/382/613
f 613/382/613 623/274/623 624/273/624 614/381/614
f 614/381/614 624/273/624 625/272/625 615/380/615
f 615/380/615 625/272/625 626/271/626 616/379/616
f 616/379/616 626/271/626 627/270/627 617/378/617
f 617/378/617 627/270/627 628/269/628 618/377/618
f 618/377/618 628/269/628 629/268/629 619/376/619
f 619/376/619 629/268/629 630/267/630 620/375/620
f 620/375/620 1011/369/1011 1001/477/1001 610/483/610
f 621/276/621 631/168/631 632/167/632 622/275/622
f 622/275/622 632/167/632 633/166/633 623/274/623
f 623/274/623 633/166/633 634/165/634 624/273/624
f 624/273/624 634/165/634 635/164/635 625/272/625
f 625/272/625 635/164/635 636/163/636 626/271/626
f 626/271/626 636/163/636 637/162/637 627/270/627
f 627/270/627 637/162/637 638/161/638 628/269/628
f 628/269/628 638/161/638 639/160/639 629/268/629
f 629/268/629 639/160/639 640/159/640 630/267/630
f 630/267/630 1021/261/1021 1011/369/1011 620/375/620
f 631/168/631 641/60/641 642/59/642 632/167/632
f 632/167/632 642/59/642 643/58/643 633/166/633
f 633/166/633 643/58/643 644/57/644 634/165/634
f 634/165/634 644/57/644 645/56/645 635/164/635
f 635/164/635 645/56/645 646/55/646 636/163/636
f 636/163/636 646/55/646 647/54/647 637/162/637
f 637/162/637 647/54/647 648/53/648 638/161/638
f 638/161/638 648/53/648 649/52/649 639/160/639
f 639/160/639 649/52/649 650/51/650 640/159/640
f 640/159/640 1031/153/1031 1021/261/1021 630/267/630
f 641/1549/641 651/1509/651 652/1508/652 642/1548/642
f 642/1548/642 652/1508/652 653/1507/653 643/1547/643
f 643/1547/643 653/1507/653 654/1506/654 644/1546/644
f 644/1546/644 654/1506/654 655/1505/655 645/1545/645
f 645/1545/645 655/1505/655 656/1504/656 646/1544/646
f 646/1544/646 656/1504/656 657/1503/657 647/1543/647
f 647/1543/647 657/1503/657 658/1502/658 648/1542/648
f 648/1542/648 658/1502/658 659/1501/659 649/1541/649
f 649/1541/649 659/1501/659 660/1500/660 650/1540/650
f 650/51/650 1041/45/1041 1031/153/1031 640/159/640
f 651/1509/651 661/1468/661 662/1467/662 652/1508/652
f 652/1508/652 662/1467/662 663/1466/663 653/1507/653
f 653/1507/653 663/1466/663 664/1465/664 654/1506/654
f 654/1506/654 664/1465/664 665/1464/665 655/1505/655
f 655/1505/655 665/1464/665 666/1463/666 656/1504/656
f 656/1504/656 666/1463/666 667/1462/667 657/1503/657
f 657/1503/657 667/1462/667 668/1461/668 658/1502/658
f 658/1502/658 668/1461/668 669/1460/669 659/1501/659
f 659/1501/659 669/1460/669 670/1459/670 660/1500/660
f 660/1500/660 1051/1499/1051 1041/1539/1041 650/1540/650
f 661/1468/661 671/1427/671 672/1426/672 662/1467/662
f 662/1467/662 672/1426/672 673/1425/673 663/1466/663
f 663/1466/663 673/1425/673 674/1424/674 664/1465/664
f 664/1465/664 674/1424/674 675/1423/675 665/1464/665
f 665/1464/665 675/1423/675 676/1422/676 666/1463/666
f 666/1463/666 676/1422/676 677/1421/677 667/1462/667
f 667/1462/667 677/1421/677 678/1420/678 668/1461/668
f 668/1461/668 678/1420/678 679/1419/679 669/1460/669
f 669/1460/669 679/1419/679 680/1418/680 670/1459/670
f 670/1459/670 1061/1458/1061 1051/1499/1051 660/1500/660
f 671/1427/671 681/1386/681 682/1385/682 672/1426/672
f 672/1426/672 682/1385/682 683/1384/683 673/1425/673
f 673/1425/673 683/1384/683 684/1383/684 674/1424/674
f 674/1424/674 684/1383/684 685/1382/685 675/1423/675
f 675/1423/675 685/1382/685 686/1381/686 676/1422/676
f 676/1422/676 686/1381/686 687/1380/687 677/1421/677
f 677/1421/677 687/1380/687 688/1379/688 678/1420/678
f 678/1420/678 688/1379/688 689/1378/689 679/1419/679
f 679/1419/679 689/1378/689 690/1377/690 680/1418/680
f 680/1418/680 1071/1417/1071 1061/1458/1061 670/1459/670
f 681/1386/681 691/1345/691 692/1344/692 682/1385/682
f 682/1385/682 692/1344/692 693/1343/693 683/1384/683
f 683/1384/683 693/1343/693 694/1342/694 684/1383/684
f 684/1383/684 694/1342/694 695/1341/695 685/1382/685
f 685/1382/685 695/1341/695 696/1340/696 686/1381/686
f 686/1381/686 696/1340/696 697/1339/697 687/1380/687
f 687/1380/687 697/1339/697 698/1338/698 688/1379/688
f 688/1379/688 698/1338/698 699/1337/699 689/1378/689
f 689/1378/689 699/1337/699 700/1336/700 690/1377/690
f 690/1377/690 1081/1376/1081 1071/1417/1071 680/1418/680
f 691/1345/691 701/1304/701 702/1303/702 692/1344/692
f 692/1344/692 702/1303/702 703/1302/703 693/1343/693
f 693/1343/693 703/1302/703 704/1301/704 694/1342/694
f 694/1342/694 704/1301/704 705/1300/705 695/1341/695
f 695/1341/695 705/1300/705 706/1299/706 696/1340/696
f 696/1340/696 706/1299/706 707/1298/707 697/1339/697
f 697/1339/697 707/1298/707 708/1297/708 698/1338/698
f 698/1338/698 708/1297/708 709/1296/709 699/1337/699
f 699/1337/699 709/1296/709 710/1295/710 700/1336/700
f 700/1336/700 1091/1335/1091 1081/1376/1081 690/1377/690
f 701/1304/701 711/1263/711 712/1262/712 702/1303/702
f 702/1303/702 712/1262/712 713/1261/713 703/1302/703
f 703/1302/703 713/1261/713 714/1260/714 704/1301/704
f 704/1301/704 714/1260/714 715/1259/715 705/1300/705
f 705/1300/705 715/1259/715 716/1258/716 706/1299/706
f 706/1299/706 716/1258/716 717/1257/717 707/1298/707
f 707/1298/707 717/1257/717 718/1256/718 708/1297/708
f 708/1297/708 718/1256/718 719/1255/719 709/1296/709
f 709/1296/709 719/1255/719 720/1254/720 710/1295/710
f 710/1295/710 1101/1294/1101 1091/1335/1091 700/1336/700
f 711/1263/711 721/1222/721 722/1221/722 712/1262/712
f 712/1262/712 722/1221/722 723/1220/723 713/1261/713
f 713/1261/713 723/1220/723 724/1219/724 714/1260/714
f 714/1260/714 724/1219/724 725/1218/725 715/1259/715
f 715/1259/715 725/1218/725 726/1217/726 716/1258/716
f 716/1258/716 726/1217/726 727/1216/727 717/1257/717
f 717/1257/717 727/1216/727 728/1215/728 718/1256/718
f 718/1256/718 728/1215/728 729/1214/729 719/1255/719
f 719/1255/719 729/1214/729 730/1213/730 720/1254/720
f 720/1254/720 1111/1253/1111 1101/1294/1101 710/1295/710
f 721/1222/721 731/1181/731 732/1180/732 722/1221/722
f 722/1221/722 732/1180/732 733/1179/733 723/1220/723
f 723/1220/723 733/1179/733 734/1178/734 724/1219/724
f 724/1219/724 734/1178/734 735/1177/735 725/1218/725
f 725/1218/725 735/1177/735 736/1176/736 726/1217/726
f 726/1217/726 736/1176/736 737/1175/737 727/1216/727
f 727/1216/727 737/1175/737 738/1174/738 728/1215/728
f 728/1215/728 738/1174/738 739/1173/739 729/1214/729
f 729/1214/729 739/1173/739 740/1172/740 730/1213/730
f 730/1213/730 1121/1212/1121 1111/1253/1111 720/1254/720
f 731/1181/731 741/1140/741 742/1139/742 732/1180/732
f 732/1180/732 742/1139/742 743/1138/743 733/1179/733
f 733/1179/733 743/1138/743 744/1137/744 734/1178/734
f 734/1178/734 744/1137/744 745/1136/745 735/1177/735
f 735/1177/735 745/1136/745 746/1135/746 736/1176/736
f 736/1176/736 746/1135/746 747/1134/747 737/1175/737
f 737/1175/737 747/1134/747 748/1133/748 738/1174/738
f 738/1174/738 748/1133/748 749/1132/749 739/1173/739
f 739/1173/739 749/1132/749 750/1131/750 740/1172/740
f 740/1172/740 1131/1171/1131 1121/1212/1121 730/1213/730
f 741/1140/741 751/1032/751 752/1031/752 742/1139/742
f 742/1139/742 752/1031/752 753/1030/753 743/1138/743
f 743/1138/743 753/1030/753 754/1029/754 744/1137/744
f 744/1137/744 754/1029/754 755/1028/755 745/1136/745
f 745/1136/745 755/1028/755 756/1027/756 746/1135/746
f 746/1135/746 756/1027/756 757/1026/757 747/1134/747
f 747/1134/747 757/1026/757 758/1025/758 748/1133/748
f 748/1133/748 758/1025/758 759/1024/759 749/1132/749
f 749/1132/749 759/1024/759 760/1023/760 750/1131/750
f 750/1131/750 1141/1125/1141 1131/1171/1131 740/1172/740
f 751/1032/751 761/924/761 762/923/762 752/1031/752
f 752/1031/752 762/923/762 763/922/763 753/1030/753
f 753/1030/753 763/922/763 764/921/764 754/1029/754
f 754/1029/754 764/921/764 765/920/765 755/1028/755
f 755/1028/755 765/920/765 766/919/766 756/1027/756
f 756/1027/756 766/919/766 767/918/767 757/1026/757
f 757/1026/757 767/918/767 768/917/768 758/1025/758
f 758/1025/758 768/917/768 769/916/769 759/1024/759
f 759/1024/759 769/916/769 770/915/770 760/1023/760
f 760/1023/760 1151/1017/1151 1141/1125/1141 750/1131/750
f 761/924/761 771/816/771 772/815/772 762/923/762
f 762/923/762 772/815/772 773/814/773 763/922/763
f 763/922/763 773/814/773 774/813/774 764/921/764
f 764/921/764 774/813/774 775/812/775 765/920/765
f 765/920/765 775/812/775 776/811/776 766/919/766
f 766/919/766 776/811/776 777/810/777 767/918/767
f 767/918/767 777/810/777 778/809/778 768/917/768
f 768/917/768 778/809/778 779/808/779 769/916/769
f 769/916/769 779/808/779 780/807/780 770/915/770
f 770/915/770 1161/909/1161 1151/1017/1151 760/1023/760
f 771/816/771 781/708/781 782/707/782 772/815/772
f 772/815/772 782/707/782 783/706/783 773/814/773
f 773/814/773 783/706/783 784/705/784 774/813/774
f 774/813/774 784/705/784 785/704/785 775/812/775
f 775/812/775 785/704/785 786/703/786 776/811/776
f 776/811/776 786/703/786 787/702/787 777/810/777
f 777/810/777 787/702/787 788/701/788 778/809/778
f 778/809/778 788/701/788 789/700/789 779/808/779
f 779/808/779 789/700/789 790/699/790 780/807/780
f 780/807/780 1171/801/1171 1161/909/1161 770/915/770
f 781/708/781 791/600/791 792/599/792 782/707/782
f 782/707/782 792/599/792 793/598/793 783/706/783
f 783/706/783 793/598/793 794/597/794 784/705/784
f 784/705/784 794/597/794 795/596/795 785/704/785
f 785/704/785 795/596/795 796/595/796 786/703/786
f 786/703/786 796/595/796 797/594/797 787/702/787
f 787/702/787 797/594/797 798/593/798 788/701/788
f 788/701/788 798/593/798 799/592/799 789/700/789
f 789/700/789 799/592/799 800/591/800 790/699/790
f 790/699/790 1181/693/1181 1171/801/1171 780/807/780
f 791/600/791 801/492/801 802/491/802 792/599/792
f 792/599/792 802/491/802 803/490/803 793/598/793
f 793/598/793 803/490/803 804/489/804 794/597/794
f 794/597/794 804/489/804 805/488/805 795/596/795
f 795/596/795 805/488/805 806/487/806 796/595/796
f 796/595/796 806/487/806 807/486/807 797/594/797
f 797/594/797 807/486/807 808/485/808 798/593/798
f 798/593/798 808/485/808 809/484/809 799/592/799
f 799/592/799 809/484/809 810/483/810 800/591/800
f 800/591/800 1191/585/1191 1181/693/1181 790/699/790
f 801/492/801 811/384/811 812/383/812 802/491/802
f 802/491/802 812/383/812 813/382/813 803/490/803
f 803/490/803 813/382/813 814/381/814 804/489/804
f 804/489/804 814/381/814 815/380/815 805/488/805
f 805/488/805 815/380/815 816/379/816 806/487/806
f 806/487/806 816/379/816 817/378/817 807/486/807
f 807/486/807 817/378/817 818/377/818 808/485/808
f 808/485/808 818/377/818 819/376/819 809/484/809
f 809/484/809 819/376/819 820/375/820 810/483/810
f 810/483/810 1201/477/1201 1191/585/1191 800/591/800
f 811/384/811 821/276/821 822/275/822 812/383/812
f 812/383/812 822/275/822 823/274/823 813/382/813
f 813/382/813 823/274/823 824/273/824 814/381/814
f 814/381/814 824/273/824 825/272/825 815/380/815
f 815/380/815 825/272/825 826/271/826 816/379/816
f 816/379/816 826/271/826 827/270/827 817/378/817
f 817/378/817 827/270/827 828/269/828 818/377/818
f 818/377/818 828/269/828 829/268/829 819/376/819
f 819/376/819 829/268/829 830/267/830 820/375/820
f 820/375/820 1211/369/1211 1201/477/1201 810/483/810
f 821/276/821 831/168/831 832/167/832 822/275/822
f 822/275/822 832/167/832 833/166/833 823/274/823
f 823/274/823 833/166/833 834/165/834 824/273/824
f 824/273/824 834/165/834 835/164/835 825/272/825
f 825/272/825 835/164/835 836/163/836 826/271/826
f 826/271/826 836/163/836 837/162/837 827/270/827
f 827/270/827 837/162/837 838/161/838 828/269/828
f 828/269/828 838/161/838 839/160/839 829/268/829
f 829/268/829 839/160/839 840/159/840 830/267/830
f 830/267/830 1221/261/1221 1211/369/1211 820/375/820
f 840/159/840 1231/153/1231 1221/261/1221 830/267/830
f 841/1499/841 843/1498/843 844/1538/844 842/1539/842
f 841/1499/841 861/1458/861 862/1457/862 843/1498/843
f 843/1498/843 845/1497/845 846/1537/846 844/1538/844
f 843/1498/843 862/1457/862 863/1456/863 845/1497/845
f 844/40/844 1232/148/1232 1231/153/1231 842/45/842
f 845/1497/845 847/1496/847 848/1536/848 846/1537/846
f 845/1497/845 863/1456/863 864/1455/864 847/1496/847
f 846/38/846 1233/146/1233 1232/148/1232 844/40/844
f 847/1496/847 849/1495/849 850/1535/850 848/1536/848
f 847/1496/847 864/1455/864 865/1454/865 849/1495/849
f 848/35/848 1234/143/1234 1233/146/1233 846/38/846
f 849/1495/849 851/1494/851 852/1534/852 850/1535/850
f 849/1495/849 865/1454/865 866/1453/866 851/1494/851
f 850/32/850 1235/140/1235 1234/143/1234 848/35/848
f 851/1494/851 853/1493/853 854/1533/854 852/1534/852
f 851/1494/851 866/1453/866 867/1452/867 853/1493/853
f 852/30/852 1236/138/1236 1235/140/1235 850/32/850
f 853/1493/853 855/1492/855 856/1532/856 854/1533/854
f 853/1493/853 867/1452/867 868/1451/868 855/1492/855
f 854/27/854 1237/135/1237 1236/138/1236 852/30/852
f 855/1492/855 857/1491/857 858/1531/858 856/1532/856
f 855/1492/855 868/1451/868 869/1450/869 857/1491/857
f 856/24/856 1238/132/1238 1237/135/1237 854/27/854
f 857/1491/857 859/1490/859 860/1530/860 858/1531/858
f 857/1491/857 869/1450/869 870/1449/870 859/1490/859
f 858/22/858 1239/130/1239 1238/132/1238 856/24/856
f 859/1490/859 1241/1489/1241 1242/1529/1242 860/1530/860
f 860/20/860 1240/128/1240 1239/130/1239 858/22/858
f 860/20/860 1242/19/1242 1593/127/1593 1240/128/1240
f 861/1458/861 871/1417/871 872/1416/872 862/1457/862
f 862/1457/862 872/1416/872 873/1415/873 863/1456/863
f 863/1456/863 873/1415/873 874/1414/874 864/1455/864
f 864/1455/864 874/1414/874 875/1413/875 865/1454/865
f 865/1454/865 875/1413/875 876/1412/876 866/1453/866
f 866/1453/866 876/1412/876 877/1411/877 867/1452/867
f 867/1452/867 877/1411/877 878/1410/878 868/1451/868
f 868/1451/868 878/1410/878 879/1409/879 869/1450/869
f 869/1450/869 879/1409/879 880/1408/880 870/1449/870
f 870/1449/870 1260/1448/1260 1241/1489/1241 859/1490/859
f 871/1417/871 881/1376/881 882/1375/882 872/1416/872
f 872/1416/872 882/1375/882 883/1374/883 873/1415/873
f 873/1415/873 883/1374/883 884/1373/884 874/1414/874
f 874/1414/874 884/1373/884 885/1372/885 875/1413/875
f 875/1413/875 885/1372/885 886/1371/886 876/1412/876
f 876/1412/876 886/1371/886 887/1370/887 877/1411/877
f 877/1411/877 887/1370/887 888/1369/888 878/1410/878
f 878/1410/878 888/1369/888 889/1368/889 879/1409/879
f 879/1409/879 889/1368/889 890/1367/890 880/1408/880
f 880/1408/880 1269/1407/1269 1260/1448/1260 870/1449/870
f 881/1376/881 891/1335/891 892/1334/892 882/1375/882
f 882/1375/882 892/1334/892 893/1333/893 883/1374/883
f 883/1374/883 893/1333/893 894/1332/894 884/1373/884
f 884/1373/884 894/1332/894 895/1331/895 885/1372/885
f 885/1372/885 895/1331/895 896/1330/896 886/1371/886
f 886/1371/886 896/1330/896 897/1329/897 887/1370/887
f 887/1370/887 897/1329/897 898/1328/898 888/1369/888
f 888/1369/888 898/1328/898 899/1327/899 889/1368/889
f 889/1368/889 899/1327/899 900/1326/900 890/1367/890
f 890/1367/890 1278/1366/1278 1269/1407/1269 880/1408/880
f 891/1335/891 901/1294/901 902/1293/902 892/1334/892
f 892/1334/892 902/1293/902 903/1292/903 893/1333/893
f 893/1333/893 903/1292/903 904/1291/904 894/1332/894
f 894/1332/894 904/1291/904 905/1290/905 895/1331/895
f 895/1331/895 905/1290/905 906/1289/906 896/1330/896
f 896/1330/896 906/1289/906 907/1288/907 897/1329/897
f 897/1329/897 907/1288/907 908/1287/908 898/1328/898
f 898/1328/898 908/1287/908 909/1286/909 899/1327/899
f 899/1327/899 909/1286/909 910/1285/910 900/1326/900
f 900/1326/900 1287/1325/1287 1278/1366/1278 890/1367/890
f 901/1294/901 911/1253/911 912/1252/912 902/1293/902
f 902/1293/902 912/1252/912 913/1251/913 903/1292/903
f 903/1292/903 913/1251/913 914/1250/914 904/1291/904
f 904/1291/904 914/1250/914 915/1249/915 905/1290/905
f 905/1290/905 915/1249/915 916/1248/916 906/1289/906
f 906/1289/906 916/1248/916 917/1247/917 907/1288/907
f 907/1288/907 917/1247/917 918/1246/918 908/1287/908
f 908/1287/908 918/1246/918 919/1245/919 909/1286/909
f 909/1286/909 919/1245/919 920/1244/920 910/1285/910
f 910/1285/910 1296/1284/1296 1287/1325/1287 900/1326/900
f 911/1253/911 921/1212/921 922/1211/922 912/1252/912
f 912/1252/912 922/1211/922 923/1210/923 913/1251/913
f 913/1251/913 923/1210/923 924/1209/924 914/1250/914
f 914/1250/914 924/1209/924 925/1208/925 915/1249/915
f 915/1249/915 925/1208/925 926/1207/926 916/1248/916
f 916/1248/916 926/1207/926 927/1206/927 917/1247/917
f 917/1247/917 927/1206/927 928/1205/928 918/1246/918
f 918/1246/918 928/1205/928 929/1204/929 919/1245/919
f 919/1245/919 929/1204/929 930/1203/930 920/1244/920
f 920/1244/920 1305/1243/1305 1296/1284/1296 910/1285/910
f 921/1212/921 931/1171/931 932/1170/932 922/1211/922
f 922/1211/922 932/1170/932 933/1169/933 923/1210/923
f 923/1210/923 933/1169/933 934/1168/934 924/1209/924
f 924/1209/924 934/1168/934 935/1167/935 925/1208/925
f 925/1208/925 935/1167/935 936/1166/936 926/1207/926
f 926/1207/926 936/1166/936 937/1165/937 927/1206/927
f 927/1206/927 937/1165/937 938/1164/938 928/1205/928
f 928/1205/928 938/1164/938 939/1163/939 929/1204/929
f 929/1204/929 939/1163/939 940/1162/940 930/1203/930
f 930/1203/930 1314/1202/1314 1305/1243/1305 920/1244/920
f 931/1171/931 941/1125/941 942/1120/942 932/1170/932
f 932/1170/932 942/1120/942 943/1118/943 933/1169/933
f 933/1169/933 943/1118/943 944/1115/944 934/1168/934
f 934/1168/934 944/1115/944 945/1112/945 935/1167/935
f 935/1167/935 945/1112/945 946/1110/946 936/1166/936
f 936/1166/936 946/1110/946 947/1107/947 937/1165/937
f 937/1165/937 947/1107/947 948/1104/948 938/1164/938
f 938/1164/938 948/1104/948 949/1102/949 939/1163/939
f 939/1163/939 949/1102/949 950/1100/950 940/1162/940
f 940/1162/940 1323/1161/1323 1314/1202/1314 930/1203/930
f 941/1125/941 951/1017/951 952/1012/952 942/1120/942
f 942/1120/942 952/1012/952 953/1010/953 943/1118/943
f 943/1118/943 953/1010/953 954/1007/954 944/1115/944
f 944/1115/944 954/1007/954 955/1004/955 945/1112/945
f 945/1112/945 955/1004/955 956/1002/956 946/1110/946
f 946/1110/946 956/1002/956 957/999/957 947/1107/947
f 947/1107/947 957/999/957 958/996/958 948/1104/948
f 948/1104/948 958/996/958 959/994/959 949/1102/949
f 949/1102/949 959/994/959 960/992/960 950/1100/950
f 950/1100/950 1332/1099/1332 1323/1161/1323 940/1162/940
f 951/1017/951 961/909/961 962/904/962 952/1012/952
f 952/1012/952 962/904/962 963/902/963 953/1010/953
f 953/1010/953 963/902/963 964/899/964 954/1007/954
f 954/1007/954 964/899/964 965/896/965 955/1004/955
f 955/1004/955 965/896/965 966/894/966 956/1002/956
f 956/1002/956 966/894/966 967/891/967 957/999/957
f 957/999/957 967/891/967 968/888/968 958/996/958
f 958/996/958 968/888/968 969/886/969 959/994/959
f 959/994/959 969/886/969 970/884/970 960/992/960
f 960/992/960 1341/991/1341 1332/1099/1332 950/1100/950
f 961/909/961 971/801/971 972/796/972 962/904/962
f 962/904/962 972/796/972 973/794/973 963/902/963
f 963/902/963 973/794/973 974/791/974 964/899/964
f 964/899/964 974/791/974 975/788/975 965/896/965
f 965/896/965 975/788/975 976/786/976 966/894/966
f 966/894/966 976/786/976 977/783/977 967/891/967
f 967/891/967 977/783/977 978/780/978 968/888/968
f 968/888/968 978/780/978 979/778/979 969/886/969
f 969/886/969 979/778/979 980/776/980 970/884/970
f 970/884/970 1350/883/1350 1341/991/1341 960/992/960
f 971/801/971 981/693/981 982/688/982 972/796/972
f 972/796/972 982/688/982 983/686/983 973/794/973
f 973/794/973 983/686/983 984/683/984 974/791/974
f 974/791/974 984/683/984 985/680/985 975/788/975
f 975/788/975 985/680/985 986/678/986 976/786/976
f 976/786/976 986/678/986 987/675/987 977/783/977
f 977/783/977 987/675/987 988/672/988 978/780/978
f 978/780/978 988/672/988 989/670/989 979/778/979
f 979/778/979 989/670/989 990/668/990 980/776/980
f 980/776/980 1359/775/1359 1350/883/1350 970/884/970
f 981/693/981 991/585/991 992/580/992 982/688/982
f 982/688/982 992/580/992 993/578/993 983/686/983
f 983/686/983 993/578/993 994/575/994 984/683/984
f 984/683/984 994/575/994 995/572/995 985/680/985
f 985/680/985 995/572/995 996/570/996 986/678/986
f 986/678/986 996/570/996 997/567/997 987/675/987
f 987/675/987 997/567/997 998/564/998 988/672/988
f 988/672/988 998/564/998 999/562/999 989/670/989
f 989/670/989 999/562/999 1000/560/1000 990/668/990
f 990/668/990 1368/667/1368 1359/775/1359 980/776/980
f 991/585/991 1001/477/1001 1002/472/1002 992/580/992
f 992/580/992 1002/472/1002 1003/470/1003 993/578/993
f 993/578/993 1003/470/1003 1004/467/1004 994/575/994
f 994/575/994 1004/467/1004 1005/464/1005 995/572/995
f 995/572/995 1005/464/1005 1006/462/1006 996/570/996
f 996/570/996 1006/462/1006 1007/459/1007 997/567/997
f 997/567/997 1007/459/1007 1008/456/1008 998/564/998
f 998/564/998 1008/456/1008 1009/454/1009 999/562/999
f 999/562/999 1009/454/1009 1010/452/1010 1000/560/1000
f 1000/560/1000 1377/559/1377 1368/667/1368 990/668/990
f 1001/477/1001 1011/369/1011 1012/364/1012 1002/472/1002
f 1002/472/1002 1012/364/1012 1013/362/1013 1003/470/1003
f 1003/470/1003 1013/362/1013 1014/359/1014 1004/467/1004
f 1004/467/1004 1014/359/1014 1015/356/1015 1005/464/1005
f 1005/464/1005 1015/356/1015 1016/354/1016 1006/462/1006
f 1006/462/1006 1016/354/1016 1017/351/1017 1007/459/1007
f 1007/459/1007 1017/351/1017 1018/348/1018 1008/456/1008
f 1008/456/1008 1018/348/1018 1019/346/1019 1009/454/1009
f 1009/454/1009 1019/346/1019 1020/344/1020 1010/452/1010
f 1010/452/1010 1386/451/1386 1377/559/1377 1000/560/1000
f 1011/369/1011 1021/261/1021 1022/256/1022 1012/364/1012
f 1012/364/1012 1022/256/1022 1023/254/1023 1013/362/1013
f 1013/362/1013 1023/254/1023 1024/251/1024 1014/359/1014
f 1014/359/1014 1024/251/1024 1025/248/1025 1015/356/1015
f 1015/356/1015 1025/248/1025 1026/246/1026 1016/354/1016
f 1016/354/1016 1026/246/1026 1027/243/1027 1017/351/1017
f 1017/351/1017 1027/243/1027 1028/240/1028 1018/348/1018
f 1018/348/1018 1028/240/1028 1029/238/1029 1019/346/1019
f 1019/346/1019 1029/238/1029 1030/236/1030 1020/344/1020
f 1020/344/1020 1395/343/1395 1386/451/1386 1010/452/1010
f 1021/261/1021 1031/153/1031 1032/148/1032 1022/256/1022
f 1022/256/1022 1032/148/1032 1033/146/1033 1023/254/1023
f 1023/254/1023 1033/146/1033 1034/143/1034 1024/251/1024
f 1024/251/1024 1034/143/1034 1035/140/1035 1025/248/1025
f 1025/248/1025 1035/140/1035 1036/138/1036 1026/246/1026
f 1026/246/1026 1036/138/1036 1037/135/1037 1027/243/1027
f 1027/243/1027 1037/135/1037 1038/132/1038 1028/240/1028
f 1028/240/1028 1038/132/1038 1039/130/1039 1029/238/1029
f 1029/238/1029 1039/130/1039 1040/128/1040 1030/236/1030
f 1030/236/1030 1404/235/1404 1395/343/1395 1020/344/1020
f 1031/153/1031 1041/45/1041 1042/40/1042 1032/148/1032
f 1032/148/1032 1042/40/1042 1043/38/1043 1033/146/1033
f 1033/146/1033 1043/38/1043 1044/35/1044 1034/143/1034
f 1034/143/1034 1044/35/1044 1045/32/1045 1035/140/1035
f 1035/140/1035 1045/32/1045 1046/30/1046 1036/138/1036
f 1036/138/1036 1046/30/1046 1047/27/1047 1037/135/1037
f 1037/135/1037 1047/27/1047 1048/24/1048 1038/132/1038
f 1038/132/1038 1048/24/1048 1049/22/1049 1039/130/1039
f 1039/130/1039 1049/22/1049 1050/20/1050 1040/128/1040
f 1040/128/1040 1413/127/1413 1404/235/1404 1030/236/1030
f 1041/1539/1041 1051/1499/1051 1052/1498/1052 1042/1538/1042
f 1042/1538/1042 1052/1498/1052 1053/1497/1053 1043/1537/1043
f 1043/1537/1043 1053/1497/1053 1054/1496/1054 1044/1536/1044
f 1044/1536/1044 1054/1496/1054 1055/1495/1055 1045/1535/1045
f 1045/1535/1045 1055/1495/1055 1056/1494/1056 1046/1534/1046
f 1046/1534/1046 1056/1494/1056 1057/1493/1057 1047/1533/1047
f 1047/1533/1047 1057/1493/1057 1058/1492/1058 1048/1532/1048
f 1048/1532/1048 1058/1492/1058 1059/1491/1059 1049/1531/1049
f 1049/1531/1049 1059/1491/1059 1060/1490/1060 1050/1530/1050
f 1050/20/1050 1422/19/1422 1413/127/1413 1040/128/1040
f 1051/1499/1051 1061/1458/1061 1062/1457/1062 1052/1498/1052
f 1052/1498/1052 1062/1457/1062 1063/1456/1063 1053/1497/1053
f 1053/1497/1053 1063/1456/1063 1064/1455/1064 1054/1496/1054
f 1054/1496/1054 1064/1455/1064 1065/1454/1065 1055/1495/1055
f 1055/1495/1055 1065/1454/1065 1066/1453/1066 1056/1494/1056
f 1056/1494/1056 1066/1453/1066 1067/1452/1067 1057/1493/1057
f 1057/1493/1057 1067/1452/1067 1068/1451/1068 1058/1492/1058
f 1058/1492/1058 1068/1451/1068 1069/1450/1069 1059/1491/1059
f 1059/1491/1059 1069/1450/1069 1070/1449/1070 1060/1490/1060
f 1060/1490/1060 1431/1489/1431 1422/1529/1422 1050/1530/1050
f 1061/1458/1061 1071/1417/1071 1072/1416/1072 1062/1457/1062
f 1062/1457/1062 1072/1416/1072 1073/1415/1073 1063/1456/1063
f 1063/1456/1063 1073/1415/1073 1074/1414/1074 1064/1455/1064
f 1064/1455/1064 1074/1414/1074 1075/1413/1075 1065/1454/1065
f 1065/1454/1065 1075/1413/1075 1076/1412/1076 1066/1453/1066
f 1066/1453/1066 1076/1412/1076 1077/1411/1077 1067/1452/1067
f 1067/1452/1067 1077/1411/1077 1078/1410/1078 1068/1451/1068
f 1068/1451/1068 1078/1410/1078 1079/1409/1079 1069/1450/1069
f 1069/1450/1069 1079/1409/1079 1080/1408/1080 1070/1449/1070
f 1070/1449/1070 1440/1448/1440 1431/1489/1431 1060/1490/1060
f 1071/1417/1071 1081/1376/1081 1082/1375/1082 1072/1416/1072
f 1072/1416/1072 1082/1375/1082 1083/1374/1083 1073/1415/1073
f 1073/1415/1073 1083/1374/1083 1084/1373/1084 1074/1414/1074
f 1074/1414/1074 1084/1373/1084 1085/1372/1085 1075/1413/1075
f 1075/1413/1075 1085/1372/1085 1086/1371/1086 1076/1412/1076
f 1076/1412/1076 1086/1371/1086 1087/1370/1087 1077/1411/1077
f 1077/1411/1077 1087/1370/1087 1088/1369/1088 1078/1410/1078
f 1078/1410/1078 1088/1369/1088 1089/1368/1089 1079/1409/1079
f 1079/1409/1079 1089/1368/1089 1090/1367/1090 1080/1408/1080
f 1080/1408/1080 1449/1407/1449 1440/1448/1440 1070/1449/1070
f 1081/1376/1081 1091/1335/1091 1092/1334/1092 1082/1375/1082
f 1082/1375/1082 1092/1334/1092 1093/1333/1093 1083/1374/1083
f 1083/1374/1083 1093/1333/1093 1094/1332/1094 1084/1373/1084
f 1084/1373/1084 1094/1332/1094 1095/1331/1095 1085/1372/1085
f 1085/1372/1085 1095/1331/1095 1096/1330/1096 1086/1371/1086
f 1086/1371/1086 1096/1330/1096 1097/1329/1097 1087/1370/1087
f 1087/1370/1087 1097/1329/1097 1098/1328/1098 1088/1369/1088
f 1088/1369/1088 1098/1328/1098 1099/1327/1099 1089/1368/1089
f 1089/1368/1089 1099/1327/1099 1100/1326/1100 1090/1367/1090
f 1090/1367/1090 1458/1366/1458 1449/1407/1449 1080/1408/1080
f 1091/1335/1091 1101/1294/1101 1102/1293/1102 1092/1334/1092
f 1092/1334/1092 1102/1293/1102 1103/1292/1103 1093/1333/1093
f 1093/1333/1093 1103/1292/1103 1104/1291/1104 1094/1332/1094
f 1094/1332/1094 1104/1291/1104 1105/1290/1105 1095/1331/1095
f 1095/1331/1095 1105/1290/1105 1106/1289/1106 1096/1330/1096
f 1096/1330/1096 1106/1289/1106 1107/1288/1107 1097/1329/1097
f 1097/1329/1097 1107/1288/1107 1108/1287/1108 1098/1328/1098
f 1098/1328/1098 1108/1287/1108 1109/1286/1109 1099/1327/1099
f 1099/1327/1099 1109/1286/1109 1110/1285/1110 1100/1326/1100
f 1100/1326/1100 1467/1325/1467 1458/1366/1458 1090/1367/1090
f 1101/1294/1101 1111/1253/1111 1112/1252/1112 1102/1293/1102
f 1102/1293/1102 1112/1252/1112 1113/1251/1113 1103/1292/1103
f 1103/1292/1103 1113/1251/1113 1114/1250/1114 1104/1291/1104
f 1104/1291/1104 1114/1250/1114 1115/1249/1115 1105/1290/1105
f 1105/1290/1105 1115/1249/1115 1116/1248/1116 1106/1289/1106
f 1106/1289/1106 1116/1248/1116 1117/1247/1117 1107/1288/1107
f 1107/1288/1107 1117/1247/1117 1118/1246/1118 1108/1287/1108
f 1108/1287/1108 1118/1246/1118 1119/1245/1119 1109/1286/1109
f 1109/1286/1109 1119/1245/1119 1120/1244/1120 1110/1285/1110
f 1110/1285/1110 1476/1284/1476 1467/1325/1467 1100/1326/1100
f 1111/1253/1111 1121/1212/1121 1122/1211/1122 1112/1252/1112
f 1112/1252/1112 1122/1211/1122 1123/1210/1123 1113/1251/1113
f 1113/1251/1113 1123/1210/1123 1124/1209/1124 1114/1250/1114
f 1114/1250/1114 1124/1209/1124 1125/1208/1125 1115/1249/1115
f 1115/1249/1115 1125/1208/1125 1126/1207/1126 1116/1248/1116
f 1116/1248/1116 1126/1207/1126 1127/1206/1127 1117/1247/1117
f 1117/1247/1117 1127/1206/1127 1128/1205/1128 1118/1246/1118
f 1118/1246/1118 1128/1205/1128 1129/1204/1129 1119/1245/1119
f 1119/1245/1119 1129/1204/1129 1130/1203/1130 1120/1244/1120
f 1120/1244/1120 1485/1243/1485 1476/1284/1476 1110/1285/1110
f 1121/1212/1121 1131/1171/1131 1132/1170/1132 1122/1211/1122
f 1122/1211/1122 1132/1170/1132 1133/1169/1133 1123/1210/1123
f 1123/1210/1123 1133/1169/1133 1134/1168/1134 1124/1209/1124
f 1124/1209/1124 1134/1168/1134 1135/1167/1135 1125/1208/1125
f 1125/1208/1125 1135/1167/1135 1136/1166/1136 1126/1207/1126
f 1126/1207/1126 1136/1166/1136 1137/1165/1137 1127/1206/1127
f 1127/1206/1127 1137/1165/1137 1138/1164/1138 1128/1205/1128
f 1128/1205/1128 1138/1164/1138 1139/1163/1139 1129/1204/1129
f 1129/1204/1129 1139/1163/1139 1140/1162/1140 1130/1203/1130
f 1130/1203/1130 1494/1202/1494 1485/1243/1485 1120/1244/1120
f 1131/1171/1131 1141/1125/1141 1142/1120/1142 1132/1170/1132
f 1132/1170/1132 1142/1120/1142 1143/1118/1143 1133/1169/1133
f 1133/1169/1133 1143/1118/1143 1144/1115/1144 1134/1168/1134
f 1134/1168/1134 1144/1115/1144 1145/1112/1145 1135/1167/1135
f 1135/1167/1135 1145/1112/1145 1146/1110/1146 1136/1166/1136
f 1136/1166/1136 1146/1110/1146 1147/1107/1147 1137/1165/1137
f 1137/1165/1137 1147/1107/1147 1148/1104/1148 1138/1164/1138
f 1138/1164/1138 1148/1104/1148 1149/1102/1149 1139/1163/1139
f 1139/1163/1139 1149/1102/1149 1150/1100/1150 1140/1162/1140
f 1140/1162/1140 1503/1161/1503 1494/1202/1494 1130/1203/1130
f 1141/1125/1141 1151/1017/1151 1152/1012/1152 1142/1120/1142
f 1142/1120/1142 1152/1012/1152 1153/1010/1153 1143/1118/1143
f 1143/1118/1143 1153/1010/1153 1154/1007/1154 1144/1115/1144
f 1144/1115/1144 1154/1007/1154 1155/1004/1155 1145/1112/1145
f 1145/1112/1145 1155/1004/1155 1156/1002/1156 1146/1110/1146
f 1146/1110/1146 1156/1002/1156 1157/999/1157 1147/1107/1147
f 1147/1107/1147 1157/999/1157 1158/996/1158 1148/1104/1148
f 1148/1104/1148 1158/996/1158 1159/994/1159 1149/1102/1149
f 1149/1102/1149 1159/994/1159 1160/992/1160 1150/1100/1150
f 1150/1100/1150 1512/1099/1512 1503/1161/1503 1140/1162/1140
f 1151/1017/1151 1161/909/1161 1162/904/1162 1152/1012/1152
f 1152/1012/1152 1162/904/1162 1163/902/1163 1153/1010/1153
f 1153/1010/1153 1163/902/1163 1164/899/1164 1154/1007/1154
f 1154/1007/1154 1164/899/1164 1165/896/1165 1155/1004/1155
f 1155/1004/1155 1165/896/1165 1166/894/1166 1156/1002/1156
f 1156/1002/1156 1166/894/1166 1167/891/1167 1157/999/1157
f 1157/999/1157 1167/891/1167 1168/888/1168 1158/996/1158
f 1158/996/1158 1168/888/1168 1169/886/1169 1159/994/1159
f 1159/994/1159 1169/886/1169 1170/884/1170 1160/992/1160
f 1160/992/1160 1521/991/1521 1512/1099/1512 1150/1100/1150
f 1161/909/1161 1171/801/1171 1172/796/1172 1162/904/1162
f 1162/904/1162 1172/796/1172 1173/794/1173 1163/902/1163
f 1163/902/1163 1173/794/1173 1174/791/1174 1164/899/1164
f 1164/899/1164 1174/791/1174 1175/788/1175 1165/896/1165
f 1165/896/1165 1175/788/1175 1176/786/1176 1166/894/1166
f 1166/894/1166 1176/786/1176 1177/783/1177 1167/891/1167
f 1167/891/1167 1177/783/1177 1178/780/1178 1168/888/1168
f 1168/888/1168 1178/780/1178 1179/778/1179 1169/886/1169
f 1169/886/1169 1179/778/1179 1180/776/1180 1170/884/1170
f 1170/884/1170 1530/883/1530 1521/991/1521 1160/992/1160
f 1171/801/1171 1181/693/1181 1182/688/1182 1172/796/1172
f 1172/796/1172 1182/688/1182 1183/686/1183 1173/794/1173
f 1173/794/1173 1183/686/1183 1184/683/1184 1174/791/1174
f 1174/791/1174 1184/683/1184 1185/680/1185 1175/788/1175
f 1175/788/1175 1185/680/1185 1186/678/1186 1176/786/1176
f 1176/786/1176 1186/678/1186 1187/675/1187 1177/783/1177
f 1177/783/1177 1187/675/1187 1188/672/1188 1178/780/1178
f 1178/780/1178 1188/672/1188 1189/670/1189 1179/778/1179
f 1179/778/1179 1189/670/1189 1190/668/1190 1180/776/1180
f 1180/776/1180 1539/775/1539 1530/883/1530 1170/884/1170
f 1181/693/1181 1191/585/1191 1192/580/1192 1182/688/1182
f 1182/688/1182 1192/580/1192 1193/578/1193 1183/686/1183
f 1183/686/1183 1193/578/1193 1194/575/1194 1184/683/1184
f 1184/683/1184 1194/575/1194 1195/572/1195 1185/680/1185
f 1185/680/1185 1195/572/1195 1196/570/1196 1186/678/1186
f 1186/678/1186 1196/570/1196 1197/567/1197 1187/675/1187
f 1187/675/1187 1197/567/1197 1198/564/1198 1188/672/1188
f 1188/672/1188 1198/564/1198 1199/562/1199 1189/670/1189
f 1189/670/1189 1199/562/1199 1200/560/1200 1190/668/1190
f 1190/668/1190 1548/667/1548 1539/775/1539 1180/776/1180
f 1191/585/1191 1201/477/1201 1202/472/1202 1192/580/1192
f 1192/580/1192 1202/472/1202 1203/470/1203 1193/578/1193
f 1193/578/1193 1203/470/1203 1204/467/1204 1194/575/1194
f 1194/575/1194 1204/467/1204 1205/464/1205 1195/572/1195
f 1195/572/1195 1205/464/1205 1206/462/1206 1196/570/1196
f 1196/570/1196 1206/462/1206 1207/459/1207 1197/567/1197
f 1197/567/1197 1207/459/1207 1208/456/1208 1198/564/1198
f 1198/564/1198 1208/456/1208 1209/454/1209 1199/562/1199
f 1199/562/1199 1209/454/1209 1210/452/1210 1200/560/1200
f 1200/560/1200 1557/559/1557 1548/667/1548 1190/668/1190
f 1201/477/1201 1211/369/1211 1212/364/1212 1202/472/1202
f 1202/472/1202 1212/364/1212 1213/362/1213 1203/470/1203
f 1203/470/1203 1213/362/1213 1214/359/1214 1204/467/1204
f 1204/467/1204 1214/359/1214 1215/356/1215 1205/464/1205
f 1205/464/1205 1215/356/1215 1216/354/1216 1206/462/1206
f 1206/462/1206 1216/354/1216 1217/351/1217 1207/459/1207
f 1207/459/1207 1217/351/1217 1218/348/1218 1208/456/1208
f 1208/456/1208 1218/348/1218 1219/346/1219 1209/454/1209
f 1209/454/1209 1219/346/1219 1220/344/1220 1210/452/1210
f 1210/452/1210 1566/451/1566 1557/559/1557 1200/560/1200
f 1211/369/1211 1221/261/1221 1222/256/1222 1212/364/1212
f 1212/364/1212 1222/256/1222 1223/254/1223 1213/362/1213
f 1213/362/1213 1223/254/1223 1224/251/1224 1214/359/1214
f 1214/359/1214 1224/251/1224 1225/248/1225 1215/356/1215
f 1215/356/1215 1225/248/1225 1226/246/1226 1216/354/1216
f 1216/354/1216 1226/246/1226 1227/243/1227 1217/351/1217
f 1217/351/1217 1227/243/1227 1228/240/1228 1218/348/1218
f 1218/348/1218 1228/240/1228 1229/238/1229 1219/346/1219
f 1219/346/1219 1229/238/1229 1230/236/1230 1220/344/1220
f 1220/344/1220 1575/343/1575 1566/451/1566 1210/452/1210
f 1221/261/1221 1231/153/1231 1232/148/1232 1222/256/1222
f 1222/256/1222 1232/148/1232 1233/146/1233 1223/254/1223
f 1223/254/1223 1233/146/1233 1234/143/1234 1224/251/1224
f 1224/251/1224 1234/143/1234 1235/140/1235 1225/248/1225
f 1225/248/1225 1235/140/1235 1236/138/1236 1226/246/1226
f 1226/246/1226 1236/138/1236 1237/135/1237 1227/243/1227
f 1227/243/1227 1237/135/1237 1238/132/1238 1228/240/1228
f 1228/240/1228 1238/132/1238 1239/130/1239 1229/238/1229
f 1229/238/1229 1239/130/1239 1240/128/1240 1230/236/1230
f 1230/236/1230 1584/235/1584 1575/343/1575 1220/344/1220
f 1240/128/1240 1593/127/1593 1584/235/1584 1230/236/1230
f 1241/1489/1241 1243/1488/1243 1244/1528/1244 1242/1529/1242
f 1241/1489/1241 1260/1448/1260 1261/1447/1261 1243/1488/1243
f 1243/1488/1243 1245/1487/1245 1246/1527/1246 1244/1528/1244
f 1243/1488/1243 1261/1447/1261 1262/1446/1262 1245/1487/1245
f 1244/17/1244 1594/125/1594 1593/127/1593 1242/19/1242
f 1245/1487/1245 1247/1486/1247 1248/1526/1248 1246/1527/1246
f 1245/1487/1245 1262/1446/1262 1263/1445/1263 1247/1486/1247
f 1246/15/1246 1595/123/1595 1594/125/1594 1244/17/1244
f 1247/1486/1247 1249/1485/1249 1250/1525/1250 1248/1526/1248
f 1247/1486/1247 1263/1445/1263 1264/1444/1264 1249/1485/1249
f 1248/12/1248 1596/120/1596 1595/123/1595 1246/15/1246
f 1249/1485/1249 1251/1484/1251 1252/1524/1252 1250/1525/1250
f 1249/1485/1249 1264/1444/1264 1265/1443/1265 1251/1484/1251
f 1250/11/1250 1597/119/1597 1596/120/1596 1248/12/1248
f 1251/1484/1251 1253/1483/1253 1254/1523/1254 1252/1524/1252
f 1251/1484/1251 1265/1443/1265 1266/1442/1266 1253/1483/1253
f 1252/9/1252 1598/117/1598 1597/119/1597 1250/11/1250
f 1253/1483/1253 1255/1482/1255 1256/1522/1256 1254/1523/1254
f 1253/1483/1253 1266/1442/1266 1267/1441/1267 1255/1482/1255
f 1254/7/1254 1599/115/1599 1598/117/1598 1252/9/1252
f 1255/1482/1255 1257/1481/1257 1258/1521/1258 1256/1522/1256
f 1255/1482/1255 1267/1441/1267 1268/1440/1268 1257/1481/1257
f 1256/4/1256 1600/112/1600 1599/115/1599 1254/7/1254
f 1257/1481/1257 1259/1480/1259 1258/1521/1258
f 1257/1481/1257 1268/1440/1268 1259/1439/1259
f 1258/2/1258 1601/110/1601 1600/112/1600 1256/4/1256
f 1259/1/1259 1601/110/1601 1258/2/1258
f 1260/1448/1260 1269/1407/1269 1270/1406/1270 1261/1447/1261
f 1261/1447/1261 1270/1406/1270 1271/1405/1271 1262/1446/1262
f 1262/1446/1262 1271/1405/1271 1272/1404/1272 1263/1445/1263
f 1263/1445/1263 1272/1404/1272 1273/1403/1273 1264/1444/1264
f 1264/1444/1264 1273/1403/1273 1274/1402/1274 1265/1443/1265
f 1265/1443/1265 1274/1402/1274 1275/1401/1275 1266/1442/1266
f 1266/1442/1266 1275/1401/1275 1276/1400/1276 1267/1441/1267
f 1267/1441/1267 1276/1400/1276 1277/1399/1277 1268/1440/1268
f 1268/1440/1268 1277/1399/1277 1259/1398/1259
f 1269/1407/1269 1278/1366/1278 1279/1365/1279 1270/1406/1270
f 1270/1406/1270 1279/1365/1279 1280/1364/1280 1271/1405/1271
f 1271/1405/1271 1280/1364/1280 1281/1363/1281 1272/1404/1272
f 1272/1404/1272 1281/1363/1281 1282/1362/1282 1273/1403/1273
f 1273/1403/1273 1282/1362/1282 1283/1361/1283 1274/1402/1274
f 1274/1402/1274 1283/1361/1283 1284/1360/1284 1275/1401/1275
f 1275/1401/1275 1284/1360/1284 1285/1359/1285 1276/1400/1276
f 1276/1400/1276 1285/1359/1285 1286/1358/1286 1277/1399/1277
f 1277/1399/1277 1286/1358/1286 1259/1357/1259
f 1278/1366/1278 1287/1325/1287 1288/1324/1288 1279/1365/1279
f 1279/1365/1279 1288/1324/1288 1289/1323/1289 1280/1364/1280
f 1280/1364/1280 1289/1323/1289 1290/1322/1290 1281/1363/1281
f 1281/1363/1281 1290/1322/1290 1291/1321/1291 1282/1362/1282
f 1282/1362/1282 1291/1321/1291 1292/1320/1292 1283/1361/1283
f 1283/1361/1283 1292/1320/1292 1293/1319/1293 1284/1360/1284
f 1284/1360/1284 1293/1319/1293 1294/1318/1294 1285/1359/1285
f 1285/1359/1285 1294/1318/1294 1295/1317/1295 1286/1358/1286
f 1286/1358/1286 1295/1317/1295 1259/1316/1259
f 1287/1325/1287 1296/1284/1296 1297/1283/1297 1288/1324/1288
f 1288/1324/1288 1297/1283/1297 1298/1282/1298 1289/1323/1289
f 1289/1323/1289 1298/1282/1298 1299/1281/1299 1290/1322/1290
f 1290/1322/1290 1299/1281/1299 1300/1280/1300 1291/1321/1291
f 1291/1321/1291 1300/1280/1300 1301/1279/1301 1292/1320/1292
f 1292/1320/1292 1301/1279/1301 1302/1278/1302 1293/1319/1293
f 1293/1319/1293 1302/1278/1302 1303/1277/1303 1294/1318/1294
f 1294/1318/1294 1303/1277/1303 1304/1276/1304 1295/1317/1295
f 1295/1317/1295 1304/1276/1304 1259/1275/1259
f 1296/1284/1296 1305/1243/1305 1306/1242/1306 1297/1283/1297
f 1297/1283/1297 1306/1242/1306 1307/1241/1307 1298/1282/1298
f 1298/1282/1298 1307/1241/1307 1308/1240/1308 1299/1281/1299
f 1299/1281/1299 1308/1240/1308 1309/1239/1309 1300/1280/1300
f 1300/1280/1300 1309/1239/1309 1310/1238/1310 1301/1279/1301
f 1301/1279/1301 1310/1238/1310 1311/1237/1311 1302/1278/1302
f 1302/1278/1302 1311/1237/1311 1312/1236/1312 1303/1277/1303
f 1303/1277/1303 1312/1236/1312 1313/1235/1313 1304/1276/1304
f 1304/1276/1304 1313/1235/1313 1259/1234/1259
f 1305/1243/1305 1314/1202/1314 1315/1201/1315 1306/1242/1306
f 1306/1242/1306 1315/1201/1315 1316/1200/1316 1307/1241/1307
f 1307/1241/1307 1316/1200/1316 1317/1199/1317 1308/1240/1308
f 1308/1240/1308 1317/1199/1317 1318/1198/1318 1309/1239/1309
f 1309/1239/1309 1318/1198/1318 1319/1197/1319 1310/1238/1310
f 1310/1238/1310 1319/1197/1319 1320/1196/1320 1311/1237/1311
f 1311/1237/1311 1320/1196/1320 1321/1195/1321 1312/1236/1312
f 1312/1236/1312 1321/1195/1321 1322/1194/1322 1313/1235/1313
f 1313/1235/1313 1322/1194/1322 1259/1193/1259
f 1314/1202/1314 1323/1161/1323 1324/1160/1324 1315/1201/1315
f 1315/1201/1315 1324/1160/1324 1325/1159/1325 1316/1200/1316
f 1316/1200/1316 1325/1159/1325 1326/1158/1326 1317/1199/1317
f 1317/1199/1317 1326/1158/1326 1327/1157/1327 1318/1198/1318
f 1318/1198/1318 1327/1157/1327 1328/1156/1328 1319/1197/1319
f 1319/1197/1319 1328/1156/1328 1329/1155/1329 1320/1196/1320
f 1320/1196/1320 1329/1155/1329 1330/1154/1330 1321/1195/1321
f 1321/1195/1321 1330/1154/1330 1331/1153/1331 1322/1194/1322
f 1322/1194/1322 1331/1153/1331 1259/1152/1259
f 1323/1161/1323 1332/1099/1332 1333/1097/1333 1324/1160/1324
f 1324/1160/1324 1333/1097/1333 1334/1095/1334 1325/1159/1325
f 1325/1159/1325 1334/1095/1334 1335/1092/1335 1326/1158/1326
f 1326/1158/1326 1335/1092/1335 1336/1091/1336 1327/1157/1327
f 1327/1157/1327 1336/1091/1336 1337/1089/1337 1328/1156/1328
f 1328/1156/1328 1337/1089/1337 1338/1087/1338 1329/1155/1329
f 1329/1155/1329 1338/1087/1338 1339/1084/1339 1330/1154/1330
f 1330/1154/1330 1339/1084/1339 1340/1082/1340 1331/1153/1331
f 1331/1153/1331 1340/1082/1340 1259/1081/1259
f 1332/1099/1332 1341/991/1341 1342/989/1342 1333/1097/1333
f 1333/1097/1333 1342/989/1342 1343/987/1343 1334/1095/1334
f 1334/1095/1334 1343/987/1343 1344/984/1344 1335/1092/1335
f 1335/1092/1335 1344/984/1344 1345/983/1345 1336/1091/1336
f 1336/1091/1336 1345/983/1345 1346/981/1346 1337/1089/1337
f 1337/1089/1337 1346/981/1346 1347/979/1347 1338/1087/1338
f 1338/1087/1338 1347/979/1347 1348/976/1348 1339/1084/1339
f 1339/1084/1339 1348/976/1348 1349/974/1349 1340/1082/1340
f 1340/1082/1340 1349/974/1349 1259/973/1259
f 1341/991/1341 1350/883/1350 1351/881/1351 1342/989/1342
f 1342/989/1342 1351/881/1351 1352/879/1352 1343/987/1343
f 1343/987/1343 1352/879/1352 1353/876/1353 1344/984/1344
f 1344/984/1344 1353/876/1353 1354/875/1354 1345/983/1345
f 1345/983/1345 1354/875/1354 1355/873/1355 1346/981/1346
f 1346/981/1346 1355/873/1355 1356/871/1356 1347/979/1347
f 1347/979/1347 1356/871/1356 1357/868/1357 1348/976/1348
f 1348/976/1348 1357/868/1357 1358/866/1358 1349/974/1349
f 1349/974/1349 1358/866/1358 1259/865/1259
f 1350/883/1350 1359/775/1359 1360/773/1360 1351/881/1351
f 1351/881/1351 1360/773/1360 1361/771/1361 1352/879/1352
f 1352/879/1352 1361/771/1361 1362/768/1362 1353/876/1353
f 1353/876/1353 1362/768/1362 1363/767/1363 1354/875/1354
f 1354/875/1354 1363/767/1363 1364/765/1364 1355/873/1355
f 1355/873/1355 1364/765/1364 1365/763/1365 1356/871/1356
f 1356/871/1356 1365/763/1365 1366/760/1366 1357/868/1357
f 1357/868/1357 1366/760/1366 1367/758/1367 1358/866/1358
f 1358/866/1358 1367/758/1367 1259/757/1259
f 1359/775/1359 1368/667/1368 1369/665/1369 1360/773/1360
f 1360/773/1360 1369/665/1369 1370/663/1370 1361/771/1361
f 1361/771/1361 1370/663/1370 1371/660/1371 1362/768/1362
f 1362/768/1362 1371/660/1371 1372/659/1372 1363/767/1363
f 1363/767/1363 1372/659/1372 1373/657/1373 1364/765/1364
f 1364/765/1364 1373/657/1373 1374/655/1374 1365/763/1365
f 1365/763/1365 1374/655/1374 1375/652/1375 1366/760/1366
f 1366/760/1366 1375/652/1375 1376/650/1376 1367/758/1367
f 1367/758/1367 1376/650/1376 1259/649/1259
f 1368/667/1368 1377/559/1377 1378/557/1378 1369/665/1369
f 1369/665/1369 1378/557/1378 1379/555/1379 1370/663/1370
f 1370/663/1370 1379/555/1379 1380/552/1380 1371/660/1371
f 1371/660/1371 1380/552/1380 1381/551/1381 1372/659/1372
f 1372/659/1372 1381/551/1381 1382/549/1382 1373/657/1373
f 1373/657/1373 1382/549/1382 1383/547/1383 1374/655/1374
f 1374/655/1374 1383/547/1383 1384/544/1384 1375/652/1375
f 1375/652/1375 1384/544/1384 1385/542/1385 1376/650/1376
f 1376/650/1376 1385/542/1385 1259/541/1259
f 1377/559/1377 1386/451/1386 1387/449/1387 1378/557/1378
f 1378/557/1378 1387/449/1387 1388/447/1388 1379/555/1379
f 1379/555/1379 1388/447/1388 1389/444/1389 1380/552/1380
f 1380/552/1380 1389/444/1389 1390/443/1390 1381/551/1381
f 1381/551/1381 1390/443/1390 1391/441/1391 1382/549/1382
f 1382/549/1382 1391/441/1391 1392/439/1392 1383/547/1383
f 1383/547/1383 1392/439/1392 1393/436/1393 1384/544/1384
f 1384/544/1384 1393/436/1393 1394/434/1394 1385/542/1385
f 1385/542/1385 1394/434/1394 1259/433/1259
f 1386/451/1386 1395/343/1395 1396/341/1396 1387/449/1387
f 1387/449/1387 1396/341/1396 1397/339/1397 1388/447/1388
f 1388/447/1388 1397/339/1397 1398/336/1398 1389/444/1389
f 1389/444/1389 1398/336/1398 1399/335/1399 1390/443/1390
f 1390/443/1390 1399/335/1399 1400/333/1400 1391/441/1391
f 1391/441/1391 1400/333/1400 1401/331/1401 1392/439/1392
f 1392/439/1392 1401/331/1401 1402/328/1402 1393/436/1393
f 1393/436/1393 1402/328/1402 1403/326/1403 1394/434/1394
f 1394/434/1394 1403/326/1403 1259/325/1259
f 1395/343/1395 1404/235/1404 1405/233/1405 1396/341/1396
f 1396/341/1396 1405/233/1405 1406/231/1406 1397/339/1397
f 1397/339/1397 1406/231/1406 1407/228/1407 1398/336/1398
f 1398/336/1398 1407/228/1407 1408/227/1408 1399/335/1399
f 1399/335/1399 1408/227/1408 1409/225/1409 1400/333/1400
f 1400/333/1400 1409/225/1409 1410/223/1410 1401/331/1401
f 1401/331/1401 1410/223/1410 1411/220/1411 1402/328/1402
f 1402/328/1402 1411/220/1411 1412/218/1412 1403/326/1403
f 1403/326/1403 1412/218/1412 1259/217/1259
f 1404/235/1404 1413/127/1413 1414/125/1414 1405/233/1405
f 1405/233/1405 1414/125/1414 1415/123/1415 1406/231/1406
f 1406/231/1406 1415/123/1415 1416/120/1416 1407/228/1407
f 1407/228/1407 1416/120/1416 1417/119/1417 1408/227/1408
f 1408/227/1408 1417/119/1417 1418/117/1418 1409/225/1409
f 1409/225/1409 1418/117/1418 1419/115/1419 1410/223/1410
f 1410/223/1410 1419/115/1419 1420/112/1420 1411/220/1411
f 1411/220/1411 1420/112/1420 1421/110/1421 1412/218/1412
f 1412/218/1412 1421/110/1421 1259/109/1259
f 1413/127/1413 1422/19/1422 1423/17/1423 1414/125/1414
f 1414/125/1414 1423/17/1423 1424/15/1424 1415/123/1415
f 1415/123/1415 1424/15/1424 1425/12/1425 1416/120/1416
f 1416/120/1416 1425/12/1425 1426/11/1426 1417/119/1417
f 1417/119/1417 1426/11/1426 1427/9/1427 1418/117/1418
f 1418/117/1418 1427/9/1427 1428/7/1428 1419/115/1419
f 1419/115/1419 1428/7/1428 1429/4/1429 1420/112/1420
f 1420/112/1420 1429/4/1429 1430/2/1430 1421/110/1421
f 1421/110/1421 1430/2/1430 1259/1/1259
f 1422/1529/1422 1431/1489/1431 1432/1488/1432 1423/1528/1423
f 1423/1528/1423 1432/1488/1432 1433/1487/1433 1424/1527/1424
f 1424/1527/1424 1433/1487/1433 1434/1486/1434 1425/1526/1425
f 1425/1526/1425 1434/1486/1434 1435/1485/1435 1426/1525/1426
f 1426/1525/1426 1435/1485/1435 1436/1484/1436 1427/1524/1427
f 1427/1524/1427 1436/1484/1436 1437/1483/1437 1428/1523/1428
f 1428/1523/1428 1437/1483/1437 1438/1482/1438 1429/1522/1429
f 1429/1522/1429 1438/1482/1438 1439/1481/1439 1430/1521/1430
f 1430/1521/1430 1439/1481/1439 1259/1480/1259
f 1431/1489/1431 1440/1448/1440 1441/1447/1441 1432/1488/1432
f 1432/1488/1432 1441/1447/1441 1442/1446/1442 1433/1487/1433
f 1433/1487/1433 1442/1446/1442 1443/1445/1443 1434/1486/1434
f 1434/1486/1434 1443/1445/1443 1444/1444/1444 1435/1485/1435
f 1435/1485/1435 1444/1444/1444 1445/1443/1445 1436/1484/1436
f 1436/1484/1436 1445/1443/1445 1446/1442/1446 1437/1483/1437
f 1437/1483/1437 1446/1442/1446 1447/1441/1447 1438/1482/1438
f 1438/1482/1438 1447/1441/1447 1448/1440/1448 1439/1481/1439
f 1439/1481/1439 1448/1440/1448 1259/1439/1259
f 1440/1448/1440 1449/1407/1449 1450/1406/1450 1441/1447/1441
f 1441/1447/1441 1450/1406/1450 1451/1405/1451 1442/1446/1442
f 1442/1446/1442 1451/1405/1451 1452/1404/1452 1443/1445/1443
f 1443/1445/1443 1452/1404/1452 1453/1403/1453 1444/1444/1444
f 1444/1444/1444 1453/1403/1453 1454/1402/1454 1445/1443/1445
f 1445/1443/1445 1454/1402/1454 1455/1401/1455 1446/1442/1446
f 1446/1442/1446 1455/1401/1455 1456/1400/1456 1447/1441/1447
f 1447/1441/1447 1456/1400/1456 1457/1399/1457 1448/1440/1448
f 1448/1440/1448 1457/1399/1457 1259/1398/1259
f 1449/1407/1449 1458/1366/1458 1459/1365/1459 1450/1406/1450
f 1450/1406/1450 1459/1365/1459 1460/1364/1460 1451/1405/1451
f 1451/1405/1451 1460/1364/1460 1461/1363/1461 1452/1404/1452
f 1452/1404/1452 1461/1363/1461 1462/1362/1462 1453/1403/1453
f 1453/1403/1453 1462/1362/1462 1463/1361/1463 1454/1402/1454
f 1454/1402/1454 1463/1361/1463 1464/1360/1464 1455/1401/1455
f 1455/1401/1455 1464/1360/1464 1465/1359/1465 1456/1400/1456
f 1456/1400/1456 1465/1359/1465 1466/1358/1466 1457/1399/1457
f 1457/1399/1457 1466/1358/1466 1259/1357/1259
f 1458/1366/1458 1467/1325/1467 1468/1324/1468 1459/1365/1459
f 1459/1365/1459 1468/1324/1468 1469/1323/1469 1460/1364/1460
f 1460/1364/1460 1469/1323/1469 1470/1322/1470 1461/1363/1461
f 1461/1363/1461 1470/1322/1470 1471/1321/1471 1462/1362/1462
f 1462/1362/1462 1471/1321/1471 1472/1320/1472 1463/1361/1463
f 1463/1361/1463 1472/1320/1472 1473/1319/1473 1464/1360/1464
f 1464/1360/1464 1473/1319/1473 1474/1318/1474 1465/1359/1465
f 1465/1359/1465 1474/1318/1474 1475/1317/1475 1466/1358/1466
f 1466/1358/1466 1475/1317/1475 1259/1316/1259
f 1467/1325/1467 1476/1284/1476 1477/1283/1477 1468/1324/1468
f 1468/1324/1468 1477/1283/1477 1478/1282/1478 1469/1323/1469
f 1469/1323/1469 1478/1282/1478 1479/1281/1479 1470/1322/1470
f 1470/1322/1470 1479/1281/1479 1480/1280/1480 1471/1321/1471
f 1471/1321/1471 1480/1280/1480 1481/1279/1481 1472/1320/1472
f 1472/1320/1472 1481/1279/1481 1482/1278/1482 1473/1319/1473
f 1473/1319/1473 1482/1278/1482 1483/1277/1483 1474/1318/1474
f 1474/1318/1474 1483/1277/1483 1484/1276/1484 1475/1317/1475
f 1475/1317/1475 1484/1276/1484 1259/1275/1259
f 1476/1284/1476 1485/1243/1485 1486/1242/1486 1477/1283/1477
f 1477/1283/1477 1486/1242/1486 1487/1241/1487 1478/1282/1478
f 1478/1282/1478 1487/1241/1487 1488/1240/1488 1479/1281/1479
f 1479/1281/1479 1488/1240/1488 1489/1239/1489 1480/1280/1480
f 1480/1280/1480 1489/1239/1489 1490/1238/1490 1481/1279/1481
f 1481/1279/1481 1490/1238/1490 1491/1237/1491 1482/1278/1482
f 1482/1278/1482 1491/1237/1491 1492/1236/1492 1483/1277/1483
f 1483/1277/1483 1492/1236/1492 1493/1235/1493 1484/1276/1484
f 1484/1276/1484 1493/1235/1493 1259/1234/1259
f 1485/1243/1485 1494/1202/1494 1495/1201/1495 1486/1242/1486
f 1486/1242/1486 1495/1201/1495 1496/1200/1496 1487/1241/1487
f 1487/1241/1487 1496/1200/1496 1497/1199/1497 1488/1240/1488
f 1488/1240/1488 1497/1199/1497 1498/1198/1498 1489/1239/1489
f 1489/1239/1489 1498/1198/1498 1499/1197/1499 1490/1238/1490
f 1490/1238/1490 1499/1197/1499 1500/1196/1500 1491/1237/1491
f 1491/1237/1491 1500/1196/1500 1501/1195/1501 1492/1236/1492
f 1492/1236/1492 1501/1195/1501 1502/1194/1502 1493/1235/1493
f 1493/1235/1493 1502/1194/1502 1259/1193/1259
f 1494/1202/1494 1503/1161/1503 1504/1160/1504 1495/1201/1495
f 1495/1201/1495 1504/1160/1504 1505/1159/1505 1496/1200/1496
f 1496/1200/1496 1505/1159/1505 1506/1158/1506 1497/1199/1497
f 1497/1199/1497 1506/1158/1506 1507/1157/1507 1498/1198/1498
f 1498/1198/1498 1507/1157/1507 1508/1156/1508 1499/1197/1499
f 1499/1197/1499 1508/1156/1508 1509/1155/1509 1500/1196/1500
f 1500/1196/1500 1509/1155/1509 1510/1154/1510 1501/1195/1501
f 1501/1195/1501 1510/1154/1510 1511/1153/1511 1502/1194/1502
f 1502/1194/1502 1511/1153/1511 1259/1152/1259
f 1503/1161/1503 1512/1099/1512 1513/1097/1513 1504/1160/1504
f 1504/1160/1504 1513/1097/1513 1514/1095/1514 1505/1159/1505
f 1505/1159/1505 1514/1095/1514 1515/1092/1515 1506/1158/1506
f 1506/1158/1506 1515/1092/1515 1516/1091/1516 1507/1157/1507
f 1507/1157/1507 1516/1091/1516 1517/1089/1517 1508/1156/1508
f 1508/1156/1508 1517/1089/1517 1518/1087/1518 1509/1155/1509
f 1509/1155/1509 1518/1087/1518 1519/1084/1519 1510/1154/1510
f 1510/1154/1510 1519/1084/1519 1520/1082/1520 1511/1153/1511
f 1511/1153/1511 1520/1082/1520 1259/1081/1259
f 1512/1099/1512 1521/991/1521 1522/989/1522 1513/1097/1513
f 1513/1097/1513 1522/989/1522 1523/987/1523 1514/1095/1514
f 1514/1095/1514 1523/987/1523 1524/984/1524 1515/1092/1515
f 1515/1092/1515 1524/984/1524 1525/983/1525 1516/1091/1516
f 1516/1091/1516 1525/983/1525 1526/981/1526 1517/1089/1517
f 1517/1089/1517 1526/981/1526 1527/979/1527 1518/1087/1518
f 1518/1087/1518 1527/979/1527 1528/976/1528 1519/1084/1519
f 1519/1084/1519 1528/976/1528 1529/974/1529 1520/1082/1520
f 1520/1082/1520 1529/974/1529 1259/973/1259
f 1521/991/1521 1530/883/1530 1531/881/1531 1522/989/1522
f 1522/989/1522 1531/881/1531 1532/879/1532 1523/987/1523
f 1523/987/1523 1532/879/1532 1533/876/1533 1524/984/1524
f 1524/984/1524 1533/876/1533 1534/875/1534 1525/983/1525
f 1525/983/1525 1534/875/1534 1535/873/1535 1526/981/1526
f 1526/981/1526 1535/873/1535 1536/871/1536 1527/979/1527
f 1527/979/1527 1536/871/1536 1537/868/1537 1528/976/1528
f 1528/976/1528 1537/868/1537 1538/866/1538 1529/974/1529
f 1529/974/1529 1538/866/1538 1259/865/1259
f 1530/883/1530 1539/775/1539 1540/773/1540 1531/881/1531
f 1531/881/1531 1540/773/1540 1541/771/1541 1532/879/1532
f 1532/879/1532 1541/771/1541 1542/768/1542 1533/876/1533
f 1533/876/1533 1542/768/1542 1543/767/1543 1534/875/1534
f 1534/875/1534 1543/767/1543 1544/765/1544 1535/873/1535
f 1535/873/1535 1544/765/1544 1545/763/1545 1536/871/1536
f 1536/871/1536 1545/763/1545 1546/760/1546 1537/868/1537
f 1537/868/1537 1546/760/1546 1547/758/1547 1538/866/1538
f 1538/866/1538 1547/758/1547 1259/757/1259
f 1539/775/1539 1548/667/1548 1549/665/1549 1540/773/1540
f 1540/773/1540 1549/665/1549 1550/663/1550 1541/771/1541
f 1541/771/1541 1550/663/1550 1551/660/1551 1542/768/1542
f 1542/768/1542 1551/660/1551 1552/659/1552 1543/767/1543
f 1543/767/1543 1552/659/1552 1553/657/1553 1544/765/1544
f 1544/765/1544 1553/657/1553 1554/655/1554 1545/763/1545
f 1545/763/1545 1554/655/1554 1555/652/1555 1546/760/1546
f 1546/760/1546 1555/652/1555 1556/650/1556 1547/758/1547
f 1547/758/1547 1556/650/1556 1259/649/1259
f 1548/667/1548 1557/559/1557 1558/557/1558 1549/665/1549
f 1549/665/1549 1558/557/1558 1559/555/1559 1550/663/1550
f 1550/663/1550 1559/555/1559 1560/552/1560 1551/660/1551
f 1551/660/1551 1560/552/1560 1561/551/1561 1552/659/1552
f 1552/659/1552 1561/551/1561 1562/549/1562 1553/657/1553
f 1553/657/1553 1562/549/1562 1563/547/1563 1554/655/1554
f 1554/655/1554 1563/547/1563 1564/544/1564 1555/652/1555
f 1555/652/1555 1564/544/1564 1565/542/1565 1556/650/1556
f 1556/650/1556 1565/542/1565 1259/541/1259
f 1557/559/1557 1566/451/1566 1567/449/1567 1558/557/1558
f 1558/557/1558 1567/449/1567 1568/447/1568 1559/555/1559
f 1559/555/1559 1568/447/1568 1569/444/1569 1560/552/1560
f 1560/552/1560 1569/444/1569 1570/443/1570 1561/551/1561
f 1561/551/1561 1570/443/1570 1571/441/1571 1562/549/1562
f 1562/549/1562 1571/441/1571 1572/439/1572 1563/547/1563
f 1563/547/1563 1572/439/1572 1573/436/1573 1564/544/1564
f 1564/544/1564 1573/436/1573 1574/434/1574 1565/542/1565
f 1565/542/1565 1574/434/1574 1259/433/1259
f 1566/451/1566 1575/343/1575 1576/341/1576 1567/449/1567
f 1567/449/1567 1576/341/1576 1577/339/1577 1568/447/1568
f 1568/447/1568 1577/339/1577 1578/336/1578 1569/444/1569
f 1569/444/1569 1578/336/1578 1579/335/1579 1570/443/1570
f 1570/443/1570 1579/335/1579 1580/333/1580 1571/441/1571
f 1571/441/1571 1580/333/1580 1581/331/1581 1572/439/1572
f 1572/439/1572 1581/331/1581 1582/328/1582 1573/436/1573
f 1573/436/1573 1582/328/1582 1583/326/1583 1574/434/1574
f 1574/434/1574 1583/326/1583 1259/325/1259
f 1575/343/1575 1584/235/1584 1585/233/1585 1576/341/1576
f 1576/341/1576 1585/233/1585 1586/231/1586 1577/339/1577
f 1577/339/1577 1586/231/1586 1587/228/1587 1578/336/1578
f 1578/336/1578 1587/228/1587 1588/227/1588 1579/335/1579
f 1579/335/1579 1588/227/1588 1589/225/1589 1580/333/1580
f 1580/333/1580 1589/225/1589 1590/223/1590 1581/331/1581
f 1581/331/1581 1590/223/1590 1591/220/1591 1582/328/1582
f 1582/328/1582 1591/220/1591 1592/218/1592 1583/326/1583
f 1583/326/1583 1592/218/1592 1259/217/1259
f 1584/235/1584 1593/127/1593 1594/125/1594 1585/233/1585
f 1585/233/1585 1594/125/1594 1595/123/1595 1586/231/1586
f 1586/231/1586 1595/123/1595 1596/120/1596 1587/228/1587
f 1587/228/1587 1596/120/1596 1597/119/1597 1588/227/1588
f 1588/227/1588 1597/119/1597 1598/117/1598 1589/225/1589
f 1589/225/1589 1598/117/1598 1599/115/1599 1590/223/1590
f 1590/223/1590 1599/115/1599 1600/112/1600 1591/220/1591
f 1591/220/1591 1600/112/1600 1601/110/1601 1592/218/1592
f 1592/218/1592 1601/110/1601 1259/109/1259
f 1603/1080/1603 1604/1075/1604 1605/1126/1605 1602/1131/1602
f 1603/1080/1603 1624/1023/1624 1625/1018/1625 1604/1075/1604
f 1604/1075/1604 1606/1070/1606 1607/1121/1607 1605/1126/1605
f 1604/1075/1604 1625/1018/1625 1626/1013/1626 1606/1070/1606
f 1605/46/1605 1812/103/1812 1811/108/1811 1602/51/1602
f 1606/1070/1606 1608/1069/1608 1609/1119/1609 1607/1121/1607
f 1606/1070/1606 1626/1013/1626 1627/1011/1627 1608/1069/1608
f 1607/41/1607 1813/98/1813 1812/103/1812 1605/46/1605
f 1608/1069/1608 1610/1067/1610 1611/1116/1611 1609/1119/1609
f 1608/1069/1608 1627/1011/1627 1628/1008/1628 1610/1067/1610
f 1609/39/1609 1814/97/1814 1813/98/1813 1607/41/1607
f 1610/1067/1610 1612/1066/1612 1613/1114/1613 1611/1116/1611
f 1610/1067/1610 1628/1008/1628 1629/1006/1629 1612/1066/1612
f 1611/36/1611 1815/95/1815 1814/97/1814 1609/39/1609
f 1612/1066/1612 1614/1064/1614 1615/1112/1615 1613/1114/1613
f 1612/1066/1612 1629/1006/1629 1630/1004/1630 1614/1064/1614
f 1613/34/1613 1816/94/1816 1815/95/1815 1611/36/1611
f 1614/1064/1614 1616/1063/1616 1617/1111/1617 1615/1112/1615
f 1614/1064/1614 1630/1004/1630 1631/1003/1631 1616/1063/1616
f 1615/32/1615 1817/92/1817 1816/94/1816 1613/34/1613
f 1616/1063/1616 1618/1061/1618 1619/1108/1619 1617/1111/1617
f 1616/1063/1616 1631/1003/1631 1632/1000/1632 1618/1061/1618
f 1617/31/1617 1818/91/1818 1817/92/1817 1615/32/1615
f 1618/1061/1618 1620/1060/1620 1621/1106/1621 1619/1108/1619
f 1618/1061/1618 1632/1000/1632 1633/998/1633 1620/1060/1620
f 1619/28/1619 1819/89/1819 1818/91/1818 1617/31/1617
f 1620/1060/1620 1622/1058/1622 1623/1103/1623 1621/1106/1621
f 1620/1060/1620 1633/998/1633 1634/995/1634 1622/1058/1622
f 1621/26/1621 1820/88/1820 1819/89/1819 1619/28/1619
f 1622/1058/1622 1822/1057/1822 1823/1101/1823 1623/1103/1623
f 1623/23/1623 1821/86/1821 1820/88/1820 1621/26/1621
f 1623/23/1623 1823/21/1823 2011/85/2011 1821/86/1821
f 1624/1023/1624 1635/972/1635 1636/967/1636 1625/1018/1625
f 1625/1018/1625 1636/967/1636 1637/962/1637 1626/1013/1626
f 1626/1013/1626 1637/962/1637 1638/961/1638 1627/1011/1627
f 1627/1011/1627 1638/961/1638 1639/959/1639 1628/1008/1628
f 1628/1008/1628 1639/959/1639 1640/958/1640 1629/1006/1629
f 1629/1006/1629 1640/958/1640 1641/956/1641 1630/1004/1630
f 1630/1004/1630 1641/956/1641 1642/955/1642 1631/1003/1631
f 1631/1003/1631 1642/955/1642 1643/953/1643 1632/1000/1632
f 1632/1000/1632 1643/953/1643 1644/952/1644 1633/998/1633
f 1633/998/1633 1644/952/1644 1645/950/1645 1634/995/1634
f 1634/995/1634 1841/993/1841 1822/1057/1822 1622/1058/1622
f 1635/972/1635 1646/915/1646 1647/910/1647 1636/967/1636
f 1636/967/1636 1647/910/1647 1648/905/1648 1637/962/1637
f 1637/962/1637 1648/905/1648 1649/903/1649 1638/961/1638
f 1638/961/1638 1649/903/1649 1650/900/1650 1639/959/1639
f 1639/959/1639 1650/900/1650 1651/898/1651 1640/958/1640
f 1640/958/1640 1651/898/1651 1652/896/1652 1641/956/1641
f 1641/956/1641 1652/896/1652 1653/895/1653 1642/955/1642
f 1642/955/1642 1653/895/1653 1654/892/1654 1643/953/1643
f 1643/953/1643 1654/892/1654 1655/890/1655 1644/952/1644
f 1644/952/1644 1655/890/1655 1656/887/1656 1645/950/1645
f 1645/950/1645 1851/949/1851 1841/993/1841 1634/995/1634
f 1646/915/1646 1657/864/1657 1658/859/1658 1647/910/1647
f 1647/910/1647 1658/859/1658 1659/854/1659 1648/905/1648
f 1648/905/1648 1659/854/1659 1660/853/1660 1649/903/1649
f 1649/903/1649 1660/853/1660 1661/851/1661 1650/900/1650
f 1650/900/1650 1661/851/1661 1662/850/1662 1651/898/1651
f 1651/898/1651 1662/850/1662 1663/848/1663 1652/896/1652
f 1652/896/1652 1663/848/1663 1664/847/1664 1653/895/1653
f 1653/895/1653 1664/847/1664 1665/845/1665 1654/892/1654
f 1654/892/1654 1665/845/1665 1666/844/1666 1655/890/1655
f 1655/890/1655 1666/844/1666 1667/842/1667 1656/887/1656
f 1656/887/1656 1861/885/1861 1851/949/1851 1645/950/1645
f 1657/864/1657 1668/807/1668 1669/802/1669 1658/859/1658
f 1658/859/1658 1669/802/1669 1670/797/1670 1659/854/1659
f 1659/854/1659 1670/797/1670 1671/795/1671 1660/853/1660
f 1660/853/1660 1671/795/1671 1672/792/1672 1661/851/1661
f 1661/851/1661 1672/792/1672 1673/790/1673 1662/850/1662
f 1662/850/1662 1673/790/1673 1674/788/1674 1663/848/1663
f 1663/848/1663 1674/788/1674 1675/787/1675 1664/847/1664
f 1664/847/1664 1675/787/1675 1676/784/1676 1665/845/1665
f 1665/845/1665 1676/784/1676 1677/782/1677 1666/844/1666
f 1666/844/1666 1677/782/1677 1678/779/1678 1667/842/1667
f 1667/842/1667 1871/841/1871 1861/885/1861 1656/887/1656
f 1668/807/1668 1679/756/1679 1680/751/1680 1669/802/1669
f 1669/802/1669 1680/751/1680 1681/746/1681 1670/797/1670
f 1670/797/1670 1681/746/1681 1682/745/1682 1671/795/1671
f 1671/795/1671 1682/745/1682 1683/743/1683 1672/792/1672
f 1672/792/1672 1683/743/1683 1684/742/1684 1673/790/1673
f 1673/790/1673 1684/742/1684 1685/740/1685 1674/788/1674
f 1674/788/1674 1685/740/1685 1686/739/1686 1675/787/1675
f 1675/787/1675 1686/739/1686 1687/737/1687 1676/784/1676
f 1676/784/1676 1687/737/1687 1688/736/1688 1677/782/1677
f 1677/782/1677 1688/736/1688 1689/734/1689 1678/779/1678
f 1678/779/1678 1881/777/1881 1871/841/1871 1667/842/1667
f 1679/756/1679 1690/699/1690 1691/694/1691 1680/751/1680
f 1680/751/1680 1691/694/1691 1692/689/1692 1681/746/1681
f 1681/746/1681 1692/689/1692 1693/687/1693 1682/745/1682
f 1682/745/1682 1693/687/1693 1694/684/1694 1683/743/1683
f 1683/743/1683 1694/684/1694 1695/682/1695 1684/742/1684
f 1684/742/1684 1695/682/1695 1696/680/1696 1685/740/1685
f 1685/740/1685 1696/680/1696 1697/679/1697 1686/739/1686
f 1686/739/1686 1697/679/1697 1698/676/1698 1687/737/1687
f 1687/737/1687 1698/676/1698 1699/674/1699 1688/736/1688
f 1688/736/1688 1699/674/1699 1700/671/1700 1689/734/1689
f 1689/734/1689 1891/733/1891 1881/777/1881 1678/779/1678
f 1690/699/1690 1701/648/1701 1702/643/1702 1691/694/1691
f 1691/694/1691 1702/643/1702 1703/638/1703 1692/689/1692
f 1692/689/1692 1703/638/1703 1704/637/1704 1693/687/1693
f 1693/687/1693 1704/637/1704 1705/635/1705 1694/684/1694
f 1694/684/1694 1705/635/1705 1706/634/1706 1695/682/1695
f 1695/682/1695 1706/634/1706 1707/632/1707 1696/680/1696
f 1696/680/1696 1707/632/1707 1708/631/1708 1697/679/1697
f 1697/679/1697 1708/631/1708 1709/629/1709 1698/676/1698
f 1698/676/1698 1709/629/1709 1710/628/1710 1699/674/1699
f 1699/674/1699 1710/628/1710 1711/626/1711 1700/671/1700
f 1700/671/1700 1901/669/1901 1891/733/1891 1689/734/1689
f 1701/648/1701 1712/591/1712 1713/586/1713 1702/643/1702
f 1702/643/1702 1713/586/1713 1714/581/1714 1703/638/1703
f 1703/638/1703 1714/581/1714 1715/579/1715 1704/637/1704
f 1704/637/1704 1715/579/1715 1716/576/1716 1705/635/1705
f 1705/635/1705 1716/576/1716 1717/574/1717 1706/634/1706
f 1706/634/1706 1717/574/1717 1718/572/1718 1707/632/1707
f 1707/632/1707 1718/572/1718 1719/571/1719 1708/631/1708
f 1708/631/1708 1719/571/1719 1720/568/1720 1709/629/1709
f 1709/629/1709 1720/568/1720 1721/566/1721 1710/628/1710
f 1710/628/1710 1721/566/1721 1722/563/1722 1711/626/1711
f 1711/626/1711 1911/625/1911 1901/669/1901 1700/671/1700
f 1712/591/1712 1723/540/1723 1724/535/1724 1713/586/1713
f 1713/586/1713 1724/535/1724 1725/530/1725 1714/581/1714
f 1714/581/1714 1725/530/1725 1726/529/1726 1715/579/1715
f 1715/579/1715 1726/529/1726 1727/527/1727 1716/576/1716
f 1716/576/1716 1727/527/1727 1728/526/1728 1717/574/1717
f 1717/574/1717 1728/526/1728 1729/524/1729 1718/572/1718
f 1718/572/1718 1729/524/1729 1730/523/1730 1719/571/1719
f 1719/571/1719 1730/523/1730 1731/521/1731 1720/568/1720
f 1720/568/1720 1731/521/1731 1732/520/1732 1721/566/1721
f 1721/566/1721 1732/520/1732 1733/518/1733 1722/563/1722
f 1722/563/1722 1921/561/1921 1911/625/1911 1711/626/1711
f 1723/540/1723 1734/483/1734 1735/478/1735 1724/535/1724
f 1724/535/1724 1735/478/1735 1736/473/1736 1725/530/1725
f 1725/530/1725 1736/473/1736 1737/471/1737 1726/529/1726
f 1726/529/1726 1737/471/1737 1738/468/1738 1727/527/1727
f 1727/527/1727 1738/468/1738 1739/466/1739 1728/526/1728
f 1728/526/1728 1739/466/1739 1740/464/1740 1729/524/1729
f 1729/524/1729 1740/464/1740 1741/463/1741 1730/523/1730
f 1730/523/1730 1741/463/1741 1742/460/1742 1731/521/1731
f 1731/521/1731 1742/460/1742 1743/458/1743 1732/520/1732
f 1732/520/1732 1743/458/1743 1744/455/1744 1733/518/1733
f 1733/518/1733 1931/517/1931 1921/561/1921 1722/563/1722
f 1734/483/1734 1745/432/1745 1746/427/1746 1735/478/1735
f 1735/478/1735 1746/427/1746 1747/422/1747 1736/473/1736
f 1736/473/1736 1747/422/1747 1748/421/1748 1737/471/1737
f 1737/471/1737 1748/421/1748 1749/419/1749 1738/468/1738
f 1738/468/1738 1749/419/1749 1750/418/1750 1739/466/1739
f 1739/466/1739 1750/418/1750 1751/416/1751 1740/464/1740
f 1740/464/1740 1751/416/1751 1752/415/1752 1741/463/1741
f 1741/463/1741 1752/415/1752 1753/413/1753 1742/460/1742
f 1742/460/1742 1753/413/1753 1754/412/1754 1743/458/1743
f 1743/458/1743 1754/412/1754 1755/410/1755 1744/455/1744
f 1744/455/1744 1941/453/1941 1931/517/1931 1733/518/1733
f 1745/432/1745 1756/375/1756 1757/370/1757 1746/427/1746
f 1746/427/1746 1757/370/1757 1758/365/1758 1747/422/1747
f 1747/422/1747 1758/365/1758 1759/363/1759 1748/421/1748
f 1748/421/1748 1759/363/1759 1760/360/1760 1749/419/1749
f 1749/419/1749 1760/360/1760 1761/358/1761 1750/418/1750
f 1750/418/1750 1761/358/1761 1762/356/1762 1751/416/1751
f 1751/416/1751 1762/356/1762 1763/355/1763 1752/415/1752
f 1752/415/1752 1763/355/1763 1764/352/1764 1753/413/1753
f 1753/413/1753 1764/352/1764 1765/350/1765 1754/412/1754
f 1754/412/1754 1765/350/1765 1766/347/1766 1755/410/1755
f 1755/410/1755 1951/409/1951 1941/453/1941 1744/455/1744
f 1756/375/1756 1767/324/1767 1768/319/1768 1757/370/1757
f 1757/370/1757 1768/319/1768 1769/314/1769 1758/365/1758
f 1758/365/1758 1769/314/1769 1770/313/1770 1759/363/1759
f 1759/363/1759 1770/313/1770 1771/311/1771 1760/360/1760
f 1760/360/1760 1771/311/1771 1772/310/1772 1761/358/1761
f 1761/358/1761 1772/310/1772 1773/308/1773 1762/356/1762
f 1762/356/1762 1773/308/1773 1774/307/1774 1763/355/1763
f 1763/355/1763 1774/307/1774 1775/305/1775 1764/352/1764
f 1764/352/1764 1775/305/1775 1776/304/1776 1765/350/1765
f 1765/350/1765 1776/304/1776 1777/302/1777 1766/347/1766
f 1766/347/1766 1961/345/1961 1951/409/1951 1755/410/1755
f 1767/324/1767 1778/267/1778 1779/262/1779 1768/319/1768
f 1768/319/1768 1779/262/1779 1780/257/1780 1769/314/1769
f 1769/314/1769 1780/257/1780 1781/255/1781 1770/313/1770
f 1770/313/1770 1781/255/1781 1782/252/1782 1771/311/1771
f 1771/311/1771 1782/252/1782 1783/250/1783 1772/310/1772
f 1772/310/1772 1783/250/1783 1784/248/1784 1773/308/1773
f 1773/308/1773 1784/248/1784 1785/247/1785 1774/307/1774
f 1774/307/1774 1785/247/1785 1786/244/1786 1775/305/1775
f 1775/305/1775 1786/244/1786 1787/242/1787 1776/304/1776
f 1776/304/1776 1787/242/1787 1788/239/1788 1777/302/1777
f 1777/302/1777 1971/301/1971 1961/345/1961 1766/347/1766
f 1778/267/1778 1789/216/1789 1790/211/1790 1779/262/1779
f 1779/262/1779 1790/211/1790 1791/206/1791 1780/257/1780
f 1780/257/1780 1791/206/1791 1792/205/1792 1781/255/1781
f 1781/255/1781 1792/205/1792 1793/203/1793 1782/252/1782
f 1782/252/1782 1793/203/1793 1794/202/1794 1783/250/1783
f 1783/250/1783 1794/202/1794 1795/200/1795 1784/248/1784
f 1784/248/1784 1795/200/1795 1796/199/1796 1785/247/1785
f 1785/247/1785 1796/199/1796 1797/197/1797 1786/244/1786
f 1786/244/1786 1797/197/1797 1798/196/1798 1787/242/1787
f 1787/242/1787 1798/196/1798 1799/194/1799 1788/239/1788
f 1788/239/1788 1981/237/1981 1971/301/1971 1777/302/1777
f 1789/216/1789 1800/159/1800 1801/154/1801 1790/211/1790
f 1790/211/1790 1801/154/1801 1802/149/1802 1791/206/1791
f 1791/206/1791 1802/149/1802 1803/147/1803 1792/205/1792
f 1792/205/1792 1803/147/1803 1804/144/1804 1793/203/1793
f 1793/203/1793 1804/144/1804 1805/142/1805 1794/202/1794
f 1794/202/1794 1805/142/1805 1806/140/1806 1795/200/1795
f 1795/200/1795 1806/140/1806 1807/139/1807 1796/199/1796
f 1796/199/1796 1807/139/1807 1808/136/1808 1797/197/1797
f 1797/197/1797 1808/136/1808 1809/134/1809 1798/196/1798
f 1798/196/1798 1809/134/1809 1810/131/1810 1799/194/1799
f 1799/194/1799 1991/193/1991 1981/237/1981 1788/239/1788
f 1800/159/1800 1811/108/1811 1812/103/1812 1801/154/1801
f 1801/154/1801 1812/103/1812 1813/98/1813 1802/149/1802
f 1802/149/1802 1813/98/1813 1814/97/1814 1803/147/1803
f 1803/147/1803 1814/97/1814 1815/95/1815 1804/144/1804
f 1804/144/1804 1815/95/1815 1816/94/1816 1805/142/1805
f 1805/142/1805 1816/94/1816 1817/92/1817 1806/140/1806
f 1806/140/1806 1817/92/1817 1818/91/1818 1807/139/1807
f 1807/139/1807 1818/91/1818 1819/89/1819 1808/136/1808
f 1808/136/1808 1819/89/1819 1820/88/1820 1809/134/1809
f 1809/134/1809 1820/88/1820 1821/86/1821 1810/131/1810
f 1810/131/1810 2001/129/2001 1991/193/1991 1799/194/1799
f 1821/86/1821 2011/85/2011 2001/129/2001 1810/131/1810
f 1822/1057/1822 1824/1056/1824 1825/1100/1825 1823/1101/1823
f 1822/1057/1822 1841/993/1841 1842/992/1842 1824/1056/1824
f 1824/1056/1824 1826/1054/1826 1827/1098/1827 1825/1100/1825
f 1824/1056/1824 1842/992/1842 1843/990/1843 1826/1054/1826
f 1825/20/1825 2012/84/2012 2011/85/2011 1823/21/1823
f 1826/1054/1826 1828/1053/1828 1829/1096/1829 1827/1098/1827
f 1826/1054/1826 1843/990/1843 1844/988/1844 1828/1053/1828
f 1827/18/1827 2013/82/2013 2012/84/2012 1825/20/1825
f 1828/1053/1828 1830/1051/1830 1831/1093/1831 1829/1096/1829
f 1828/1053/1828 1844/988/1844 1845/985/1845 1830/1051/1830
f 1829/16/1829 2014/81/2014 2013/82/2013 1827/18/1827
f 1830/1051/1830 1832/1050/1832 1833/1091/1833 1831/1093/1831
f 1830/1051/1830 1845/985/1845 1846/983/1846 1832/1050/1832
f 1831/13/1831 2015/79/2015 2014/81/2014 1829/16/1829
f 1832/1050/1832 1834/1048/1834 1835/1088/1835 1833/1091/1833
f 1832/1050/1832 1846/983/1846 1847/980/1847 1834/1048/1834
f 1833/11/1833 2016/78/2016 2015/79/2015 1831/13/1831
f 1834/1048/1834 1836/1047/1836 1837/1086/1837 1835/1088/1835
f 1834/1048/1834 1847/980/1847 1848/978/1848 1836/1047/1836
f 1835/8/1835 2017/76/2017 2016/78/2016 1833/11/1833
f 1836/1047/1836 1838/1045/1838 1839/1083/1839 1837/1086/1837
f 1836/1047/1836 1848/978/1848 1849/975/1849 1838/1045/1838
f 1837/6/1837 2018/75/2018 2017/76/2017 1835/8/1835
f 1838/1045/1838 1840/1044/1840 3242/1081/3242 1839/1083/1839
f 1838/1045/1838 1849/975/1849 1850/973/1850 1840/1044/1840
f 1839/3/1839 2019/73/2019 2018/75/2018 1837/6/1837
f 1839/3/1839 3242/1/3242 2020/72/2020 2019/73/2019
f 1841/993/1841 1851/949/1851 1852/948/1852 1842/992/1842
f 1842/992/1842 1852/948/1852 1853/946/1853 1843/990/1843
f 1843/990/1843 1853/946/1853 1854/945/1854 1844/988/1844
f 1844/988/1844 1854/945/1854 1855/943/1855 1845/985/1845
f 1845/985/1845 1855/943/1855 1856/942/1856 1846/983/1846
f 1846/983/1846 1856/942/1856 1857/940/1857 1847/980/1847
f 1847/980/1847 1857/940/1857 1858/939/1858 1848/978/1848
f 1848/978/1848 1858/939/1858 1859/937/1859 1849/975/1849
f 1849/975/1849 1859/937/1859 1860/936/1860 1850/973/1850
f 1851/949/1851 1861/885/1861 1862/884/1862 1852/948/1852
f 1852/948/1852 1862/884/1862 1863/882/1863 1853/946/1853
f 1853/946/1853 1863/882/1863 1864/880/1864 1854/945/1854
f 1854/945/1854 1864/880/1864 1865/877/1865 1855/943/1855
f 1855/943/1855 1865/877/1865 1866/875/1866 1856/942/1856
f 1856/942/1856 1866/875/1866 1867/872/1867 1857/940/1857
f 1857/940/1857 1867/872/1867 1868/870/1868 1858/939/1858
f 1858/939/1858 1868/870/1868 1869/867/1869 1859/937/1859
f 1859/937/1859 1869/867/1869 1870/865/1870 1860/936/1860
f 1861/885/1861 1871/841/1871 1872/840/1872 1862/884/1862
f 1862/884/1862 1872/840/1872 1873/838/1873 1863/882/1863
f 1863/882/1863 1873/838/1873 1874/837/1874 1864/880/1864
f 1864/880/1864 1874/837/1874 1875/835/1875 1865/877/1865
f 1865/877/1865 1875/835/1875 1876/834/1876 1866/875/1866
f 1866/875/1866 1876/834/1876 1877/832/1877 1867/872/1867
f 1867/872/1867 1877/832/1877 1878/831/1878 1868/870/1868
f 1868/870/1868 1878/831/1878 1879/829/1879 1869/867/1869
f 1869/867/1869 1879/829/1879 1880/828/1880 1870/865/1870
f 1871/841/1871 1881/777/1881 1882/776/1882 1872/840/1872
f 1872/840/1872 1882/776/1882 1883/774/1883 1873/838/1873
f 1873/838/1873 1883/774/1883 1884/772/1884 1874/837/1874
f 1874/837/1874 1884/772/1884 1885/769/1885 1875/835/1875
f 1875/835/1875 1885/769/1885 1886/767/1886 1876/834/1876
f 1876/834/1876 1886/767/1886 1887/764/1887 1877/832/1877
f 1877/832/1877 1887/764/1887 1888/762/1888 1878/831/1878
f 1878/831/1878 1888/762/1888 1889/759/1889 1879/829/1879
f 1879/829/1879 1889/759/1889 1890/757/1890 1880/828/1880
f 1881/777/1881 1891/733/1891 1892/732/1892 1882/776/1882
f 1882/776/1882 1892/732/1892 1893/730/1893 1883/774/1883
f 1883/774/1883 1893/730/1893 1894/729/1894 1884/772/1884
f 1884/772/1884 1894/729/1894 1895/727/1895 1885/769/1885
f 1885/769/1885 1895/727/1895 1896/726/1896 1886/767/1886
f 1886/767/1886 1896/726/1896 1897/724/1897 1887/764/1887
f 1887/764/1887 1897/724/1897 1898/723/1898 1888/762/1888
f 1888/762/1888 1898/723/1898 1899/721/1899 1889/759/1889
f 1889/759/1889 1899/721/1899 1900/720/1900 1890/757/1890
f 1891/733/1891 1901/669/1901 1902/668/1902 1892/732/1892
f 1892/732/1892 1902/668/1902 1903/666/1903 1893/730/1893
f 1893/730/1893 1903/666/1903 1904/664/1904 1894/729/1894
f 1894/729/1894 1904/664/1904 1905/661/1905 1895/727/1895
f 1895/727/1895 1905/661/1905 1906/659/1906 1896/726/1896
f 1896/726/1896 1906/659/1906 1907/656/1907 1897/724/1897
f 1897/724/1897 1907/656/1907 1908/654/1908 1898/723/1898
f 1898/723/1898 1908/654/1908 1909/651/1909 1899/721/1899
f 1899/721/1899 1909/651/1909 1910/649/1910 1900/720/1900
f 1901/669/1901 1911/625/1911 1912/624/1912 1902/668/1902
f 1902/668/1902 1912/624/1912 1913/622/1913 1903/666/1903
f 1903/666/1903 1913/622/1913 1914/621/1914 1904/664/1904
f 1904/664/1904 1914/621/1914 1915/619/1915 1905/661/1905
f 1905/661/1905 1915/619/1915 1916/618/1916 1906/659/1906
f 1906/659/1906 1916/618/1916 1917/616/1917 1907/656/1907
f 1907/656/1907 1917/616/1917 1918/615/1918 1908/654/1908
f 1908/654/1908 1918/615/1918 1919/613/1919 1909/651/1909
f 1909/651/1909 1919/613/1919 1920/612/1920 1910/649/1910
f 1911/625/1911 1921/561/1921 1922/560/1922 1912/624/1912
f 1912/624/1912 1922/560/1922 1923/558/1923 1913/622/1913
f 1913/622/1913 1923/558/1923 1924/556/1924 1914/621/1914
f 1914/621/1914 1924/556/1924 1925/553/1925 1915/619/1915
f 1915/619/1915 1925/553/1925 1926/551/1926 1916/618/1916
f 1916/618/1916 1926/551/1926 1927/548/1927 1917/616/1917
f 1917/616/1917 1927/548/1927 1928/546/1928 1918/615/1918
f 1918/615/1918 1928/546/1928 1929/543/1929 1919/613/1919
f 1919/613/1919 1929/543/1929 1930/541/1930 1920/612/1920
f 1921/561/1921 1931/517/1931 1932/516/1932 1922/560/1922
f 1922/560/1922 1932/516/1932 1933/514/1933 1923/558/1923
f 1923/558/1923 1933/514/1933 1934/513/1934 1924/556/1924
f 1924/556/1924 1934/513/1934 1935/511/1935 1925/553/1925
f 1925/553/1925 1935/511/1935 1936/510/1936 1926/551/1926
f 1926/551/1926 1936/510/1936 1937/508/1937 1927/548/1927
f 1927/548/1927 1937/508/1937 1938/507/1938 1928/546/1928
f 1928/546/1928 1938/507/1938 1939/505/1939 1929/543/1929
f 1929/543/1929 1939/505/1939 1940/504/1940 1930/541/1930
f 1931/517/1931 1941/453/1941 1942/452/1942 1932/516/1932
f 1932/516/1932 1942/452/1942 1943/450/1943 1933/514/1933
f 1933/514/1933 1943/450/1943 1944/448/1944 1934/513/1934
f 1934/513/1934 1944/448/1944 1945/445/1945 1935/511/1935
f 1935/511/1935 1945/445/1945 1946/443/1946 1936/510/1936
f 1936/510/1936 1946/443/1946 1947/440/1947 1937/508/1937
f 1937/508/1937 1947/440/1947 1948/438/1948 1938/507/1938
f 1938/507/1938 1948/438/1948 1949/435/1949 1939/505/1939
f 1939/505/1939 1949/435/1949 1950/433/1950 1940/504/1940
f 1941/453/1941 1951/409/1951 1952/408/1952 1942/452/1942
f 1942/452/1942 1952/408/1952 1953/406/1953 1943/450/1943
f 1943/450/1943 1953/406/1953 1954/405/1954 1944/448/1944
f 1944/448/1944 1954/405/1954 1955/403/1955 1945/445/1945
f 1945/445/1945 1955/403/1955 1956/402/1956 1946/443/1946
f 1946/443/1946 1956/402/1956 1957/400/1957 1947/440/1947
f 1947/440/1947 1957/400/1957 1958/399/1958 1948/438/1948
f 1948/438/1948 1958/399/1958 1959/397/1959 1949/435/1949
f 1949/435/1949 1959/397/1959 1960/396/1960 1950/433/1950
f 1951/409/1951 1961/345/1961 1962/344/1962 1952/408/1952
f 1952/408/1952 1962/344/1962 1963/342/1963 1953/406/1953
f 1953/406/1953 1963/342/1963 1964/340/1964 1954/405/1954
f 1954/405/1954 1964/340/1964 1965/337/1965 1955/403/1955
f 1955/403/1955 1965/337/1965 1966/335/1966 1956/402/1956
f 1956/402/1956 1966/335/1966 1967/332/1967 1957/400/1957
f 1957/400/1957 1967/332/1967 1968/330/1968 1958/399/1958
f 1958/399/1958 1968/330/1968 1969/327/1969 1959/397/1959
f 1959/397/1959 1969/327/1969 1970/325/1970 1960/396/1960
f 1961/345/1961 1971/301/1971 1972/300/1972 1962/344/1962
f 1962/344/1962 1972/300/1972 1973/298/1973 1963/342/1963
f 1963/342/1963 1973/298/1973 1974/297/1974 1964/340/1964
f 1964/340/1964 1974/297/1974 1975/295/1975 1965/337/1965
f 1965/337/1965 1975/295/1975 1976/294/1976 1966/335/1966
f 1966/335/1966 1976/294/1976 1977/292/1977 1967/332/1967
f 1967/332/1967 1977/292/1977 1978/291/1978 1968/330/1968
f 1968/330/1968 1978/291/1978 1979/289/1979 1969/327/1969
f 1969/327/1969 1979/289/1979 1980/288/1980 1970/325/1970
f 1971/301/1971 1981/237/1981 1982/236/1982 1972/300/1972
f 1972/300/1972 1982/236/1982 1983/234/1983 1973/298/1973
f 1973/298/1973 1983/234/1983 1984/232/1984 1974/297/1974
f 1974/297/1974 1984/232/1984 1985/229/1985 1975/295/1975
f 1975/295/1975 1985/229/1985 1986/227/1986 1976/294/1976
f 1976/294/1976 1986/227/1986 1987/224/1987 1977/292/1977
f 1977/292/1977 1987/224/1987 1988/222/1988 1978/291/1978
f 1978/291/1978 1988/222/1988 1989/219/1989 1979/289/1979
f 1979/289/1979 1989/219/1989 1990/217/1990 1980/288/1980
f 1981/237/1981 1991/193/1991 1992/192/1992 1982/236/1982
f 1982/236/1982 1992/192/1992 1993/190/1993 1983/234/1983
f 1983/234/1983 1993/190/1993 1994/189/1994 1984/232/1984
f 1984/232/1984 1994/189/1994 1995/187/1995 1985/229/1985
f 1985/229/1985 1995/187/1995 1996/186/1996 1986/227/1986
f 1986/227/1986 1996/186/1996 1997/184/1997 1987/224/1987
f 1987/224/1987 1997/184/1997 1998/183/1998 1988/222/1988
f 1988/222/1988 1998/183/1998 1999/181/1999 1989/219/1989
f 1989/219/1989 1999/181/1999 2000/180/2000 1990/217/1990
f 1991/193/1991 2001/129/2001 2002/128/2002 1992/192/1992
f 1992/192/1992 2002/128/2002 2003/126/2003 1993/190/1993
f 1993/190/1993 2003/126/2003 2004/124/2004 1994/189/1994
f 1994/189/1994 2004/124/2004 2005/121/2005 1995/187/1995
f 1995/187/1995 2005/121/2005 2006/119/2006 1996/186/1996
f 1996/186/1996 2006/119/2006 2007/116/2007 1997/184/1997
f 1997/184/1997 2007/116/2007 2008/114/2008 1998/183/1998
f 1998/183/1998 2008/114/2008 2009/111/2009 1999/181/1999
f 1999/181/1999 2009/111/2009 2010/109/2010 2000/180/2000
f 2001/129/2001 2011/85/2011 2012/84/2012 2002/128/2002
f 2002/128/2002 2012/84/2012 2013/82/2013 2003/126/2003
f 2003/126/2003 2013/82/2013 2014/81/2014 2004/124/2004
f 2004/124/2004 2014/81/2014 2015/79/2015 2005/121/2005
f 2005/121/2005 2015/79/2015 2016/78/2016 2006/119/2006
f 2006/119/2006 2016/78/2016 2017/76/2017 2007/116/2007
f 2007/116/2007 2017/76/2017 2018/75/2018 2008/114/2008
f 2008/114/2008 2018/75/2018 2019/73/2019 2009/111/2009
f 2009/111/2009 2019/73/2019 2020/72/2020 2010/109/2010
f 2022/612/2022 2023/614/2023 2024/545/2024 2021/541/2021
f 2022/612/2022 2043/649/2043 2044/653/2044 2023/614/2023
f 2023/614/2023 2025/617/2025 2026/550/2026 2024/545/2024
f 2023/614/2023 2044/653/2044 2045/658/2045 2025/617/2025
f 2024/545/2024 2231/506/2231 2230/504/2230 2021/541/2021
f 2025/617/2025 2027/620/2027 2028/554/2028 2026/550/2026
f 2025/617/2025 2045/658/2045 2046/662/2046 2027/620/2027
f 2026/550/2026 2232/509/2232 2231/506/2231 2024/545/2024
f 2027/620/2027 2029/623/2029 2030/559/2030 2028/554/2028
f 2027/620/2027 2046/662/2046 2047/667/2047 2029/623/2029
f 2028/554/2028 2233/512/2233 2232/509/2232 2026/550/2026
f 2029/623/2029 2031/625/2031 2032/561/2032 2030/559/2030
f 2029/623/2029 2047/667/2047 2048/669/2048 2031/625/2031
f 2030/559/2030 2234/515/2234 2233/512/2233 2028/554/2028
f 2031/625/2031 2033/627/2033 2034/565/2034 2032/561/2032
f 2031/625/2031 2048/669/2048 2049/673/2049 2033/627/2033
f 2032/561/2032 2235/517/2235 2234/515/2234 2030/559/2030
f 2033/627/2033 2035/630/2035 2036/569/2036 2034/565/2034
f 2033/627/2033 2049/673/2049 2050/677/2050 2035/630/2035
f 2034/565/2034 2236/519/2236 2235/517/2235 2032/561/2032
f 2035/630/2035 2037/633/2037 2038/573/2038 2036/569/2036
f 2035/630/2035 2050/677/2050 2051/681/2051 2037/633/2037
f 2036/569/2036 2237/522/2237 2236/519/2236 2034/565/2034
f 2037/633/2037 2039/636/2039 2040/577/2040 2038/573/2038
f 2037/633/2037 2051/681/2051 2052/685/2052 2039/636/2039
f 2038/573/2038 2238/525/2238 2237/522/2237 2036/569/2036
f 2039/636/2039 2041/638/2041 2042/581/2042 2040/577/2040
f 2039/636/2039 2052/685/2052 2053/689/2053 2041/638/2041
f 2040/577/2040 2239/528/2239 2238/525/2238 2038/573/2038
f 2041/638/2041 2241/639/2241 2242/582/2242 2042/581/2042
f 2042/581/2042 2240/530/2240 2239/528/2239 2040/577/2040
f 2042/581/2042 2242/582/2242 2431/531/2431 2240/530/2240
f 2043/649/2043 2054/720/2054 2055/722/2055 2044/653/2044
f 2044/653/2044 2055/722/2055 2056/725/2056 2045/658/2045
f 2045/658/2045 2056/725/2056 2057/728/2057 2046/662/2046
f 2046/662/2046 2057/728/2057 2058/731/2058 2047/667/2047
f 2047/667/2047 2058/731/2058 2059/733/2059 2048/669/2048
f 2048/669/2048 2059/733/2059 2060/735/2060 2049/673/2049
f 2049/673/2049 2060/735/2060 2061/738/2061 2050/677/2050
f 2050/677/2050 2061/738/2061 2062/741/2062 2051/681/2051
f 2051/681/2051 2062/741/2062 2063/744/2063 2052/685/2052
f 2052/685/2052 2063/744/2063 2064/746/2064 2053/689/2053
f 2053/689/2053 2261/690/2261 2241/639/2241 2041/638/2041
f 2054/720/2054 2065/757/2065 2066/761/2066 2055/722/2055
f 2055/722/2055 2066/761/2066 2067/766/2067 2056/725/2056
f 2056/725/2056 2067/766/2067 2068/770/2068 2057/728/2057
f 2057/728/2057 2068/770/2068 2069/775/2069 2058/731/2058
f 2058/731/2058 2069/775/2069 2070/777/2070 2059/733/2059
f 2059/733/2059 2070/777/2070 2071/781/2071 2060/735/2060
f 2060/735/2060 2071/781/2071 2072/785/2072 2061/738/2061
f 2061/738/2061 2072/785/2072 2073/789/2073 2062/741/2062
f 2062/741/2062 2073/789/2073 2074/793/2074 2063/744/2063
f 2063/744/2063 2074/793/2074 2075/797/2075 2064/746/2064
f 2064/746/2064 2271/747/2271 2261/690/2261 2053/689/2053
f 2065/757/2065 2076/828/2076 2077/830/2077 2066/761/2066
f 2066/761/2066 2077/830/2077 2078/833/2078 2067/766/2067
f 2067/766/2067 2078/833/2078 2079/836/2079 2068/770/2068
f 2068/770/2068 2079/836/2079 2080/839/2080 2069/775/2069
f 2069/775/2069 2080/839/2080 2081/841/2081 2070/777/2070
f 2070/777/2070 2081/841/2081 2082/843/2082 2071/781/2071
f 2071/781/2071 2082/843/2082 2083/846/2083 2072/785/2072
f 2072/785/2072 2083/846/2083 2084/849/2084 2073/789/2073
f 2073/789/2073 2084/849/2084 2085/852/2085 2074/793/2074
f 2074/793/2074 2085/852/2085 2086/854/2086 2075/797/2075
f 2075/797/2075 2281/798/2281 2271/747/2271 2064/746/2064
f 2076/828/2076 2087/865/2087 2088/869/2088 2077/830/2077
f 2077/830/2077 2088/869/2088 2089/874/2089 2078/833/2078
f 2078/833/2078 2089/874/2089 2090/878/2090 2079/836/2079
f 2079/836/2079 2090/878/2090 2091/883/2091 2080/839/2080
f 2080/839/2080 2091/883/2091 2092/885/2092 2081/841/2081
f 2081/841/2081 2092/885/2092 2093/889/2093 2082/843/2082
f 2082/843/2082 2093/889/2093 2094/893/2094 2083/846/2083
f 2083/846/2083 2094/893/2094 2095/897/2095 2084/849/2084
f 2084/849/2084 2095/897/2095 2096/901/2096 2085/852/2085
f 2085/852/2085 2096/901/2096 2097/905/2097 2086/854/2086
f 2086/854/2086 2291/855/2291 2281/798/2281 2075/797/2075
f 2087/865/2087 2098/936/2098 2099/938/2099 2088/869/2088
f 2088/869/2088 2099/938/2099 2100/941/2100 2089/874/2089
f 2089/874/2089 2100/941/2100 2101/944/2101 2090/878/2090
f 2090/878/2090 2101/944/2101 2102/947/2102 2091/883/2091
f 2091/883/2091 2102/947/2102 2103/949/2103 2092/885/2092
f 2092/885/2092 2103/949/2103 2104/951/2104 2093/889/2093
f 2093/889/2093 2104/951/2104 2105/954/2105 2094/893/2094
f 2094/893/2094 2105/954/2105 2106/957/2106 2095/897/2095
f 2095/897/2095 2106/957/2106 2107/960/2107 2096/901/2096
f 2096/901/2096 2107/960/2107 2108/962/2108 2097/905/2097
f 2097/905/2097 2301/906/2301 2291/855/2291 2086/854/2086
f 2098/936/2098 2109/973/2109 2110/977/2110 2099/938/2099
f 2099/938/2099 2110/977/2110 2111/982/2111 2100/941/2100
f 2100/941/2100 2111/982/2111 2112/986/2112 2101/944/2101
f 2101/944/2101 2112/986/2112 2113/991/2113 2102/947/2102
f 2102/947/2102 2113/991/2113 2114/993/2114 2103/949/2103
f 2103/949/2103 2114/993/2114 2115/997/2115 2104/951/2104
f 2104/951/2104 2115/997/2115 2116/1001/2116 2105/954/2105
f 2105/954/2105 2116/1001/2116 2117/1005/2117 2106/957/2106
f 2106/957/2106 2117/1005/2117 2118/1009/2118 2107/960/2107
f 2107/960/2107 2118/1009/2118 2119/1013/2119 2108/962/2108
f 2108/962/2108 2311/963/2311 2301/906/2301 2097/905/2097
f 2109/973/2109 2120/1044/2120 2121/1046/2121 2110/977/2110
f 2110/977/2110 2121/1046/2121 2122/1049/2122 2111/982/2111
f 2111/982/2111 2122/1049/2122 2123/1052/2123 2112/986/2112
f 2112/986/2112 2123/1052/2123 2124/1055/2124 2113/991/2113
f 2113/991/2113 2124/1055/2124 2125/1057/2125 2114/993/2114
f 2114/993/2114 2125/1057/2125 2126/1059/2126 2115/997/2115
f 2115/997/2115 2126/1059/2126 2127/1062/2127 2116/1001/2116
f 2116/1001/2116 2127/1062/2127 2128/1065/2128 2117/1005/2117
f 2117/1005/2117 2128/1065/2128 2129/1068/2129 2118/1009/2118
f 2118/1009/2118 2129/1068/2129 2130/1070/2130 2119/1013/2119
f 2119/1013/2119 2321/1014/2321 2311/963/2311 2108/962/2108
f 2120/1044/2120 2131/1081/2131 2132/1085/2132 2121/1046/2121
f 2121/1046/2121 2132/1085/2132 2133/1090/2133 2122/1049/2122
f 2122/1049/2122 2133/1090/2133 2134/1094/2134 2123/1052/2123
f 2123/1052/2123 2134/1094/2134 2135/1099/2135 2124/1055/2124
f 2124/1055/2124 2135/1099/2135 2136/1101/2136 2125/1057/2125
f 2125/1057/2125 2136/1101/2136 2137/1105/2137 2126/1059/2126
f 2126/1059/2126 2137/1105/2137 2138/1109/2138 2127/1062/2127
f 2127/1062/2127 2138/1109/2138 2139/1113/2139 2128/1065/2128
f 2128/1065/2128 2139/1113/2139 2140/1117/2140 2129/1068/2129
f 2129/1068/2129 2140/1117/2140 2141/1121/2141 2130/1070/2130
f 2130/1070/2130 2331/1071/2331 2321/1014/2321 2119/1013/2119
f 2131/1/2131 2142/72/2142 2143/74/2143 2132/5/2132
f 2132/5/2132 2143/74/2143 2144/77/2144 2133/10/2133
f 2133/10/2133 2144/77/2144 2145/80/2145 2134/14/2134
f 2134/14/2134 2145/80/2145 2146/83/2146 2135/19/2135
f 2135/19/2135 2146/83/2146 2147/85/2147 2136/21/2136
f 2136/21/2136 2147/85/2147 2148/87/2148 2137/25/2137
f 2137/25/2137 2148/87/2148 2149/90/2149 2138/29/2138
f 2138/29/2138 2149/90/2149 2150/93/2150 2139/33/2139
f 2139/33/2139 2150/93/2150 2151/96/2151 2140/37/2140
f 2140/37/2140 2151/96/2151 2152/98/2152 2141/41/2141
f 2141/1121/2141 2341/1122/2341 2331/1071/2331 2130/1070/2130
f 2142/72/2142 2153/109/2153 2154/113/2154 2143/74/2143
f 2143/74/2143 2154/113/2154 2155/118/2155 2144/77/2144
f 2144/77/2144 2155/118/2155 2156/122/2156 2145/80/2145
f 2145/80/2145 2156/122/2156 2157/127/2157 2146/83/2146
f 2146/83/2146 2157/127/2157 2158/129/2158 2147/85/2147
f 2147/85/2147 2158/129/2158 2159/133/2159 2148/87/2148
f 2148/87/2148 2159/133/2159 2160/137/2160 2149/90/2149
f 2149/90/2149 2160/137/2160 2161/141/2161 2150/93/2150
f 2150/93/2150 2161/141/2161 2162/145/2162 2151/96/2151
f 2151/96/2151 2162/145/2162 2163/149/2163 2152/98/2152
f 2152/98/2152 2351/99/2351 2341/42/2341 2141/41/2141
f 2153/109/2153 2164/180/2164 2165/182/2165 2154/113/2154
f 2154/113/2154 2165/182/2165 2166/185/2166 2155/118/2155
f 2155/118/2155 2166/185/2166 2167/188/2167 2156/122/2156
f 2156/122/2156 2167/188/2167 2168/191/2168 2157/127/2157
f 2157/127/2157 2168/191/2168 2169/193/2169 2158/129/2158
f 2158/129/2158 2169/193/2169 2170/195/2170 2159/133/2159
f 2159/133/2159 2170/195/2170 2171/198/2171 2160/137/2160
f 2160/137/2160 2171/198/2171 2172/201/2172 2161/141/2161
f 2161/141/2161 2172/201/2172 2173/204/2173 2162/145/2162
f 2162/145/2162 2173/204/2173 2174/206/2174 2163/149/2163
f 2163/149/2163 2361/150/2361 2351/99/2351 2152/98/2152
f 2164/180/2164 2175/217/2175 2176/221/2176 2165/182/2165
f 2165/182/2165 2176/221/2176 2177/226/2177 2166/185/2166
f 2166/185/2166 2177/226/2177 2178/230/2178 2167/188/2167
f 2167/188/2167 2178/230/2178 2179/235/2179 2168/191/2168
f 2168/191/2168 2179/235/2179 2180/237/2180 2169/193/2169
f 2169/193/2169 2180/237/2180 2181/241/2181 2170/195/2170
f 2170/195/2170 2181/241/2181 2182/245/2182 2171/198/2171
f 2171/198/2171 2182/245/2182 2183/249/2183 2172/201/2172
f 2172/201/2172 2183/249/2183 2184/253/2184 2173/204/2173
f 2173/204/2173 2184/253/2184 2185/257/2185 2174/206/2174
f 2174/206/2174 2371/207/2371 2361/150/2361 2163/149/2163
f 2175/217/2175 2186/288/2186 2187/290/2187 2176/221/2176
f 2176/221/2176 2187/290/2187 2188/293/2188 2177/226/2177
f 2177/226/2177 2188/293/2188 2189/296/2189 2178/230/2178
f 2178/230/2178 2189/296/2189 2190/299/2190 2179/235/2179
f 2179/235/2179 2190/299/2190 2191/301/2191 2180/237/2180
f 2180/237/2180 2191/301/2191 2192/303/2192 2181/241/2181
f 2181/241/2181 2192/303/2192 2193/306/2193 2182/245/2182
f 2182/245/2182 2193/306/2193 2194/309/2194 2183/249/2183
f 2183/249/2183 2194/309/2194 2195/312/2195 2184/253/2184
f 2184/253/2184 2195/312/2195 2196/314/2196 2185/257/2185
f 2185/257/2185 2381/258/2381 2371/207/2371 2174/206/2174
f 2186/288/2186 2197/325/2197 2198/329/2198 2187/290/2187
f 2187/290/2187 2198/329/2198 2199/334/2199 2188/293/2188
f 2188/293/2188 2199/334/2199 2200/338/2200 2189/296/2189
f 2189/296/2189 2200/338/2200 2201/343/2201 2190/299/2190
f 2190/299/2190 2201/343/2201 2202/345/2202 2191/301/2191
f 2191/301/2191 2202/345/2202 2203/349/2203 2192/303/2192
f 2192/303/2192 2203/349/2203 2204/353/2204 2193/306/2193
f 2193/306/2193 2204/353/2204 2205/357/2205 2194/309/2194
f 2194/309/2194 2205/357/2205 2206/361/2206 2195/312/2195
f 2195/312/2195 2206/361/2206 2207/365/2207 2196/314/2196
f 2196/314/2196 2391/315/2391 2381/258/2381 2185/257/2185
f 2197/325/2197 2208/396/2208 2209/398/2209 2198/329/2198
f 2198/329/2198 2209/398/2209 2210/401/2210 2199/334/2199
f 2199/334/2199 2210/401/2210 2211/404/2211 2200/338/2200
f 2200/338/2200 2211/404/2211 2212/407/2212 2201/343/2201
f 2201/343/2201 2212/407/2212 2213/409/2213 2202/345/2202
f 2202/345/2202 2213/409/2213 2214/411/2214 2203/349/2203
f 2203/349/2203 2214/411/2214 2215/414/2215 2204/353/2204
f 2204/353/2204 2215/414/2215 2216/417/2216 2205/357/2205
f 2205/357/2205 2216/417/2216 2217/420/2217 2206/361/2206
f 2206/361/2206 2217/420/2217 2218/422/2218 2207/365/2207
f 2207/365/2207 2401/366/2401 2391/315/2391 2196/314/2196
f 2208/396/2208 2219/433/2219 2220/437/2220 2209/398/2209
f 2209/398/2209 2220/437/2220 2221/442/2221 2210/401/2210
f 2210/401/2210 2221/442/2221 2222/446/2222 2211/404/2211
f 2211/404/2211 2222/446/2222 2223/451/2223 2212/407/2212
f 2212/407/2212 2223/451/2223 2224/453/2224 2213/409/2213
f 2213/409/2213 2224/453/2224 2225/457/2225 2214/411/2214
f 2214/411/2214 2225/457/2225 2226/461/2226 2215/414/2215
f 2215/414/2215 2226/461/2226 2227/465/2227 2216/417/2216
f 2216/417/2216 2227/465/2227 2228/469/2228 2217/420/2217
f 2217/420/2217 2228/469/2228 2229/473/2229 2218/422/2218
f 2218/422/2218 2411/423/2411 2401/366/2401 2207/365/2207
f 2219/433/2219 2230/504/2230 2231/506/2231 2220/437/2220
f 2220/437/2220 2231/506/2231 2232/509/2232 2221/442/2221
f 2221/442/2221 2232/509/2232 2233/512/2233 2222/446/2222
f 2222/446/2222 2233/512/2233 2234/515/2234 2223/451/2223
f 2223/451/2223 2234/515/2234 2235/517/2235 2224/453/2224
f 2224/453/2224 2235/517/2235 2236/519/2236 2225/457/2225
f 2225/457/2225 2236/519/2236 2237/522/2237 2226/461/2226
f 2226/461/2226 2237/522/2237 2238/525/2238 2227/465/2227
f 2227/465/2227 2238/525/2238 2239/528/2239 2228/469/2228
f 2228/469/2228 2239/528/2239 2240/530/2240 2229/473/2229
f 2229/473/2229 2421/474/2421 2411/423/2411 2218/422/2218
f 2240/530/2240 2431/531/2431 2421/474/2421 2229/473/2229
f 2241/639/2241 2243/640/2243 2244/583/2244 2242/582/2242
f 2241/639/2241 2261/690/2261 2262/691/2262 2243/640/2243
f 2243/640/2243 2245/641/2245 2246/584/2246 2244/583/2244
f 2243/640/2243 2262/691/2262 2263/692/2263 2245/641/2245
f 2244/583/2244 2432/532/2432 2431/531/2431 2242/582/2242
f 2245/641/2245 2247/642/2247 2248/585/2248 2246/584/2246
f 2245/641/2245 2263/692/2263 2264/693/2264 2247/642/2247
f 2246/584/2246 2433/533/2433 2432/532/2432 2244/583/2244
f 2247/642/2247 2249/643/2249 2250/586/2250 2248/585/2248
f 2247/642/2247 2264/693/2264 2265/694/2265 2249/643/2249
f 2248/585/2248 2434/534/2434 2433/533/2433 2246/584/2246
f 2249/643/2249 2251/644/2251 2252/587/2252 2250/586/2250
f 2249/643/2249 2265/694/2265 2266/695/2266 2251/644/2251
f 2250/586/2250 2435/535/2435 2434/534/2434 2248/585/2248
f 2251/644/2251 2253/645/2253 2254/588/2254 2252/587/2252
f 2251/644/2251 2266/695/2266 2267/696/2267 2253/645/2253
f 2252/587/2252 2436/536/2436 2435/535/2435 2250/586/2250
f 2253/645/2253 2255/646/2255 2256/589/2256 2254/588/2254
f 2253/645/2253 2267/696/2267 2268/697/2268 2255/646/2255
f 2254/588/2254 2437/537/2437 2436/536/2436 2252/587/2252
f 2255/646/2255 2257/647/2257 2258/590/2258 2256/589/2256
f 2255/646/2255 2268/697/2268 2269/698/2269 2257/647/2257
f 2256/589/2256 2438/538/2438 2437/537/2437 2254/588/2254
f 2257/647/2257 2259/648/2259 2260/591/2260 2258/590/2258
f 2257/647/2257 2269/698/2269 2270/699/2270 2259/648/2259
f 2258/590/2258 2439/539/2439 2438/538/2438 2256/589/2256
f 2260/591/2260 2440/540/2440 2439/539/2439 2258/590/2258
f 2261/690/2261 2271/747/2271 2272/748/2272 2262/691/2262
f 2262/691/2262 2272/748/2272 2273/749/2273 2263/692/2263
f 2263/692/2263 2273/749/2273 2274/750/2274 2264/693/2264
f 2264/693/2264 2274/750/2274 2275/751/2275 2265/694/2265
f 2265/694/2265 2275/751/2275 2276/752/2276 2266/695/2266
f 2266/695/2266 2276/752/2276 2277/753/2277 2267/696/2267
f 2267/696/2267 2277/753/2277 2278/754/2278 2268/697/2268
f 2268/697/2268 2278/754/2278 2279/755/2279 2269/698/2269
f 2269/698/2269 2279/755/2279 2280/756/2280 2270/699/2270
f 2271/747/2271 2281/798/2281 2282/799/2282 2272/748/2272
f 2272/748/2272 2282/799/2282 2283/800/2283 2273/749/2273
f 2273/749/2273 2283/800/2283 2284/801/2284 2274/750/2274
f 2274/750/2274 2284/801/2284 2285/802/2285 2275/751/2275
f 2275/751/2275 2285/802/2285 2286/803/2286 2276/752/2276
f 2276/752/2276 2286/803/2286 2287/804/2287 2277/753/2277
f 2277/753/2277 2287/804/2287 2288/805/2288 2278/754/2278
f 2278/754/2278 2288/805/2288 2289/806/2289 2279/755/2279
f 2279/755/2279 2289/806/2289 2290/807/2290 2280/756/2280
f 2281/798/2281 2291/855/2291 2292/856/2292 2282/799/2282
f 2282/799/2282 2292/856/2292 2293/857/2293 2283/800/2283
f 2283/800/2283 2293/857/2293 2294/858/2294 2284/801/2284
f 2284/801/2284 2294/858/2294 2295/859/2295 2285/802/2285
f 2285/802/2285 2295/859/2295 2296/860/2296 2286/803/2286
f 2286/803/2286 2296/860/2296 2297/861/2297 2287/804/2287
f 2287/804/2287 2297/861/2297 2298/862/2298 2288/805/2288
f 2288/805/2288 2298/862/2298 2299/863/2299 2289/806/2289
f 2289/806/2289 2299/863/2299 2300/864/2300 2290/807/2290
f 2291/855/2291 2301/906/2301 2302/907/2302 2292/856/2292
f 2292/856/2292 2302/907/2302 2303/908/2303 2293/857/2293
f 2293/857/2293 2303/908/2303 2304/909/2304 2294/858/2294
f 2294/858/2294 2304/909/2304 2305/910/2305 2295/859/2295
f 2295/859/2295 2305/910/2305 2306/911/2306 2296/860/2296
f 2296/860/2296 2306/911/2306 2307/912/2307 2297/861/2297
f 2297/861/2297 2307/912/2307 2308/913/2308 2298/862/2298
f 2298/862/2298 2308/913/2308 2309/914/2309 2299/863/2299
f 2299/863/2299 2309/914/2309 2310/915/2310 2300/864/2300
f 2301/906/2301 2311/963/2311 2312/964/2312 2302/907/2302
f 2302/907/2302 2312/964/2312 2313/965/2313 2303/908/2303
f 2303/908/2303 2313/965/2313 2314/966/2314 2304/909/2304
f 2304/909/2304 2314/966/2314 2315/967/2315 2305/910/2305
f 2305/910/2305 2315/967/2315 2316/968/2316 2306/911/2306
f 2306/911/2306 2316/968/2316 2317/969/2317 2307/912/2307
f 2307/912/2307 2317/969/2317 2318/970/2318 2308/913/2308
f 2308/913/2308 2318/970/2318 2319/971/2319 2309/914/2309
f 2309/914/2309 2319/971/2319 2320/972/2320 2310/915/2310
f 2311/963/2311 2321/1014/2321 2322/1015/2322 2312/964/2312
f 2312/964/2312 2322/1015/2322 2323/1016/2323 2313/965/2313
f 2313/965/2313 2323/1016/2323 2324/1017/2324 2314/966/2314
f 2314/966/2314 2324/1017/2324 2325/1018/2325 2315/967/2315
f 2315/967/2315 2325/1018/2325 2326/1019/2326 2316/968/2316
f 2316/968/2316 2326/1019/2326 2327/1020/2327 2317/969/2317
f 2317/969/2317 2327/1020/2327 2328/1021/2328 2318/970/2318
f 2318/970/2318 2328/1021/2328 2329/1022/2329 2319/971/2319
f 2319/971/2319 2329/1022/2329 2330/1023/2330 2320/972/2320
f 2321/1014/2321 2331/1071/2331 2332/1072/2332 2322/1015/2322
f 2322/1015/2322 2332/1072/2332 2333/1073/2333 2323/1016/2323
f 2323/1016/2323 2333/1073/2333 2334/1074/2334 2324/1017/2324
f 2324/1017/2324 2334/1074/2334 2335/1075/2335 2325/1018/2325
f 2325/1018/2325 2335/1075/2335 2336/1076/2336 2326/1019/2326
f 2326/1019/2326 2336/1076/2336 2337/1077/2337 2327/1020/2327
f 2327/1020/2327 2337/1077/2337 2338/1078/2338 2328/1021/2328
f 2328/1021/2328 2338/1078/2338 2339/1079/2339 2329/1022/2329
f 2329/1022/2329 2339/1079/2339 2340/1080/2340 2330/1023/2330
f 2331/1071/2331 2341/1122/2341 2342/1123/2342 2332/1072/2332
f 2332/1072/2332 2342/1123/2342 2343/1124/2343 2333/1073/2333
f 2333/1073/2333 2343/1124/2343 2344/1125/2344 2334/1074/2334
f 2334/1074/2334 2344/1125/2344 2345/1126/2345 2335/1075/2335
f 2335/1075/2335 2345/1126/2345 2346/1127/2346 2336/1076/2336
f 2336/1076/2336 2346/1127/2346 2347/1128/2347 2337/1077/2337
f 2337/1077/2337 2347/1128/2347 2348/1129/2348 2338/1078/2338
f 2338/1078/2338 2348/1129/2348 2349/1130/2349 2339/1079/2339
f 2339/1079/2339 2349/1130/2349 2350/1131/2350 2340/1080/2340
f 2341/42/2341 2351/99/2351 2352/100/2352 2342/43/2342
f 2342/43/2342 2352/100/2352 2353/101/2353 2343/44/2343
f 2343/44/2343 2353/101/2353 2354/102/2354 2344/45/2344
f 2344/45/2344 2354/102/2354 2355/103/2355 2345/46/2345
f 2345/46/2345 2355/103/2355 2356/104/2356 2346/47/2346
f 2346/47/2346 2356/104/2356 2357/105/2357 2347/48/2347
f 2347/48/2347 2357/105/2357 2358/106/2358 2348/49/2348
f 2348/49/2348 2358/106/2358 2359/107/2359 2349/50/2349
f 2349/50/2349 2359/107/2359 2360/108/2360 2350/51/2350
f 2351/99/2351 2361/150/2361 2362/151/2362 2352/100/2352
f 2352/100/2352 2362/151/2362 2363/152/2363 2353/101/2353
f 2353/101/2353 2363/152/2363 2364/153/2364 2354/102/2354
f 2354/102/2354 2364/153/2364 2365/154/2365 2355/103/2355
f 2355/103/2355 2365/154/2365 2366/155/2366 2356/104/2356
f 2356/104/2356 2366/155/2366 2367/156/2367 2357/105/2357
f 2357/105/2357 2367/156/2367 2368/157/2368 2358/106/2358
f 2358/106/2358 2368/157/2368 2369/158/2369 2359/107/2359
f 2359/107/2359 2369/158/2369 2370/159/2370 2360/108/2360
f 2361/150/2361 2371/207/2371 2372/208/2372 2362/151/2362
f 2362/151/2362 2372/208/2372 2373/209/2373 2363/152/2363
f 2363/152/2363 2373/209/2373 2374/210/2374 2364/153/2364
f 2364/153/2364 2374/210/2374 2375/211/2375 2365/154/2365
f 2365/154/2365 2375/211/2375 2376/212/2376 2366/155/2366
f 2366/155/2366 2376/212/2376 2377/213/2377 2367/156/2367
f 2367/156/2367 2377/213/2377 2378/214/2378 2368/157/2368
f 2368/157/2368 2378/214/2378 2379/215/2379 2369/158/2369
f 2369/158/2369 2379/215/2379 2380/216/2380 2370/159/2370
f 2371/207/2371 2381/258/2381 2382/259/2382 2372/208/2372
f 2372/208/2372 2382/259/2382 2383/260/2383 2373/209/2373
f 2373/209/2373 2383/260/2383 2384/261/2384 2374/210/2374
f 2374/210/2374 2384/261/2384 2385/262/2385 2375/211/2375
f 2375/211/2375 2385/262/2385 2386/263/2386 2376/212/2376
f 2376/212/2376 2386/263/2386 2387/264/2387 2377/213/2377
f 2377/213/2377 2387/264/2387 2388/265/2388 2378/214/2378
f 2378/214/2378 2388/265/2388 2389/266/2389 2379/215/2379
f 2379/215/2379 2389/266/2389 2390/267/2390 2380/216/2380
f 2381/258/2381 2391/315/2391 2392/316/2392 2382/259/2382
f 2382/259/2382 2392/316/2392 2393/317/2393 2383/260/2383
f 2383/260/2383 2393/317/2393 2394/318/2394 2384/261/2384
f 2384/261/2384 2394/318/2394 2395/319/2395 2385/262/2385
f 2385/262/2385 2395/319/2395 2396/320/2396 2386/263/2386
f 2386/263/2386 2396/320/2396 2397/321/2397 2387/264/2387
f 2387/264/2387 2397/321/2397 2398/322/2398 2388/265/2388
f 2388/265/2388 2398/322/2398 2399/323/2399 2389/266/2389
f 2389/266/2389 2399/323/2399 2400/324/2400 2390/267/2390
f 2391/315/2391 2401/366/2401 2402/367/2402 2392/316/2392
f 2392/316/2392 2402/367/2402 2403/368/2403 2393/317/2393
f 2393/317/2393 2403/368/2403 2404/369/2404 2394/318/2394
f 2394/318/2394 2404/369/2404 2405/370/2405 2395/319/2395
f 2395/319/2395 2405/370/2405 2406/371/2406 2396/320/2396
f 2396/320/2396 2406/371/2406 2407/372/2407 2397/321/2397
f 2397/321/2397 2407/372/2407 2408/373/2408 2398/322/2398
f 2398/322/2398 2408/373/2408 2409/374/2409 2399/323/2399
f 2399/323/2399 2409/374/2409 2410/375/2410 2400/324/2400
f 2401/366/2401 2411/423/2411 2412/424/2412 2402/367/2402
f 2402/367/2402 2412/424/2412 2413/425/2413 2403/368/2403
f 2403/368/2403 2413/425/2413 2414/426/2414 2404/369/2404
f 2404/369/2404 2414/426/2414 2415/427/2415 2405/370/2405
f 2405/370/2405 2415/427/2415 2416/428/2416 2406/371/2406
f 2406/371/2406 2416/428/2416 2417/429/2417 2407/372/2407
f 2407/372/2407 2417/429/2417 2418/430/2418 2408/373/2408
f 2408/373/2408 2418/430/2418 2419/431/2419 2409/374/2409
f 2409/374/2409 2419/431/2419 2420/432/2420 2410/375/2410
f 2411/423/2411 2421/474/2421 2422/475/2422 2412/424/2412
f 2412/424/2412 2422/475/2422 2423/476/2423 2413/425/2413
f 2413/425/2413 2423/476/2423 2424/477/2424 2414/426/2414
f 2414/426/2414 2424/477/2424 2425/478/2425 2415/427/2415
f 2415/427/2415 2425/478/2425 2426/479/2426 2416/428/2416
f 2416/428/2416 2426/479/2426 2427/480/2427 2417/429/2417
f 2417/429/2417 2427/480/2427 2428/481/2428 2418/430/2418
f 2418/430/2418 2428/481/2428 2429/482/2429 2419/431/2419
f 2419/431/2419 2429/482/2429 2430/483/2430 2420/432/2420
f 2421/474/2421 2431/531/2431 2432/532/2432 2422/475/2422
f 2422/475/2422 2432/532/2432 2433/533/2433 2423/476/2423
f 2423/476/2423 2433/533/2433 2434/534/2434 2424/477/2424
f 2424/477/2424 2434/534/2434 2435/535/2435 2425/478/2425
f 2425/478/2425 2435/535/2435 2436/536/2436 2426/479/2426
f 2426/479/2426 2436/536/2436 2437/537/2437 2427/480/2427
f 2427/480/2427 2437/537/2437 2438/538/2438 2428/481/2428
f 2428/481/2428 2438/538/2438 2439/539/2439 2429/482/2429
f 2429/482/2429 2439/539/2439 2440/540/2440 2430/483/2430
f 2441/1070/2441 2444/1067/2444 2445/1116/2445 2442/1121/2442
f 2441/1070/2441 2462/1013/2462 2463/1008/2463 2444/1067/2444
f 2442/1121/2442 2443/1131/2443 2441/1070/2441
f 2442/41/2442 2832/98/2832 2443/108/2443
f 2443/1080/2443 2462/1013/2462 2441/1070/2441
f 2443/1023/2443 2472/962/2472 2462/1013/2462
f 2443/972/2443 2482/905/2482 2472/962/2472
f 2443/915/2443 2492/854/2492 2482/905/2482
f 2443/864/2443 2502/797/2502 2492/854/2492
f 2443/807/2443 2512/746/2512 2502/797/2502
f 2443/756/2443 2522/689/2522 2512/746/2512
f 2443/699/2443 2532/638/2532 2522/689/2522
f 2443/648/2443 2542/581/2542 2532/638/2532
f 2443/591/2443 2552/530/2552 2542/581/2542
f 2443/540/2443 2562/473/2562 2552/530/2552
f 2443/483/2443 2572/422/2572 2562/473/2562
f 2443/432/2443 2582/365/2582 2572/422/2572
f 2443/375/2443 2592/314/2592 2582/365/2582
f 2443/324/2443 2602/257/2602 2592/314/2592
f 2443/267/2443 2612/206/2612 2602/257/2602
f 2443/216/2443 2622/149/2622 2612/206/2612
f 2443/159/2443 2632/98/2632 2622/149/2622
f 2443/108/2443 2642/41/2642 2632/98/2632
f 2443/1131/2443 2652/1070/2652 2642/1121/2642
f 2443/1080/2443 2662/1013/2662 2652/1070/2652
f 2443/1023/2443 2672/962/2672 2662/1013/2662
f 2443/972/2443 2682/905/2682 2672/962/2672
f 2443/915/2443 2692/854/2692 2682/905/2682
f 2443/864/2443 2702/797/2702 2692/854/2692
f 2443/807/2443 2712/746/2712 2702/797/2702
f 2443/756/2443 2722/689/2722 2712/746/2712
f 2443/699/2443 2732/638/2732 2722/689/2722
f 2443/648/2443 2742/581/2742 2732/638/2732
f 2443/591/2443 2752/530/2752 2742/581/2742
f 2443/540/2443 2762/473/2762 2752/530/2752
f 2443/483/2443 2772/422/2772 2762/473/2762
f 2443/432/2443 2782/365/2782 2772/422/2772
f 2443/375/2443 2792/314/2792 2782/365/2782
f 2443/324/2443 2802/257/2802 2792/314/2792
f 2443/267/2443 2812/206/2812 2802/257/2802
f 2443/216/2443 2822/149/2822 2812/206/2812
f 2443/159/2443 2832/98/2832 2822/149/2822
f 2444/1067/2444 2446/1064/2446 2447/1112/2447 2445/1116/2445
f 2444/1067/2444 2463/1008/2463 2464/1004/2464 2446/1064/2446
f 2445/36/2445 2833/95/2833 2832/98/2832 2442/41/2442
f 2446/1064/2446 2448/1061/2448 2449/1108/2449 2447/1112/2447
f 2446/1064/2446 2464/1004/2464 2465/1000/2465 2448/1061/2448
f 2447/32/2447 2834/92/2834 2833/95/2833 2445/36/2445
f 2448/1061/2448 2450/1058/2450 2451/1103/2451 2449/1108/2449
f 2448/1061/2448 2465/1000/2465 2466/995/2466 2450/1058/2450
f 2449/28/2449 2835/89/2835 2834/92/2834 2447/32/2447
f 2450/1058/2450 2452/1056/2452 2453/1100/2453 2451/1103/2451
f 2450/1058/2450 2466/995/2466 2467/992/2467 2452/1056/2452
f 2451/23/2451 2836/86/2836 2835/89/2835 2449/28/2449
f 2452/1056/2452 2454/1053/2454 2455/1096/2455 2453/1100/2453
f 2452/1056/2452 2467/992/2467 2468/988/2468 2454/1053/2454
f 2453/20/2453 2837/84/2837 2836/86/2836 2451/23/2451
f 2454/1053/2454 2456/1050/2456 2457/1091/2457 2455/1096/2455
f 2454/1053/2454 2468/988/2468 2469/983/2469 2456/1050/2456
f 2455/16/2455 2838/81/2838 2837/84/2837 2453/20/2453
f 2456/1050/2456 2458/1047/2458 2459/1086/2459 2457/1091/2457
f 2456/1050/2456 2469/983/2469 2470/978/2470 2458/1047/2458
f 2457/11/2457 2839/78/2839 2838/81/2838 2455/16/2455
f 2458/1047/2458 2460/1044/2460 2461/1081/2461 2459/1086/2459
f 2458/1047/2458 2470/978/2470 2471/973/2471 2460/1044/2460
f 2459/6/2459 2840/75/2840 2839/78/2839 2457/11/2457
f 2460/1080/2460 2842/1070/2842 2843/1121/2843 2461/1131/2461
f 2461/1/2461 2841/72/2841 2840/75/2840 2459/6/2459
f 2461/51/2461 2843/41/2843 3232/98/3232 2841/108/2841
f 2462/1013/2462 2472/962/2472 2473/959/2473 2463/1008/2463
f 2463/1008/2463 2473/959/2473 2474/956/2474 2464/1004/2464
f 2464/1004/2464 2474/956/2474 2475/953/2475 2465/1000/2465
f 2465/1000/2465 2475/953/2475 2476/950/2476 2466/995/2466
f 2466/995/2466 2476/950/2476 2477/948/2477 2467/992/2467
f 2467/992/2467 2477/948/2477 2478/945/2478 2468/988/2468
f 2468/988/2468 2478/945/2478 2479/942/2479 2469/983/2469
f 2469/983/2469 2479/942/2479 2480/939/2480 2470/978/2470
f 2470/978/2470 2480/939/2480 2481/936/2481 2471/973/2471
f 2471/1023/2471 2862/1013/2862 2842/1070/2842 2460/1080/2460
f 2472/962/2472 2482/905/2482 2483/900/2483 2473/959/2473
f 2473/959/2473 2483/900/2483 2484/896/2484 2474/956/2474
f 2474/956/2474 2484/896/2484 2485/892/2485 2475/953/2475
f 2475/953/2475 2485/892/2485 2486/887/2486 2476/950/2476
f 2476/950/2476 2486/887/2486 2487/884/2487 2477/948/2477
f 2477/948/2477 2487/884/2487 2488/880/2488 2478/945/2478
f 2478/945/2478 2488/880/2488 2489/875/2489 2479/942/2479
f 2479/942/2479 2489/875/2489 2490/870/2490 2480/939/2480
f 2480/939/2480 2490/870/2490 2491/865/2491 2481/936/2481
f 2481/972/2481 2872/962/2872 2862/1013/2862 2471/1023/2471
f 2482/905/2482 2492/854/2492 2493/851/2493 2483/900/2483
f 2483/900/2483 2493/851/2493 2494/848/2494 2484/896/2484
f 2484/896/2484 2494/848/2494 2495/845/2495 2485/892/2485
f 2485/892/2485 2495/845/2495 2496/842/2496 2486/887/2486
f 2486/887/2486 2496/842/2496 2497/840/2497 2487/884/2487
f 2487/884/2487 2497/840/2497 2498/837/2498 2488/880/2488
f 2488/880/2488 2498/837/2498 2499/834/2499 2489/875/2489
f 2489/875/2489 2499/834/2499 2500/831/2500 2490/870/2490
f 2490/870/2490 2500/831/2500 2501/828/2501 2491/865/2491
f 2491/915/2491 2882/905/2882 2872/962/2872 2481/972/2481
f 2492/854/2492 2502/797/2502 2503/792/2503 2493/851/2493
f 2493/851/2493 2503/792/2503 2504/788/2504 2494/848/2494
f 2494/848/2494 2504/788/2504 2505/784/2505 2495/845/2495
f 2495/845/2495 2505/784/2505 2506/779/2506 2496/842/2496
f 2496/842/2496 2506/779/2506 2507/776/2507 2497/840/2497
f 2497/840/2497 2507/776/2507 2508/772/2508 2498/837/2498
f 2498/837/2498 2508/772/2508 2509/767/2509 2499/834/2499
f 2499/834/2499 2509/767/2509 2510/762/2510 2500/831/2500
f 2500/831/2500 2510/762/2510 2511/757/2511 2501/828/2501
f 2501/864/2501 2892/854/2892 2882/905/2882 2491/915/2491
f 2502/797/2502 2512/746/2512 2513/743/2513 2503/792/2503
f 2503/792/2503 2513/743/2513 2514/740/2514 2504/788/2504
f 2504/788/2504 2514/740/2514 2515/737/2515 2505/784/2505
f 2505/784/2505 2515/737/2515 2516/734/2516 2506/779/2506
f 2506/779/2506 2516/734/2516 2517/732/2517 2507/776/2507
f 2507/776/2507 2517/732/2517 2518/729/2518 2508/772/2508
f 2508/772/2508 2518/729/2518 2519/726/2519 2509/767/2509
f 2509/767/2509 2519/726/2519 2520/723/2520 2510/762/2510
f 2510/762/2510 2520/723/2520 2521/720/2521 2511/757/2511
f 2511/807/2511 2902/797/2902 2892/854/2892 2501/864/2501
f 2512/746/2512 2522/689/2522 2523/684/2523 2513/743/2513
f 2513/743/2513 2523/684/2523 2524/680/2524 2514/740/2514
f 2514/740/2514 2524/680/2524 2525/676/2525 2515/737/2515
f 2515/737/2515 2525/676/2525 2526/671/2526 2516/734/2516
f 2516/734/2516 2526/671/2526 2527/668/2527 2517/732/2517
f 2517/732/2517 2527/668/2527 2528/664/2528 2518/729/2518
f 2518/729/2518 2528/664/2528 2529/659/2529 2519/726/2519
f 2519/726/2519 2529/659/2529 2530/654/2530 2520/723/2520
f 2520/723/2520 2530/654/2530 2531/649/2531 2521/720/2521
f 2521/756/2521 2912/746/2912 2902/797/2902 2511/807/2511
f 2522/689/2522 2532/638/2532 2533/635/2533 2523/684/2523
f 2523/684/2523 2533/635/2533 2534/632/2534 2524/680/2524
f 2524/680/2524 2534/632/2534 2535/629/2535 2525/676/2525
f 2525/676/2525 2535/629/2535 2536/626/2536 2526/671/2526
f 2526/671/2526 2536/626/2536 2537/624/2537 2527/668/2527
f 2527/668/2527 2537/624/2537 2538/621/2538 2528/664/2528
f 2528/664/2528 2538/621/2538 2539/618/2539 2529/659/2529
f 2529/659/2529 2539/618/2539 2540/615/2540 2530/654/2530
f 2530/654/2530 2540/615/2540 2541/612/2541 2531/649/2531
f 2531/699/2531 2922/689/2922 2912/746/2912 2521/756/2521
f 2532/638/2532 2542/581/2542 2543/576/2543 2533/635/2533
f 2533/635/2533 2543/576/2543 2544/572/2544 2534/632/2534
f 2534/632/2534 2544/572/2544 2545/568/2545 2535/629/2535
f 2535/629/2535 2545/568/2545 2546/563/2546 2536/626/2536
f 2536/626/2536 2546/563/2546 2547/560/2547 2537/624/2537
f 2537/624/2537 2547/560/2547 2548/556/2548 2538/621/2538
f 2538/621/2538 2548/556/2548 2549/551/2549 2539/618/2539
f 2539/618/2539 2549/551/2549 2550/546/2550 2540/615/2540
f 2540/615/2540 2550/546/2550 2551/541/2551 2541/612/2541
f 2541/648/2541 2932/638/2932 2922/689/2922 2531/699/2531
f 2542/581/2542 2552/530/2552 2553/527/2553 2543/576/2543
f 2543/576/2543 2553/527/2553 2554/524/2554 2544/572/2544
f 2544/572/2544 2554/524/2554 2555/521/2555 2545/568/2545
f 2545/568/2545 2555/521/2555 2556/518/2556 2546/563/2546
f 2546/563/2546 2556/518/2556 2557/516/2557 2547/560/2547
f 2547/560/2547 2557/516/2557 2558/513/2558 2548/556/2548
f 2548/556/2548 2558/513/2558 2559/510/2559 2549/551/2549
f 2549/551/2549 2559/510/2559 2560/507/2560 2550/546/2550
f 2550/546/2550 2560/507/2560 2561/504/2561 2551/541/2551
f 2551/591/2551 2942/581/2942 2932/638/2932 2541/648/2541
f 2552/530/2552 2562/473/2562 2563/468/2563 2553/527/2553
f 2553/527/2553 2563/468/2563 2564/464/2564 2554/524/2554
f 2554/524/2554 2564/464/2564 2565/460/2565 2555/521/2555
f 2555/521/2555 2565/460/2565 2566/455/2566 2556/518/2556
f 2556/518/2556 2566/455/2566 2567/452/2567 2557/516/2557
f 2557/516/2557 2567/452/2567 2568/448/2568 2558/513/2558
f 2558/513/2558 2568/448/2568 2569/443/2569 2559/510/2559
f 2559/510/2559 2569/443/2569 2570/438/2570 2560/507/2560
f 2560/507/2560 2570/438/2570 2571/433/2571 2561/504/2561
f 2561/540/2561 2952/530/2952 2942/581/2942 2551/591/2551
f 2562/473/2562 2572/422/2572 2573/419/2573 2563/468/2563
f 2563/468/2563 2573/419/2573 2574/416/2574 2564/464/2564
f 2564/464/2564 2574/416/2574 2575/413/2575 2565/460/2565
f 2565/460/2565 2575/413/2575 2576/410/2576 2566/455/2566
f 2566/455/2566 2576/410/2576 2577/408/2577 2567/452/2567
f 2567/452/2567 2577/408/2577 2578/405/2578 2568/448/2568
f 2568/448/2568 2578/405/2578 2579/402/2579 2569/443/2569
f 2569/443/2569 2579/402/2579 2580/399/2580 2570/438/2570
f 2570/438/2570 2580/399/2580 2581/396/2581 2571/433/2571
f 2571/483/2571 2962/473/2962 2952/530/2952 2561/540/2561
f 2572/422/2572 2582/365/2582 2583/360/2583 2573/419/2573
f 2573/419/2573 2583/360/2583 2584/356/2584 2574/416/2574
f 2574/416/2574 2584/356/2584 2585/352/2585 2575/413/2575
f 2575/413/2575 2585/352/2585 2586/347/2586 2576/410/2576
f 2576/410/2576 2586/347/2586 2587/344/2587 2577/408/2577
f 2577/408/2577 2587/344/2587 2588/340/2588 2578/405/2578
f 2578/405/2578 2588/340/2588 2589/335/2589 2579/402/2579
f 2579/402/2579 2589/335/2589 2590/330/2590 2580/399/2580
f 2580/399/2580 2590/330/2590 2591/325/2591 2581/396/2581
f 2581/432/2581 2972/422/2972 2962/473/2962 2571/483/2571
f 2582/365/2582 2592/314/2592 2593/311/2593 2583/360/2583
f 2583/360/2583 2593/311/2593 2594/308/2594 2584/356/2584
f 2584/356/2584 2594/308/2594 2595/305/2595 2585/352/2585
f 2585/352/2585 2595/305/2595 2596/302/2596 2586/347/2586
f 2586/347/2586 2596/302/2596 2597/300/2597 2587/344/2587
f 2587/344/2587 2597/300/2597 2598/297/2598 2588/340/2588
f 2588/340/2588 2598/297/2598 2599/294/2599 2589/335/2589
f 2589/335/2589 2599/294/2599 2600/291/2600 2590/330/2590
f 2590/330/2590 2600/291/2600 2601/288/2601 2591/325/2591
f 2591/375/2591 2982/365/2982 2972/422/2972 2581/432/2581
f 2592/314/2592 2602/257/2602 2603/252/2603 2593/311/2593
f 2593/311/2593 2603/252/2603 2604/248/2604 2594/308/2594
f 2594/308/2594 2604/248/2604 2605/244/2605 2595/305/2595
f 2595/305/2595 2605/244/2605 2606/239/2606 2596/302/2596
f 2596/302/2596 2606/239/2606 2607/236/2607 2597/300/2597
f 2597/300/2597 2607/236/2607 2608/232/2608 2598/297/2598
f 2598/297/2598 2608/232/2608 2609/227/2609 2599/294/2599
f 2599/294/2599 2609/227/2609 2610/222/2610 2600/291/2600
f 2600/291/2600 2610/222/2610 2611/217/2611 2601/288/2601
f 2601/324/2601 2992/314/2992 2982/365/2982 2591/375/2591
f 2602/257/2602 2612/206/2612 2613/203/2613 2603/252/2603
f 2603/252/2603 2613/203/2613 2614/200/2614 2604/248/2604
f 2604/248/2604 2614/200/2614 2615/197/2615 2605/244/2605
f 2605/244/2605 2615/197/2615 2616/194/2616 2606/239/2606
f 2606/239/2606 2616/194/2616 2617/192/2617 2607/236/2607
f 2607/236/2607 2617/192/2617 2618/189/2618 2608/232/2608
f 2608/232/2608 2618/189/2618 2619/186/2619 2609/227/2609
f 2609/227/2609 2619/186/2619 2620/183/2620 2610/222/2610
f 2610/222/2610 2620/183/2620 2621/180/2621 2611/217/2611
f 2611/267/2611 3002/257/3002 2992/314/2992 2601/324/2601
f 2612/206/2612 2622/149/2622 2623/144/2623 2613/203/2613
f 2613/203/2613 2623/144/2623 2624/140/2624 2614/200/2614
f 2614/200/2614 2624/140/2624 2625/136/2625 2615/197/2615
f 2615/197/2615 2625/136/2625 2626/131/2626 2616/194/2616
f 2616/194/2616 2626/131/2626 2627/128/2627 2617/192/2617
f 2617/192/2617 2627/128/2627 2628/124/2628 2618/189/2618
f 2618/189/2618 2628/124/2628 2629/119/2629 2619/186/2619
f 2619/186/2619 2629/119/2629 2630/114/2630 2620/183/2620
f 2620/183/2620 2630/114/2630 2631/109/2631 2621/180/2621
f 2621/216/2621 3012/206/3012 3002/257/3002 2611/267/2611
f 2622/149/2622 2632/98/2632 2633/95/2633 2623/144/2623
f 2623/144/2623 2633/95/2633 2634/92/2634 2624/140/2624
f 2624/140/2624 2634/92/2634 2635/89/2635 2625/136/2625
f 2625/136/2625 2635/89/2635 2636/86/2636 2626/131/2626
f 2626/131/2626 2636/86/2636 2637/84/2637 2627/128/2627
f 2627/128/2627 2637/84/2637 2638/81/2638 2628/124/2628
f 2628/124/2628 2638/81/2638 2639/78/2639 2629/119/2629
f 2629/119/2629 2639/78/2639 2640/75/2640 2630/114/2630
f 2630/114/2630 2640/75/2640 2641/72/2641 2631/109/2631
f 2631/159/2631 3022/149/3022 3012/206/3012 2621/216/2621
f 2632/98/2632 2642/41/2642 2643/36/2643 2633/95/2633
f 2633/95/2633 2643/36/2643 2644/32/2644 2634/92/2634
f 2634/92/2634 2644/32/2644 2645/28/2645 2635/89/2635
f 2635/89/2635 2645/28/2645 2646/23/2646 2636/86/2636
f 2636/86/2636 2646/23/2646 2647/20/2647 2637/84/2637
f 2637/84/2637 2647/20/2647 2648/16/2648 2638/81/2638
f 2638/81/2638 2648/16/2648 2649/11/2649 2639/78/2639
f 2639/78/2639 2649/11/2649 2650/6/2650 2640/75/2640
f 2640/75/2640 2650/6/2650 2651/1/2651 2641/72/2641
f 2641/108/2641 3032/98/3032 3022/149/3022 2631/159/2631
f 2642/1121/2642 2652/1070/2652 2653/1067/2653 2643/1116/2643
f 2643/1116/2643 2653/1067/2653 2654/1064/2654 2644/1112/2644
f 2644/1112/2644 2654/1064/2654 2655/1061/2655 2645/1108/2645
f 2645/1108/2645 2655/1061/2655 2656/1058/2656 2646/1103/2646
f 2646/1103/2646 2656/1058/2656 2657/1056/2657 2647/1100/2647
f 2647/1100/2647 2657/1056/2657 2658/1053/2658 2648/1096/2648
f 2648/1096/2648 2658/1053/2658 2659/1050/2659 2649/1091/2649
f 2649/1091/2649 2659/1050/2659 2660/1047/2660 2650/1086/2650
f 2650/1086/2650 2660/1047/2660 2661/1044/2661 2651/1081/2651
f 2651/51/2651 3042/41/3042 3032/98/3032 2641/108/2641
f 2652/1070/2652 2662/1013/2662 2663/1008/2663 2653/1067/2653
f 2653/1067/2653 2663/1008/2663 2664/1004/2664 2654/1064/2654
f 2654/1064/2654 2664/1004/2664 2665/1000/2665 2655/1061/2655
f 2655/1061/2655 2665/1000/2665 2666/995/2666 2656/1058/2656
f 2656/1058/2656 2666/995/2666 2667/992/2667 2657/1056/2657
f 2657/1056/2657 2667/992/2667 2668/988/2668 2658/1053/2658
f 2658/1053/2658 2668/988/2668 2669/983/2669 2659/1050/2659
f 2659/1050/2659 2669/983/2669 2670/978/2670 2660/1047/2660
f 2660/1047/2660 2670/978/2670 2671/973/2671 2661/1044/2661
f 2661/1080/2661 3052/1070/3052 3042/1121/3042 2651/1131/2651
f 2662/1013/2662 2672/962/2672 2673/959/2673 2663/1008/2663
f 2663/1008/2663 2673/959/2673 2674/956/2674 2664/1004/2664
f 2664/1004/2664 2674/956/2674 2675/953/2675 2665/1000/2665
f 2665/1000/2665 2675/953/2675 2676/950/2676 2666/995/2666
f 2666/995/2666 2676/950/2676 2677/948/2677 2667/992/2667
f 2667/992/2667 2677/948/2677 2678/945/2678 2668/988/2668
f 2668/988/2668 2678/945/2678 2679/942/2679 2669/983/2669
f 2669/983/2669 2679/942/2679 2680/939/2680 2670/978/2670
f 2670/978/2670 2680/939/2680 2681/936/2681 2671/973/2671
f 2671/1023/2671 3062/1013/3062 3052/1070/3052 2661/1080/2661
f 2672/962/2672 2682/905/2682 2683/900/2683 2673/959/2673
f 2673/959/2673 2683/900/2683 2684/896/2684 2674/956/2674
f 2674/956/2674 2684/896/2684 2685/892/2685 2675/953/2675
f 2675/953/2675 2685/892/2685 2686/887/2686 2676/950/2676
f 2676/950/2676 2686/887/2686 2687/884/2687 2677/948/2677
f 2677/948/2677 2687/884/2687 2688/880/2688 2678/945/2678
f 2678/945/2678 2688/880/2688 2689/875/2689 2679/942/2679
f 2679/942/2679 2689/875/2689 2690/870/2690 2680/939/2680
f 2680/939/2680 2690/870/2690 2691/865/2691 2681/936/2681
f 2681/972/2681 3072/962/3072 3062/1013/3062 2671/1023/2671
f 2682/905/2682 2692/854/2692 2693/851/2693 2683/900/2683
f 2683/900/2683 2693/851/2693 2694/848/2694 2684/896/2684
f 2684/896/2684 2694/848/2694 2695/845/2695 2685/892/2685
f 2685/892/2685 2695/845/2695 2696/842/2696 2686/887/2686
f 2686/887/2686 2696/842/2696 2697/840/2697 2687/884/2687
f 2687/884/2687 2697/840/2697 2698/837/2698 2688/880/2688
f 2688/880/2688 2698/837/2698 2699/834/2699 2689/875/2689
f 2689/875/2689 2699/834/2699 2700/831/2700 2690/870/2690
f 2690/870/2690 2700/831/2700 2701/828/2701 2691/865/2691
f 2691/915/2691 3082/905/3082 3072/962/3072 2681/972/2681
f 2692/854/2692 2702/797/2702 2703/792/2703 2693/851/2693
f 2693/851/2693 2703/792/2703 2704/788/2704 2694/848/2694
f 2694/848/2694 2704/788/2704 2705/784/2705 2695/845/2695
f 2695/845/2695 2705/784/2705 2706/779/2706 2696/842/2696
f 2696/842/2696 2706/779/2706 2707/776/2707 2697/840/2697
f 2697/840/2697 2707/776/2707 2708/772/2708 2698/837/2698
f 2698/837/2698 2708/772/2708 2709/767/2709 2699/834/2699
f 2699/834/2699 2709/767/2709 2710/762/2710 2700/831/2700
f 2700/831/2700 2710/762/2710 2711/757/2711 2701/828/2701
f 2701/864/2701 3092/854/3092 3082/905/3082 2691/915/2691
f 2702/797/2702 2712/746/2712 2713/743/2713 2703/792/2703
f 2703/792/2703 2713/743/2713 2714/740/2714 2704/788/2704
f 2704/788/2704 2714/740/2714 2715/737/2715 2705/784/2705
f 2705/784/2705 2715/737/2715 2716/734/2716 2706/779/2706
f 2706/779/2706 2716/734/2716 2717/732/2717 2707/776/2707
f 2707/776/2707 2717/732/2717 2718/729/2718 2708/772/2708
f 2708/772/2708 2718/729/2718 2719/726/2719 2709/767/2709
f 2709/767/2709 2719/726/2719 2720/723/2720 2710/762/2710
f 2710/762/2710 2720/723/2720 2721/720/2721 2711/757/2711
f 2711/807/2711 3102/797/3102 3092/854/3092 2701/864/2701
f 2712/746/2712 2722/689/2722 2723/684/2723 2713/743/2713
f 2713/743/2713 2723/684/2723 2724/680/2724 2714/740/2714
f 2714/740/2714 2724/680/2724 2725/676/2725 2715/737/2715
f 2715/737/2715 2725/676/2725 2726/671/2726 2716/734/2716
f 2716/734/2716 2726/671/2726 2727/668/2727 2717/732/2717
f 2717/732/2717 2727/668/2727 2728/664/2728 2718/729/2718
f 2718/729/2718 2728/664/2728 2729/659/2729 2719/726/2719
f 2719/726/2719 2729/659/2729 2730/654/2730 2720/723/2720
f 2720/723/2720 2730/654/2730 2731/649/2731 2721/720/2721
f 2721/756/2721 3112/746/3112 3102/797/3102 2711/807/2711
f 2722/689/2722 2732/638/2732 2733/635/2733 2723/684/2723
f 2723/684/2723 2733/635/2733 2734/632/2734 2724/680/2724
f 2724/680/2724 2734/632/2734 2735/629/2735 2725/676/2725
f 2725/676/2725 2735/629/2735 2736/626/2736 2726/671/2726
f 2726/671/2726 2736/626/2736 2737/624/2737 2727/668/2727
f 2727/668/2727 2737/624/2737 2738/621/2738 2728/664/2728
f 2728/664/2728 2738/621/2738 2739/618/2739 2729/659/2729
f 2729/659/2729 2739/618/2739 2740/615/2740 2730/654/2730
f 2730/654/2730 2740/615/2740 2741/612/2741 2731/649/2731
f 2731/699/2731 3122/689/3122 3112/746/3112 2721/756/2721
f 2732/638/2732 2742/581/2742 2743/576/2743 2733/635/2733
f 2733/635/2733 2743/576/2743 2744/572/2744 2734/632/2734
f 2734/632/2734 2744/572/2744 2745/568/2745 2735/629/2735
f 2735/629/2735 2745/568/2745 2746/563/2746 2736/626/2736
f 2736/626/2736 2746/563/2746 2747/560/2747 2737/624/2737
f 2737/624/2737 2747/560/2747 2748/556/2748 2738/621/2738
f 2738/621/2738 2748/556/2748 2749/551/2749 2739/618/2739
f 2739/618/2739 2749/551/2749 2750/546/2750 2740/615/2740
f 2740/615/2740 2750/546/2750 2751/541/2751 2741/612/2741
f 2741/648/2741 3132/638/3132 3122/689/3122 2731/699/2731
f 2742/581/2742 2752/530/2752 2753/527/2753 2743/576/2743
f 2743/576/2743 2753/527/2753 2754/524/2754 2744/572/2744
f 2744/572/2744 2754/524/2754 2755/521/2755 2745/568/2745
f 2745/568/2745 2755/521/2755 2756/518/2756 2746/563/2746
f 2746/563/2746 2756/518/2756 2757/516/2757 2747/560/2747
f 2747/560/2747 2757/516/2757 2758/513/2758 2748/556/2748
f 2748/556/2748 2758/513/2758 2759/510/2759 2749/551/2749
f 2749/551/2749 2759/510/2759 2760/507/2760 2750/546/2750
f 2750/546/2750 2760/507/2760 2761/504/2761 2751/541/2751
f 2751/591/2751 3142/581/3142 3132/638/3132 2741/648/2741
f 2752/530/2752 2762/473/2762 2763/468/2763 2753/527/2753
f 2753/527/2753 2763/468/2763 2764/464/2764 2754/524/2754
f 2754/524/2754 2764/464/2764 2765/460/2765 2755/521/2755
f 2755/521/2755 2765/460/2765 2766/455/2766 2756/518/2756
f 2756/518/2756 2766/455/2766 2767/452/2767 2757/516/2757
f 2757/516/2757 2767/452/2767 2768/448/2768 2758/513/2758
f 2758/513/2758 2768/448/2768 2769/443/2769 2759/510/2759
f 2759/510/2759 2769/443/2769 2770/438/2770 2760/507/2760
f 2760/507/2760 2770/438/2770 2771/433/2771 2761/504/2761
f 2761/540/2761 3152/530/3152 3142/581/3142 2751/591/2751
f 2762/473/2762 2772/422/2772 2773/419/2773 2763/468/2763
f 2763/468/2763 2773/419/2773 2774/416/2774 2764/464/2764
f 2764/464/2764 2774/416/2774 2775/413/2775 2765/460/2765
f 2765/460/2765 2775/413/2775 2776/410/2776 2766/455/2766
f 2766/455/2766 2776/410/2776 2777/408/2777 2767/452/2767
f 2767/452/2767 2777/408/2777 2778/405/2778 2768/448/2768
f 2768/448/2768 2778/405/2778 2779/402/2779 2769/443/2769
f 2769/443/2769 2779/402/2779 2780/399/2780 2770/438/2770
f 2770/438/2770 2780/399/2780 2781/396/2781 2771/433/2771
f 2771/483/2771 3162/473/3162 3152/530/3152 2761/540/2761
f 2772/422/2772 2782/365/2782 2783/360/2783 2773/419/2773
f 2773/419/2773 2783/360/2783 2784/356/2784 2774/416/2774
f 2774/416/2774 2784/356/2784 2785/352/2785 2775/413/2775
f 2775/413/2775 2785/352/2785 2786/347/2786 2776/410/2776
f 2776/410/2776 2786/347/2786 2787/344/2787 2777/408/2777
f 2777/408/2777 2787/344/2787 2788/340/2788 2778/405/2778
f 2778/405/2778 2788/340/2788 2789/335/2789 2779/402/2779
f 2779/402/2779 2789/335/2789 2790/330/2790 2780/399/2780
f 2780/399/2780 2790/330/2790 2791/325/2791 2781/396/2781
f 2781/432/2781 3172/422/3172 3162/473/3162 2771/483/2771
f 2782/365/2782 2792/314/2792 2793/311/2793 2783/360/2783
f 2783/360/2783 2793/311/2793 2794/308/2794 2784/356/2784
f 2784/356/2784 2794/308/2794 2795/305/2795 2785/352/2785
f 2785/352/2785 2795/305/2795 2796/302/2796 2786/347/2786
f 2786/347/2786 2796/302/2796 2797/300/2797 2787/344/2787
f 2787/344/2787 2797/300/2797 2798/297/2798 2788/340/2788
f 2788/340/2788 2798/297/2798 2799/294/2799 2789/335/2789
f 2789/335/2789 2799/294/2799 2800/291/2800 2790/330/2790
f 2790/330/2790 2800/291/2800 2801/288/2801 2791/325/2791
f 2791/375/2791 3182/365/3182 3172/422/3172 2781/432/2781
f 2792/314/2792 2802/257/2802 2803/252/2803 2793/311/2793
f 2793/311/2793 2803/252/2803 2804/248/2804 2794/308/2794
f 2794/308/2794 2804/248/2804 2805/244/2805 2795/305/2795
f 2795/305/2795 2805/244/2805 2806/239/2806 2796/302/2796
f 2796/302/2796 2806/239/2806 2807/236/2807 2797/300/2797
f 2797/300/2797 2807/236/2807 2808/232/2808 2798/297/2798
f 2798/297/2798 2808/232/2808 2809/227/2809 2799/294/2799
f 2799/294/2799 2809/227/2809 2810/222/2810 2800/291/2800
f 2800/291/2800 2810/222/2810 2811/217/2811 2801/288/2801
f 2801/324/2801 3192/314/3192 3182/365/3182 2791/375/2791
f 2802/257/2802 2812/206/2812 2813/203/2813 2803/252/2803
f 2803/252/2803 2813/203/2813 2814/200/2814 2804/248/2804
f 2804/248/2804 2814/200/2814 2815/197/2815 2805/244/2805
f 2805/244/2805 2815/197/2815 2816/194/2816 2806/239/2806
f 2806/239/2806 2816/194/2816 2817/192/2817 2807/236/2807
f 2807/236/2807 2817/192/2817 2818/189/2818 2808/232/2808
f 2808/232/2808 2818/189/2818 2819/186/2819 2809/227/2809
f 2809/227/2809 2819/186/2819 2820/183/2820 2810/222/2810
f 2810/222/2810 2820/183/2820 2821/180/2821 2811/217/2811
f 2811/267/2811 3202/257/3202 3192/314/3192 2801/324/2801
f 2812/206/2812 2822/149/2822 2823/144/2823 2813/203/2813
f 2813/203/2813 2823/144/2823 2824/140/2824 2814/200/2814
f 2814/200/2814 2824/140/2824 2825/136/2825 2815/197/2815
f 2815/197/2815 2825/136/2825 2826/131/2826 2816/194/2816
f 2816/194/2816 2826/131/2826 2827/128/2827 2817/192/2817
f 2817/192/2817 2827/128/2827 2828/124/2828 2818/189/2818
f 2818/189/2818 2828/124/2828 2829/119/2829 2819/186/2819
f 2819/186/2819 2829/119/2829 2830/114/2830 2820/183/2820
f 2820/183/2820 2830/114/2830 2831/109/2831 2821/180/2821
f 2821/216/2821 3212/206/3212 3202/257/3202 2811/267/2811
f 2822/149/2822 2832/98/2832 2833/95/2833 2823/144/2823
f 2823/144/2823 2833/95/2833 2834/92/2834 2824/140/2824
f 2824/140/2824 2834/92/2834 2835/89/2835 2825/136/2825
f 2825/136/2825 2835/89/2835 2836/86/2836 2826/131/2826
f 2826/131/2826 2836/86/2836 2837/84/2837 2827/128/2827
f 2827/128/2827 2837/84/2837 2838/81/2838 2828/124/2828
f 2828/124/2828 2838/81/2838 2839/78/2839 2829/119/2829
f 2829/119/2829 2839/78/2839 2840/75/2840 2830/114/2830
f 2830/114/2830 2840/75/2840 2841/72/2841 2831/109/2831
f 2831/159/2831 3222/149/3222 3212/206/3212 2821/216/2821
f 2841/108/2841 3232/98/3232 3222/149/3222 2831/159/2831
f 2842/1070/2842 2844/1067/2844 2845/1116/2845 2843/1121/2843
f 2842/1070/2842 2862/1013/2862 2863/1008/2863 2844/1067/2844
f 2844/1067/2844 2846/1064/2846 2847/1112/2847 2845/1116/2845
f 2844/1067/2844 2863/1008/2863 2864/1004/2864 2846/1064/2846
f 2845/36/2845 3233/95/3233 3232/98/3232 2843/41/2843
f 2846/1064/2846 2848/1061/2848 2849/1108/2849 2847/1112/2847
f 2846/1064/2846 2864/1004/2864 2865/1000/2865 2848/1061/2848
f 2847/32/2847 3234/92/3234 3233/95/3233 2845/36/2845
f 2848/1061/2848 2850/1058/2850 2851/1103/2851 2849/1108/2849
f 2848/1061/2848 2865/1000/2865 2866/995/2866 2850/1058/2850
f 2849/28/2849 3235/89/3235 3234/92/3234 2847/32/2847
f 2850/1058/2850 2852/1056/2852 2853/1100/2853 2851/1103/2851
f 2850/1058/2850 2866/995/2866 2867/992/2867 2852/1056/2852
f 2851/23/2851 3236/86/3236 3235/89/3235 2849/28/2849
f 2852/1056/2852 2854/1053/2854 2855/1096/2855 2853/1100/2853
f 2852/1056/2852 2867/992/2867 2868/988/2868 2854/1053/2854
f 2853/20/2853 3237/84/3237 3236/86/3236 2851/23/2851
f 2854/1053/2854 2856/1050/2856 2857/1091/2857 2855/1096/2855
f 2854/1053/2854 2868/988/2868 2869/983/2869 2856/1050/2856
f 2855/16/2855 3238/81/3238 3237/84/3237 2853/20/2853
f 2856/1050/2856 2858/1047/2858 2859/1086/2859 2857/1091/2857
f 2856/1050/2856 2869/983/2869 2870/978/2870 2858/1047/2858
f 2857/11/2857 3239/78/3239 3238/81/3238 2855/16/2855
f 2858/1047/2858 2860/1044/2860 2861/1081/2861 2859/1086/2859
f 2858/1047/2858 2870/978/2870 2871/973/2871 2860/1044/2860
f 2859/6/2859 3240/75/3240 3239/78/3239 2857/11/2857
f 2861/1/2861 3241/72/3241 3240/75/3240 2859/6/2859
f 2862/1013/2862 2872/962/2872 2873/959/2873 2863/1008/2863
f 2863/1008/2863 2873/959/2873 2874/956/2874 2864/1004/2864
f 2864/1004/2864 2874/956/2874 2875/953/2875 2865/1000/2865
f 2865/1000/2865 2875/953/2875 2876/950/2876 2866/995/2866
f 2866/995/2866 2876/950/2876 2877/948/2877 2867/992/2867
f 2867/992/2867 2877/948/2877 2878/945/2878 2868/988/2868
f 2868/988/2868 2878/945/2878 2879/942/2879 2869/983/2869
f 2869/983/2869 2879/942/2879 2880/939/2880 2870/978/2870
f 2870/978/2870 2880/939/2880 2881/936/2881 2871/973/2871
f 2872/962/2872 2882/905/2882 2883/900/2883 2873/959/2873
f 2873/959/2873 2883/900/2883 2884/896/2884 2874/956/2874
f 2874/956/2874 2884/896/2884 2885/892/2885 2875/953/2875
f 2875/953/2875 2885/892/2885 2886/887/2886 2876/950/2876
f 2876/950/2876 2886/887/2886 2887/884/2887 2877/948/2877
f 2877/948/2877 2887/884/2887 2888/880/2888 2878/945/2878
f 2878/945/2878 2888/880/2888 2889/875/2889 2879/942/2879
f 2879/942/2879 2889/875/2889 2890/870/2890 2880/939/2880
f 2880/939/2880 2890/870/2890 2891/865/2891 2881/936/2881
f 2882/905/2882 2892/854/2892 2893/851/2893 2883/900/2883
f 2883/900/2883 2893/851/2893 2894/848/2894 2884/896/2884
f 2884/896/2884 2894/848/2894 2895/845/2895 2885/892/2885
f 2885/892/2885 2895/845/2895 2896/842/2896 2886/887/2886
f 2886/887/2886 2896/842/2896 2897/840/2897 2887/884/2887
f 2887/884/2887 2897/840/2897 2898/837/2898 2888/880/2888
f 2888/880/2888 2898/837/2898 2899/834/2899 2889/875/2889
f 2889/875/2889 2899/834/2899 2900/831/2900 2890/870/2890
f 2890/870/2890 2900/831/2900 2901/828/2901 2891/865/2891
f 2892/854/2892 2902/797/2902 2903/792/2903 2893/851/2893
f 2893/851/2893 2903/792/2903 2904/788/2904 2894/848/2894
f 2894/848/2894 2904/788/2904 2905/784/2905 2895/845/2895
f 2895/845/2895 2905/784/2905 2906/779/2906 2896/842/2896
f 2896/842/2896 2906/779/2906 2907/776/2907 2897/840/2897
f 2897/840/2897 2907/776/2907 2908/772/2908 2898/837/2898
f 2898/837/2898 2908/772/2908 2909/767/2909 2899/834/2899
f 2899/834/2899 2909/767/2909 2910/762/2910 2900/831/2900
f 2900/831/2900 2910/762/2910 2911/757/2911 2901/828/2901
f 2902/797/2902 2912/746/2912 2913/743/2913 2903/792/2903
f 2903/792/2903 2913/743/2913 2914/740/2914 2904/788/2904
f 2904/788/2904 2914/740/2914 2915/737/2915 2905/784/2905
f 2905/784/2905 2915/737/2915 2916/734/2916 2906/779/2906
f 2906/779/2906 2916/734/2916 2917/732/2917 2907/776/2907
f 2907/776/2907 2917/732/2917 2918/729/2918 2908/772/2908
f 2908/772/2908 2918/729/2918 2919/726/2919 2909/767/2909
f 2909/767/2909 2919/726/2919 2920/723/2920 2910/762/2910
f 2910/762/2910 2920/723/2920 2921/720/2921 2911/757/2911
f 2912/746/2912 2922/689/2922 2923/684/2923 2913/743/2913
f 2913/743/2913 2923/684/2923 2924/680/2924 2914/740/2914
f 2914/740/2914 2924/680/2924 2925/676/2925 2915/737/2915
f 2915/737/2915 2925/676/2925 2926/671/2926 2916/734/2916
f 2916/734/2916 2926/671/2926 2927/668/2927 2917/732/2917
f 2917/732/2917 2927/668/2927 2928/664/2928 2918/729/2918
f 2918/729/2918 2928/664/2928 2929/659/2929 2919/726/2919
f 2919/726/2919 2929/659/2929 2930/654/2930 2920/723/2920
f 2920/723/2920 2930/654/2930 2931/649/2931 2921/720/2921
f 2922/689/2922 2932/638/2932 2933/635/2933 2923/684/2923
f 2923/684/2923 2933/635/2933 2934/632/2934 2924/680/2924
f 2924/680/2924 2934/632/2934 2935/629/2935 2925/676/2925
f 2925/676/2925 2935/629/2935 2936/626/2936 2926/671/2926
f 2926/671/2926 2936/626/2936 2937/624/2937 2927/668/2927
f 2927/668/2927 2937/624/2937 2938/621/2938 2928/664/2928
f 2928/664/2928 2938/621/2938 2939/618/2939 2929/659/2929
f 2929/659/2929 2939/618/2939 2940/615/2940 2930/654/2930
f 2930/654/2930 2940/615/2940 2941/612/2941 2931/649/2931
f 2932/638/2932 2942/581/2942 2943/576/2943 2933/635/2933
f 2933/635/2933 2943/576/2943 2944/572/2944 2934/632/2934
f 2934/632/2934 2944/572/2944 2945/568/2945 2935/629/2935
f 2935/629/2935 2945/568/2945 2946/563/2946 2936/626/2936
f 2936/626/2936 2946/563/2946 2947/560/2947 2937/624/2937
f 2937/624/2937 2947/560/2947 2948/556/2948 2938/621/2938
f 2938/621/2938 2948/556/2948 2949/551/2949 2939/618/2939
f 2939/618/2939 2949/551/2949 2950/546/2950 2940/615/2940
f 2940/615/2940 2950/546/2950 2951/541/2951 2941/612/2941
f 2942/581/2942 2952/530/2952 2953/527/2953 2943/576/2943
f 2943/576/2943 2953/527/2953 2954/524/2954 2944/572/2944
f 2944/572/2944 2954/524/2954 2955/521/2955 2945/568/2945
f 2945/568/2945 2955/521/2955 2956/518/2956 2946/563/2946
f 2946/563/2946 2956/518/2956 2957/516/2957 2947/560/2947
f 2947/560/2947 2957/516/2957 2958/513/2958 2948/556/2948
f 2948/556/2948 2958/513/2958 2959/510/2959 2949/551/2949
f 2949/551/2949 2959/510/2959 2960/507/2960 2950/546/2950
f 2950/546/2950 2960/507/2960 2961/504/2961 2951/541/2951
f 2952/530/2952 2962/473/2962 2963/468/2963 2953/527/2953
f 2953/527/2953 2963/468/2963 2964/464/2964 2954/524/2954
f 2954/524/2954 2964/464/2964 2965/460/2965 2955/521/2955
f 2955/521/2955 2965/460/2965 2966/455/2966 2956/518/2956
f 2956/518/2956 2966/455/2966 2967/452/2967 2957/516/2957
f 2957/516/2957 2967/452/2967 2968/448/2968 2958/513/2958
f 2958/513/2958 2968/448/2968 2969/443/2969 2959/510/2959
f 2959/510/2959 2969/443/2969 2970/438/2970 2960/507/2960
f 2960/507/2960 2970/438/2970 2971/433/2971 2961/504/2961
f 2962/473/2962 2972/422/2972 2973/419/2973 2963/468/2963
f 2963/468/2963 2973/419/2973 2974/416/2974 2964/464/2964
f 2964/464/2964 2974/416/2974 2975/413/2975 2965/460/2965
f 2965/460/2965 2975/413/2975 2976/410/2976 2966/455/2966
f 2966/455/2966 2976/410/2976 2977/408/2977 2967/452/2967
f 2967/452/2967 2977/408/2977 2978/405/2978 2968/448/2968
f 2968/448/2968 2978/405/2978 2979/402/2979 2969/443/2969
f 2969/443/2969 2979/402/2979 2980/399/2980 2970/438/2970
f 2970/438/2970 2980/399/2980 2981/396/2981 2971/433/2971
f 2972/422/2972 2982/365/2982 2983/360/2983 2973/419/2973
f 2973/419/2973 2983/360/2983 2984/356/2984 2974/416/2974
f 2974/416/2974 2984/356/2984 2985/352/2985 2975/413/2975
f 2975/413/2975 2985/352/2985 2986/347/2986 2976/410/2976
f 2976/410/2976 2986/347/2986 2987/344/2987 2977/408/2977
f 2977/408/2977 2987/344/2987 2988/340/2988 2978/405/2978
f 2978/405/2978 2988/340/2988 2989/335/2989 2979/402/2979
f 2979/402/2979 2989/335/2989 2990/330/2990 2980/399/2980
f 2980/399/2980 2990/330/2990 2991/325/2991 2981/396/2981
f 2982/365/2982 2992/314/2992 2993/311/2993 2983/360/2983
f 2983/360/2983 2993/311/2993 2994/308/2994 2984/356/2984
f 2984/356/2984 2994/308/2994 2995/305/2995 2985/352/2985
f 2985/352/2985 2995/305/2995 2996/302/2996 2986/347/2986
f 2986/347/2986 2996/302/2996 2997/300/2997 2987/344/2987
f 2987/344/2987 2997/300/2997 2998/297/2998 2988/340/2988
f 2988/340/2988 2998/297/2998 2999/294/2999 2989/335/2989
f 2989/335/2989 2999/294/2999 3000/291/3000 2990/330/2990
f 2990/330/2990 3000/291/3000 3001/288/3001 2991/325/2991
f 2992/314/2992 3002/257/3002 3003/252/3003 2993/311/2993
f 2993/311/2993 3003/252/3003 3004/248/3004 2994/308/2994
f 2994/308/2994 3004/248/3004 3005/244/3005 2995/305/2995
f 2995/305/2995 3005/244/3005 3006/239/3006 2996/302/2996
f 2996/302/2996 3006/239/3006 3007/236/3007 2997/300/2997
f 2997/300/2997 3007/236/3007 3008/232/3008 2998/297/2998
f 2998/297/2998 3008/232/3008 3009/227/3009 2999/294/2999
f 2999/294/2999 3009/227/3009 3010/222/3010 3000/291/3000
f 3000/291/3000 3010/222/3010 3011/217/3011 3001/288/3001
f 3002/257/3002 3012/206/3012 3013/203/3013 3003/252/3003
f 3003/252/3003 3013/203/3013 3014/200/3014 3004/248/3004
f 3004/248/3004 3014/200/3014 3015/197/3015 3005/244/3005
f 3005/244/3005 3015/197/3015 3016/194/3016 3006/239/3006
f 3006/239/3006 3016/194/3016 3017/192/3017 3007/236/3007
f 3007/236/3007 3017/192/3017 3018/189/3018 3008/232/3008
f 3008/232/3008 3018/189/3018 3019/186/3019 3009/227/3009
f 3009/227/3009 3019/186/3019 3020/183/3020 3010/222/3010
f 3010/222/3010 3020/183/3020 3021/180/3021 3011/217/3011
f 3012/206/3012 3022/149/3022 3023/144/3023 3013/203/3013
f 3013/203/3013 3023/144/3023 3024/140/3024 3014/200/3014
f 3014/200/3014 3024/140/3024 3025/136/3025 3015/197/3015
f 3015/197/3015 3025/136/3025 3026/131/3026 3016/194/3016
f 3016/194/3016 3026/131/3026 3027/128/3027 3017/192/3017
f 3017/192/3017 3027/128/3027 3028/124/3028 3018/189/3018
f 3018/189/3018 3028/124/3028 3029/119/3029 3019/186/3019
f 3019/186/3019 3029/119/3029 3030/114/3030 3020/183/3020
f 3020/183/3020 3030/114/3030 3031/109/3031 3021/180/3021
f 3022/149/3022 3032/98/3032 3033/95/3033 3023/144/3023
f 3023/144/3023 3033/95/3033 3034/92/3034 3024/140/3024
f 3024/140/3024 3034/92/3034 3035/89/3035 3025/136/3025
f 3025/136/3025 3035/89/3035 3036/86/3036 3026/131/3026
f 3026/131/3026 3036/86/3036 3037/84/3037 3027/128/3027
f 3027/128/3027 3037/84/3037 3038/81/3038 3028/124/3028
f 3028/124/3028 3038/81/3038 3039/78/3039 3029/119/3029
f 3029/119/3029 3039/78/3039 3040/75/3040 3030/114/3030
f 3030/114/3030 3040/75/3040 3041/72/3041 3031/109/3031
f 3032/98/3032 3042/41/3042 3043/36/3043 3033/95/3033
f 3033/95/3033 3043/36/3043 3044/32/3044 3034/92/3034
f 3034/92/3034 3044/32/3044 3045/28/3045 3035/89/3035
f 3035/89/3035 3045/28/3045 3046/23/3046 3036/86/3036
f 3036/86/3036 3046/23/3046 3047/20/3047 3037/84/3037
f 3037/84/3037 3047/20/3047 3048/16/3048 3038/81/3038
f 3038/81/3038 3048/16/3048 3049/11/3049 3039/78/3039
f 3039/78/3039 3049/11/3049 3050/6/3050 3040/75/3040
f 3040/75/3040 3050/6/3050 3051/1/3051 3041/72/3041
f 3042/1121/3042 3052/1070/3052 3053/1067/3053 3043/1116/3043
f 3043/1116/3043 3053/1067/3053 3054/1064/3054 3044/1112/3044
f 3044/1112/3044 3054/1064/3054 3055/1061/3055 3045/1108/3045
f 3045/1108/3045 3055/1061/3055 3056/1058/3056 3046/1103/3046
f 3046/1103/3046 3056/1058/3056 3057/1056/3057 3047/1100/3047
f 3047/1100/3047 3057/1056/3057 3058/1053/3058 3048/1096/3048
f 3048/1096/3048 3058/1053/3058 3059/1050/3059 3049/1091/3049
f 3049/1091/3049 3059/1050/3059 3060/1047/3060 3050/1086/3050
f 3050/1086/3050 3060/1047/3060 3061/1044/3061 3051/1081/3051
f 3052/1070/3052 3062/1013/3062 3063/1008/3063 3053/1067/3053
f 3053/1067/3053 3063/1008/3063 3064/1004/3064 3054/1064/3054
f 3054/1064/3054 3064/1004/3064 3065/1000/3065 3055/1061/3055
f 3055/1061/3055 3065/1000/3065 3066/995/3066 3056/1058/3056
f 3056/1058/3056 3066/995/3066 3067/992/3067 3057/1056/3057
f 3057/1056/3057 3067/992/3067 3068/988/3068 3058/1053/3058
f 3058/1053/3058 3068/988/3068 3069/983/3069 3059/1050/3059
f 3059/1050/3059 3069/983/3069 3070/978/3070 3060/1047/3060
f 3060/1047/3060 3070/978/3070 3071/973/3071 3061/1044/3061
f 3062/1013/3062 3072/962/3072 3073/959/3073 3063/1008/3063
f 3063/1008/3063 3073/959/3073 3074/956/3074 3064/1004/3064
f 3064/1004/3064 3074/956/3074 3075/953/3075 3065/1000/3065
f 3065/1000/3065 3075/953/3075 3076/950/3076 3066/995/3066
f 3066/995/3066 3076/950/3076 3077/948/3077 3067/992/3067
f 3067/992/3067 3077/948/3077 3078/945/3078 3068/988/3068
f 3068/988/3068 3078/945/3078 3079/942/3079 3069/983/3069
f 3069/983/3069 3079/942/3079 3080/939/3080 3070/978/3070
f 3070/978/3070 3080/939/3080 3081/936/3081 3071/973/3071
f 3072/962/3072 3082/905/3082 3083/900/3083 3073/959/3073
f 3073/959/3073 3083/900/3083 3084/896/3084 3074/956/3074
f 3074/956/3074 3084/896/3084 3085/892/3085 3075/953/3075
f 3075/953/3075 3085/892/3085 3086/887/3086 3076/950/3076
f 3076/950/3076 3086/887/3086 3087/884/3087 3077/948/3077
f 3077/948/3077 3087/884/3087 3088/880/3088 3078/945/3078
f 3078/945/3078 3088/880/3088 3089/875/3089 3079/942/3079
f 3079/942/3079 3089/875/3089 3090/870/3090 3080/939/3080
f 3080/939/3080 3090/870/3090 3091/865/3091 3081/936/3081
f 3082/905/3082 3092/854/3092 3093/851/3093 3083/900/3083
f 3083/900/3083 3093/851/3093 3094/848/3094 3084/896/3084
f 3084/896/3084 3094/848/3094 3095/845/3095 3085/892/3085
f 3085/892/3085 3095/845/3095 3096/842/3096 3086/887/3086
f 3086/887/3086 3096/842/3096 3097/840/3097 3087/884/3087
f 3087/884/3087 3097/840/3097 3098/837/3098 3088/880/3088
f 3088/880/3088 3098/837/3098 3099/834/3099 3089/875/3089
f 3089/875/3089 3099/834/3099 3100/831/3100 3090/870/3090
f 3090/870/3090 3100/831/3100 3101/828/3101 3091/865/3091
f 3092/854/3092 3102/797/3102 3103/792/3103 3093/851/3093
f 3093/851/3093 3103/792/3103 3104/788/3104 3094/848/3094
f 3094/848/3094 3104/788/3104 3105/784/3105 3095/845/3095
f 3095/845/3095 3105/784/3105 3106/779/3106 3096/842/3096
f 3096/842/3096 3106/779/3106 3107/776/3107 3097/840/3097
f 3097/840/3097 3107/776/3107 3108/772/3108 3098/837/3098
f 3098/837/3098 3108/772/3108 3109/767/3109 3099/834/3099
f 3099/834/3099 3109/767/3109 3110/762/3110 3100/831/3100
f 3100/831/3100 3110/762/3110 3111/757/3111 3101/828/3101
f 3102/797/3102 3112/746/3112 3113/743/3113 3103/792/3103
f 3103/792/3103 3113/743/3113 3114/740/3114 3104/788/3104
f 3104/788/3104 3114/740/3114 3115/737/3115 3105/784/3105
f 3105/784/3105 3115/737/3115 3116/734/3116 3106/779/3106
f 3106/779/3106 3116/734/3116 3117/732/3117 3107/776/3107
f 3107/776/3107 3117/732/3117 3118/729/3118 3108/772/3108
f 3108/772/3108 3118/729/3118 3119/726/3119 3109/767/3109
f 3109/767/3109 3119/726/3119 3120/723/3120 3110/762/3110
f 3110/762/3110 3120/723/3120 3121/720/3121 3111/757/3111
f 3112/746/3112 3122/689/3122 3123/684/3123 3113/743/3113
f 3113/743/3113 3123/684/3123 3124/680/3124 3114/740/3114
f 3114/740/3114 3124/680/3124 3125/676/3125 3115/737/3115
f 3115/737/3115 3125/676/3125 3126/671/3126 3116/734/3116
f 3116/734/3116 3126/671/3126 3127/668/3127 3117/732/3117
f 3117/732/3117 3127/668/3127 3128/664/3128 3118/729/3118
f 3118/729/3118 3128/664/3128 3129/659/3129 3119/726/3119
f 3119/726/3119 3129/659/3129 3130/654/3130 3120/723/3120
f 3120/723/3120 3130/654/3130 3131/649/3131 3121/720/3121
f 3122/689/3122 3132/638/3132 3133/635/3133 3123/684/3123
f 3123/684/3123 3133/635/3133 3134/632/3134 3124/680/3124
f 3124/680/3124 3134/632/3134 3135/629/3135 3125/676/3125
f 3125/676/3125 3135/629/3135 3136/626/3136 3126/671/3126
f 3126/671/3126 3136/626/3136 3137/624/3137 3127/668/3127
f 3127/668/3127 3137/624/3137 3138/621/3138 3128/664/3128
f 3128/664/3128 3138/621/3138 3139/618/3139 3129/659/3129
f 3129/659/3129 3139/618/3139 3140/615/3140 3130/654/3130
f 3130/654/3130 3140/615/3140 3141/612/3141 3131/649/3131
f 3132/638/3132 3142/581/3142 3143/576/3143 3133/635/3133
f 3133/635/3133 3143/576/3143 3144/572/3144 3134/632/3134
f 3134/632/3134 3144/572/3144 3145/568/3145 3135/629/3135
f 3135/629/3135 3145/568/3145 3146/563/3146 3136/626/3136
f 3136/626/3136 3146/563/3146 3147/560/3147 3137/624/3137
f 3137/624/3137 3147/560/3147 3148/556/3148 3138/621/3138
f 3138/621/3138 3148/556/3148 3149/551/3149 3139/618/3139
f 3139/618/3139 3149/551/3149 3150/546/3150 3140/615/3140
f 3140/615/3140 3150/546/3150 3151/541/3151 3141/612/3141
f 3142/581/3142 3152/530/3152 3153/527/3153 3143/576/3143
f 3143/576/3143 3153/527/3153 3154/524/3154 3144/572/3144
f 3144/572/3144 3154/524/3154 3155/521/3155 3145/568/3145
f 3145/568/3145 3155/521/3155 3156/518/3156 3146/563/3146
f 3146/563/3146 3156/518/3156 3157/516/3157 3147/560/3147
f 3147/560/3147 3157/516/3157 3158/513/3158 3148/556/3148
f 3148/556/3148 3158/513/3158 3159/510/3159 3149/551/3149
f 3149/551/3149 3159/510/3159 3160/507/3160 3150/546/3150
f 3150/546/3150 3160/507/3160 3161/504/3161 3151/541/3151
f 3152/530/3152 3162/473/3162 3163/468/3163 3153/527/3153
f 3153/527/3153 3163/468/3163 3164/464/3164 3154/524/3154
f 3154/524/3154 3164/464/3164 3165/460/3165 3155/521/3155
f 3155/521/3155 3165/460/3165 3166/455/3166 3156/518/3156
f 3156/518/3156 3166/455/3166 3167/452/3167 3157/516/3157
f 3157/516/3157 3167/452/3167 3168/448/3168 3158/513/3158
f 3158/513/3158 3168/448/3168 3169/443/3169 3159/510/3159
f 3159/510/3159 3169/443/3169 3170/438/3170 3160/507/3160
f 3160/507/3160 3170/438/3170 3171/433/3171 3161/504/3161
f 3162/473/3162 3172/422/3172 3173/419/3173 3163/468/3163
f 3163/468/3163 3173/419/3173 3174/416/3174 3164/464/3164
f 3164/464/3164 3174/416/3174 3175/413/3175 3165/460/3165
f 3165/460/3165 3175/413/3175 3176/410/3176 3166/455/3166
f 3166/455/3166 3176/410/3176 3177/408/3177 3167/452/3167
f 3167/452/3167 3177/408/3177 3178/405/3178 3168/448/3168
f 3168/448/3168 3178/405/3178 3179/402/3179 3169/443/3169
f 3169/443/3169 3179/402/3179 3180/399/3180 3170/438/3170
f 3170/438/3170 3180/399/3180 3181/396/3181 3171/433/3171
f 3172/422/3172 3182/365/3182 3183/360/3183 3173/419/3173
f 3173/419/3173 3183/360/3183 3184/356/3184 3174/416/3174
f 3174/416/3174 3184/356/3184 3185/352/3185 3175/413/3175
f 3175/413/3175 3185/352/3185 3186/347/3186 3176/410/3176
f 3176/410/3176 3186/347/3186 3187/344/3187 3177/408/3177
f 3177/408/3177 3187/344/3187 3188/340/3188 3178/405/3178
f 3178/405/3178 3188/340/3188 3189/335/3189 3179/402/3179
f 3179/402/3179 3189/335/3189 3190/330/3190 3180/399/3180
f 3180/399/3180 3190/330/3190 3191/325/3191 3181/396/3181
f 3182/365/3182 3192/314/3192 3193/311/3193 3183/360/3183
f 3183/360/3183 3193/311/3193 3194/308/3194 3184/356/3184
f 3184/356/3184 3194/308/3194 3195/305/3195 3185/352/3185
f 3185/352/3185 3195/305/3195 3196/302/3196 3186/347/3186
f 3186/347/3186 3196/302/3196 3197/300/3197 3187/344/3187
f 3187/344/3187 3197/300/3197 3198/297/3198 3188/340/3188
f 3188/340/3188 3198/297/3198 3199/294/3199 3189/335/3189
f 3189/335/3189 3199/294/3199 3200/291/3200 3190/330/3190
f 3190/330/3190 3200/291/3200 3201/288/3201 3191/325/3191
f 3192/314/3192 3202/257/3202 3203/252/3203 3193/311/3193
f 3193/311/3193 3203/252/3203 3204/248/3204 3194/308/3194
f 3194/308/3194 3204/248/3204 3205/244/3205 3195/305/3195
f 3195/305/3195 3205/244/3205 3206/239/3206 3196/302/3196
f 3196/302/3196 3206/239/3206 3207/236/3207 3197/300/3197
f 3197/300/3197 3207/236/3207 3208/232/3208 3198/297/3198
f 3198/297/3198 3208/232/3208 3209/227/3209 3199/294/3199
f 3199/294/3199 3209/227/3209 3210/222/3210 3200/291/3200
f 3200/291/3200 3210/222/3210 3211/217/3211 3201/288/3201
f 3202/257/3202 3212/206/3212 3213/203/3213 3203/252/3203
f 3203/252/3203 3213/203/3213 3214/200/3214 3204/248/3204
f 3204/248/3204 3214/200/3214 3215/197/3215 3205/244/3205
f 3205/244/3205 3215/197/3215 3216/194/3216 3206/239/3206
f 3206/239/3206 3216/194/3216 3217/192/3217 3207/236/3207
f 3207/236/3207 3217/192/3217 3218/189/3218 3208/232/3208
f 3208/232/3208 3218/189/3218 3219/186/3219 3209/227/3209
f 3209/227/3209 3219/186/3219 3220/183/3220 3210/222/3210
f 3210/222/3210 3220/183/3220 3221/180/3221 3211/217/3211
f 3212/206/3212 3222/149/3222 3223/144/3223 3213/203/3213
f 3213/203/3213 3223/144/3223 3224/140/3224 3214/200/3214
f 3214/200/3214 3224/140/3224 3225/136/3225 3215/197/3215
f 3215/197/3215 3225/136/3225 3226/131/3226 3216/194/3216
f 3216/194/3216 3226/131/3226 3227/128/3227 3217/192/3217
f 3217/192/3217 3227/128/3227 3228/124/3228 3218/189/3218
f 3218/189/3218 3228/124/3228 3229/119/3229 3219/186/3219
f 3219/186/3219 3229/119/3229 3230/114/3230 3220/183/3220
f 3220/183/3220 3230/114/3230 3231/109/3231 3221/180/3221
f 3222/149/3222 3232/98/3232 3233/95/3233 3223/144/3223
f 3223/144/3223 3233/95/3233 3234/92/3234 3224/140/3224
f 3224/140/3224 3234/92/3234 3235/89/3235 3225/136/3225
f 3225/136/3225 3235/89/3235 3236/86/3236 3226/131/3226
f 3226/131/3226 3236/86/3236 3237/84/3237 3227/128/3227
f 3227/128/3227 3237/84/3237 3238/81/3238 3228/124/3228
f 3228/124/3228 3238/81/3238 3239/78/3239 3229/119/3229
f 3229/119/3229 3239/78/3239 3240/75/3240 3230/114/3230
f 3230/114/3230 3240/75/3240 3241/72/3241 3231/109/3231
